50音順,「ことばリスト」順,見出し,読み,アクセント,"ローマ字
（「入門」のみ）",英訳,品詞,部,課,活動
652,1,おはよう（ございます）,おはよう（ございます）,おはよう（ございま↓す）,ohayoo (gozaimasu),Good morning.,Exp,入門,1,1
1499,2,こんにちは,こんにちは,こんにちは○,konnichiwa,Good afternoon.,Exp,入門,1,1
1502,3,こんばんは,こんばんは,こんばんは○,konbanwa,Good evening.,Exp,入門,1,1
541,7,お先に失礼します,おさきにしつれいします,おさきにしつ↓れいします,osaki ni shitsureeshimasu,Goodbye. (I'll take my leave before you.),Exp,入門,1,2
595,8,お疲れさま（でした）,おつかれさま（でした）,おつかれさま（で↓した）,otsukaresama (deshita),Goodbye. (Thank you for your hard work.),Exp,入門,1,2
695,5,おやすみ（なさい）,おやすみ（なさい）,おやすみ（なさい）○,oyasumi (nasai),Good night. ,Exp,入門,1,2
1685,6,失礼します,しつれいします,しつ↓れいします,shitsureeshimasu,Goodbye.,Exp,入門,1,2
1724,4,じゃあ、また,じゃあ、また,じゃ↓あ、また○,"jaa, mata",See you later.,Exp,入門,1,2
120,10,あめ,あめ,あめ○,ame,candy,N,入門,1,3
128,12,ありがとうございます,ありがとうございます,あり↓がとうございます,arigatoo gozaimasu,Thank you.,Exp,入門,1,3
157,18,いいえ,いいえ,いいえ○,iie,You're welcome.,Exp,入門,1,3
197,22,痛い！,いたい！,いた↓い！,itai !,Ouch！,Exp,入門,1,3
621,16,落としましたよ,おとしましたよ,おとしま↓したよ,otoshimashita yo,You dropped this.,Exp,入門,1,3
1461,21,ごめん,ごめん,ごめん○,gomen,Sorry.,Exp,入門,1,3
1473,9,これ,これ,これ○,kore,this,N,入門,1,3
2074,13,すみません,すみません,すみませ↓ん,sumimasen,Thank you.,Exp,入門,1,3
2075,20,すみません,すみません,すみませ↓ん,sumimasen,I'm sorry.,Exp,入門,1,3
2712,17,どうぞ,どうぞ,ど↓うぞ,doozo,Here you go.,Exp,入門,1,3
2726,15,どうも,どうも,ど↓うも,doomo,Thanks.,Exp,入門,1,3
2727,14,（どうも）ありがとう,（どうも）ありがとう,（ど↓うも）　あり↓がとう,(doomo) arigatoo,Thank you very much.,Exp,入門,1,3
3532,11,プレゼント,プレゼント,プレ↓ゼント,purezento,present,N,入門,1,3
4206,19,わあ,わあ,わあ○,waa,Oh! (expresses surprise),Exp,入門,1,3
674,23,おめでとうございます,おめでとうございます,おめでとうございま↓す,omedetoo gozaimasu,Congratulations.,Exp,入門,1,4
4216,24,わかりました,わかりました,わかりま↓した,wakarimashita,I understand.,Exp,入門,1,4
205,40,1,いち,いち↓,ichi,one,N,入門,2,1
239,35,言ってください,いってください,いってくださ↓い,itte kudasai,Please say ～.,Exp,入門,2,1
648,34,お願いします,おねがいします,おねがいしま↓す,onegaishimasu,Please. ,Exp,入門,2,1
764,37,書いてください,かいてください,か↓いてくださ↓い,kaite kudasai,Please write ～.,Exp,入門,2,1
1073,48,9,きゅう,きゅ↓う,kyuu,nine,N,入門,2,1
1282,44,5,ご,ご↓,go,five,N,入門,2,1
1367,30,ここ,ここ,ここ○,koko,here,N,入門,2,1
1532,29,在留カード,ざいりゅうカード,ざいりゅうカ↓ード,zairyuu-kaado,residence card,N,入門,2,1
1586,42,3,さん,さん○,san,three,N,入門,2,1
1744,49,10,じゅう,じゅ↓う,juu,ten,N,入門,2,1
2143,39,0,ゼロ,ゼ↓ロ,zero,zero,N,入門,2,1
2882,46,7,なな,な↓な,nana,seven,N,入門,2,1
2902,31,名前,なまえ,なまえ○,namae,name,N,入門,2,1
2939,41,2,に,に↓,ni,two,N,入門,2,1
3215,47,8,はち,はち↓,hachi,eight,N,入門,2,1
3571,32,部屋,へや,へや↓,heya,room,N,入門,2,1
3779,36,見せてください,みせてください,み↓せてくださ↓い,misete kudasai,Please show me ～.,Exp,入門,2,1
3871,26,もういちど,もういちど,もういちど○,moo ichido,once more,,入門,2,1
3884,27,もう少し,もうすこし,もうすこ↓し,moo sukoshi,a little.,,入門,2,1
4013,28,ゆっくり,ゆっくり,ゆっく↓り,yukkuri,slowly,,入門,2,1
4044,25,よく,よく,よ↓く,yoku,(not) really,,入門,2,1
4079,43,4,よん,よ↓ん,yon,four,N,入門,2,1
4188,45,6,ろく,ろく↓,roku,six,N,入門,2,1
4217,38,わかりました,わかりました,わかりま↓した,wakarimashita,I understand.,Exp,入門,2,1
4220,33,わかりません,わかりません,わかりませ↓ん,wakarimasen,I do not understand.,Exp,入門,2,1
106,63,あのう,あのう,あのう○,anoo,Um… (used when the speaker wants to start talking to someone),Exp,入門,2,2
302,53,インドネシア語,インドネシアご,インドネシアご○,indoneshiago,Indonesian language,N,入門,2,2
397,51,英語,えいご,えいご○,eego,English language,N,入門,2,2
507,56,お客さん,おきゃくさん,おきゃくさん○,okyakusan,customer (used to address a customer if their name isn't known),N,入門,2,2
1723,62,じゃあ,じゃあ,じゃ↓あ,jaa,Well then…,Exp,入門,2,2
2017,55,少し,すこし,すこ↓し,sukoshi,a little / a few,,入門,2,2
2462,52,中国語,ちゅうごくご,ちゅうごくご○,chuugokugo,Chinese language,N,入門,2,2
2595,59,できます,できます,できま↓す,dekimasu,I can speak / understand it.,Exp,入門,2,2
2596,58,できますか？,できますか？,できま↓すか？,dekimasu ka?,Can you speak it?,Exp,入門,2,2
3008,50,日本語,にほんご,にほんご○,nihongo,Japanese language,N,入門,2,2
3144,54,はい,はい,は↓い,hai,yes,,入門,2,2
3148,61,はい、どうぞ,はい、どうぞ,はい○、ど↓うぞ,"hai, doozo",Here you go.,Exp,入門,2,2
4218,60,わかります,わかります,わかりま↓す,wakarimasu,I understand.,Exp,入門,2,2
4219,57,わかりますか？,わかりますか？,わかりま↓すか？,wakarimasu ka?,Do you understand?,Exp,入門,2,2
380,73,え？,え?,え↓?,e?,Huh? / What? / Pardon?,Exp,入門,2,3
723,70,蚊,か,か○,ka,mosquito,N,入門,2,3
821,67,傘,かさ,か↓さ,kasa,umbrella,N,入門,2,3
1243,66,消しゴム,けしゴム,けしゴム○,keshigomu,eraser,N,入門,2,3
2070,68,スマホ,スマホ,スマホ○,sumaho,smartphone,N,入門,2,3
2197,74,そうそう,そうそう,そ↓う　そ↓う,soo soo,That's right.,Exp,入門,2,3
2918,65,何,なん,な↓ん,nan,what,N,入門,2,3
2928,71,何ですか？,なんですか？,な↓んですか？,nan desu ka?,What is it?,Exp,入門,2,3
2930,72,何と言いますか？,なんといいますか？,な↓んといいま↓すか？,nan to iimasu ka?,What do you call it?,Exp,入門,2,3
3014,64,日本語で,にほんごで,にほんごで○,nihongo de,in Japanese,,入門,2,3
3864,69,免許証,めんきょしょう,めんきょしょう○／めんきょ↓しょう,menkyoshoo,license,N,入門,2,3
938,79,～から来ました,～からきました,～からきま↓した,～kara kimashita,came　from ～,,入門,3,1
972,76,韓国,かんこく,か↓んこく,Kankoku,South Korea,N,入門,3,1
1208,80,来る／来ます,くる／きます,く↓る／きま↓す,kuru / kimas,to come,V［3］,入門,3,1
2266,77,タイ,タイ,タ↓イ,Tai,Thailand,N,入門,3,1
2714,83,（どうぞ）よろしくお願いします,（どうぞ）よろしくおねがいします,（ど↓うぞ）　よろしくおねがいしま↓す,(doozo) yoroshiku onegaishimasu,Nice to meet you.,Exp,入門,3,1
3192,82,はじめまして,はじめまして,はじめま↓して,hajimemashite,Hello. (said when meeting someone for the first time),Exp,入門,3,1
3510,78,ブラジル,ブラジル,ブラジル○,Burajiru,Brazil,N,入門,3,1
3808,75,ミャンマー,ミャンマー,ミャ↓ンマー,Myanmaa,Myanmar,N,入門,3,1
4234,81,私,わたし,わたし○,watashi,I / myself,N,入門,3,1
301,84,インドネシア,インドネシア,インドネ↓シア,Indoneshia,Indonesia,N,入門,3,2
404,97,えーと,えーと,えーと○,eeto,Er… (expresses that the speaker is thinking),Exp,入門,3,3
639,95,同じ,おなじ,おなじ○,onaji,same,,入門,3,3
754,96,会社,かいしゃ,かいしゃ○,kaisha,company,N,入門,3,3
943,100,～からですか？,～からですか？,～から↓ですか？,～kara desu ka?,Are you from ～?,Exp,入門,3,3
997,92,カンボジア,カンボジア,カンボジア○,Kanbojia,Cambodia,N,入門,3,3
1185,89,国／お国,くに／おくに,くに○／おくに○,kuni / okuni,country /  (your) country,N,入門,3,3
1819,86,出身／ご出身,しゅっしん／ごしゅっしん,しゅっしん○／ごしゅっしん○,shusshin / goshusshin,hometown / (your) hometown,N,入門,3,3
2206,98,そうですか,そうですか,そ↓うですか,soo desu ka,I see. (indicates that the speaker has understood what the other person is saying),Exp,入門,3,3
2763,90,どちら,どちら,ど↓ちら,dochira  ,where (polite expression),N,入門,3,3
2764,99,どちらからですか？,どちらからですか？,ど↓ちらから↓ですか？,dochira kara desu ka?,Where are you from?,Exp,入門,3,3
2802,94,友だち,ともだち,ともだち○,tomodachi,friend,N,入門,3,3
2903,85,名前／お名前 ,なまえ／おなまえ,なまえ○／おなまえ○,namae / onamae,name,N,入門,3,3
3260,88,ハノイ,ハノイ,ハ↓ノイ,Hanoi,Hanoi,N,入門,3,3
3451,91,フエ,フエ,フ↓エ,Fue,Hue,N,入門,3,3
3568,87,ベトナム,ベトナム,ベトナム○,Betonamu,Vietnam,N,入門,3,3
3800,93,みなさん,みなさん,みな↓さん,minasan,all of you,N,入門,3,3
864,105,～月　（12月）,～がつ　（じゅうにがつ）,～がつ　（じゅうにがつ○）,～gatsu　(juuni-gatsu),month of the year　(e.g. 12th month = December),,入門,3,4
1364,101,国籍,こくせき,こくせき○,kokuseki,nationality,N,入門,3,4
1772,107,住所,じゅうしょ,じゅ↓うしょ,juusho,address,N,入門,3,4
2100,102,生年月日,せいねんがっぴ,せいねんが↓っぴ,seenengappi,date of birth,N,入門,3,4
2105,103,西暦,せいれき,せいれき○,seereki,Gregorian calendar,N,入門,3,4
2673,108,電話番号,でんわばんごう,でんわば↓んごう,denwa-bangoo,telephone number,N,入門,3,4
2987,106,～日,～にち,～にち,～nichi,day of the month,,入門,3,4
3080,104,～年,～ねん,～ねん,～nen,year,,入門,3,4
3857,109,メール,メール,メール○,meeru,email,N,入門,3,4
3875,110,申込書,もうしこみしょ,もうしこみしょ○,mooshikomisho,application form,N,入門,3,4
100,113,兄,あに,あ↓に,ani,(my) elder brother,N,入門,4,1
104,114,姉,あね,あね○,ane,(my) elder sister,N,入門,4,1
138,123,あれ？,あれ？,あれ？○,are?,Oh? (expresses surprise),Exp,入門,4,1
269,116,妹,いもうと,いもうと↓,imooto,(my) younger sister,N,入門,4,1
599,117,夫,おっと,おっと○,otto,(my) husband,N,入門,4,1
613,115,弟,おとうと,おとうと↓,otooto,(my) younger brother,N,入門,4,1
1402,122,こちら,こちら,こちら○,kochira,this is (used when introducing someone),N,入門,4,1
1420,119,子ども,こども,こども○,kodomo,child,N,入門,4,1
1849,124,紹介します,しょうかいします,しょうかいしま↓す,shookai-shimasu,I will introduce you.,Exp,入門,4,1
1850,121,紹介する,しょうかいする,しょうかいする○,shookai-suru,to introduce,V［3］,入門,4,1
2157,120,～先生,～せんせい,～せんせ↓い,～sensee,～ sensee (suffix for teacher),N,入門,4,1
2447,111,父,ちち,ち↓ち,chichi,(my) father,N,入門,4,1
2552,118,妻,つま,つ↓ま,tsuma,(my) wife,N,入門,4,1
2713,125,（どうぞ）よろしく,（どうぞ）よろしく,（ど↓うぞ）　よろしく○,(doozo) yoroshiku,I look forward to getting to know you.,Exp,入門,4,1
3261,112,母,はは,は↓は,haha,(my) mother,N,入門,4,1
181,130,いくつ,いくつ,い↓くつ,ikutsu,how old (asking age),N,入門,4,2
347,126,うちの,うちの,うちの○,uchi no,my / our,,入門,4,2
851,127,家族／ご家族,かぞく／ごかぞく,か↓ぞく／ごか↓ぞく,kazoku / gokazoku,family / (your) family,N,入門,4,2
1085,153,90,きゅうじゅう,きゅ↓うじゅう,kyuujuu,ninety,N,入門,4,2
1381,149,50,ごじゅう,ごじゅ↓う,gojuu,fifty,N,入門,4,2
1510,131,～歳,～さい,～さい,～sai,～ years old,,入門,4,2
1598,147,30,さんじゅう,さ↓んじゅう,sanjuu,thirty,N,入門,4,2
1745,137,11,じゅういち,じゅういち↓,juu-ichi,eleven,N,入門,4,2
1754,145,19,じゅうきゅう,じゅうきゅ↓う,juu-kyuu,nineteen,N,入門,4,2
1758,141,15,じゅうご,じゅうご↓,juu-go,fifteen,N,入門,4,2
1764,139,13,じゅうさん,じゅうさ↓ん,juu-san,thirteen,N,入門,4,2
1783,143,17,じゅうなな,じゅうな↓な,juu-nana,seventeen,N,入門,4,2
1784,138,12,じゅうに,じゅうに↓,juu-ni,twelve,N,入門,4,2
1792,144,18,じゅうはち,じゅうはち↓,juu-hachi,eighteen,N,入門,4,2
1804,140,14,じゅうよん,じゅうよ↓ん,juu-yon,fourteen,N,入門,4,2
1806,142,16,じゅうろく,じゅうろく↓,juu-roku,sixteen,N,入門,4,2
2078,134,住む,すむ,す↓む,sumu,to live,V［1］,入門,4,2
2086,133,住んでいます,すんでいます,す↓んでいま↓す,sunde imasu,live,,入門,4,2
2181,136,そう,そう,そ↓う,soo,I see. (a casual way of saying そうですか),Exp,入門,4,2
2247,128,それから,それから,それから○,sorekara,and then,,入門,4,2
2750,132,どこ,どこ,ど↓こ,doko,where,N,入門,4,2
2886,151,70,ななじゅう,なな↓じゅう,nanajuu,seventy,N,入門,4,2
2924,129,何歳,なんさい,な↓んさい,nan-sai,how old,N,入門,4,2
2967,146,20,にじゅう,に↓じゅう,nijuu,twenty,N,入門,4,2
2982,154,20歳,にじゅっさい／はたち,にじゅ↓っさい／は↓たち,nijussai / hatachi,twenty years old,N,入門,4,2
3222,152,80,はちじゅう,はちじゅ↓う,hachijuu,eighty,N,入門,4,2
3439,135,フィリピン,フィリピン,フィ↓リピン,Firipin,the Philippines,N,入門,4,2
4083,148,40,よんじゅう,よ↓んじゅう,yonjuu,forty,N,入門,4,2
4191,150,60,ろくじゅう,ろくじゅ↓う,rokujuu,sixty,N,入門,4,2
253,158,犬,いぬ,いぬ↓,inu,dog,N,入門,4,3
548,159,おじいさん,おじいさん,おじ↓いさん,ojiisan,old male ,N,入門,4,3
959,163,かわいいですね,かわいいですね,かわい↓いですね,kawaii desu ne,How cute!,Exp,入門,4,3
1289,155,恋人,こいびと,こいびと○,koibito,boyfriend / girlfriend,N,入門,4,3
2400,157,だれ,だれ,だ↓れ,dare,who,N,入門,4,3
2692,161,東京,とうきょう,とうきょう○,Tookyoo,Tokyo,N,入門,4,3
3007,160,日本,にほん,にほ↓ん,Nihon,Japan,N,入門,4,3
3554,162,へー,へー,へー○,hee,Oh. (expresses slight interest),Exp,入門,4,3
3560,156,ペット,ペット,ペ↓ット,petto,pet,N,入門,4,3
359,165,海,うみ,う↓み,umi,sea / ocean,N,入門,4,4
1521,167,最高,さいこう,さいこう○,saikoo,fantastic,N,入門,4,4
2406,164,誕生日,たんじょうび,たんじょ↓うび,tanjoobi,birthday,N,入門,4,4
2507,168,ツーショット,ツーショット,ツーショ↓ット,tsuushotto,a photograph of two people,N,入門,4,4
2639,166,天気／お天気,てんき／おてんき,て↓んき／おて↓んき,tenki / otenki,weather,N,入門,4,4
1539,169,魚,さかな,さかな○,sakana,fish,N,入門,5,1
2001,172,好きです,すきです,すき↓です,suki desu,I like it.,Exp,入門,5,1
2954,170,肉,にく,にく↓,niku,meat,N,入門,5,1
3957,171,野菜,やさい,やさい○,yasai,vegetable,N,入門,5,1
353,179,うどん,うどん,うどん○,udon,udon noodles,N,入門,5,2
364,182,梅干し,うめぼし,うめぼし○,umeboshi,umeboshi (pickled plum),N,入門,5,2
949,177,カレー,カレー,カレー○,karee,curry ,N,入門,5,2
1091,176,牛丼,ぎゅうどん,ぎゅうどん○,gyuudon,beef bowl,N,入門,5,2
1560,173,刺身,さしみ,さしみ↓,sashimi,sashimi (sliced raw fish),N,入門,5,2
2012,186,すごい！,すごい！,すご↓い！,sugoi !,Wow!,Exp,入門,5,2
2019,174,すし,すし,すし↓,sushi,sushi,N,入門,5,2
2237,180,そば,そば,そ↓ば,soba,soba noodles,N,入門,5,2
2287,188,だいじょうぶですか？,だいじょうぶですか？,だいじょ↓うぶですか？,daijoobu desu ka?,Is it okay?,Exp,入門,5,2
2382,184,食べ物,たべもの,たべも↓の／たべ↓もの,tabemono,food,N,入門,5,2
2663,175,天ぷら,てんぷら,てんぷら○,tenpura,tempura,N,入門,5,2
2877,181,納豆,なっとう,なっと↓う,nattoo,natto (fermented soybeans),N,入門,5,2
2895,185,何,なに,な↓に,nani,what,N,入門,5,2
4091,178,ラーメン,ラーメン,ラ↓ーメン,raamen,ramen noodles,N,入門,5,2
4225,183,わさび,わさび,わ↓さび,wasabi,wasabi (Japanese horseradish),N,入門,5,2
4237,187,～はちょっと…,～はちょっと…,～はちょ↓っと…,～wa chotto…,I don't really like ～.,Exp,入門,5,2
158,198,いえ／いいえ,いえ／いいえ,いえ○／いいえ○,ie / iie,no,,入門,5,3
170,200,いえ、けっこうです,いえ、けっこうです,いえ○、け↓っこうです,"ie, kekkoo desu","No, thank you.",Exp,入門,5,3
542,196,お酒,おさけ,おさけ○,osake,alcohol / sake,N,入門,5,3
588,191,お茶,おちゃ,おちゃ○,ocha,tea / Japanese tea,N,入門,5,3
649,201,～お願いします,～おねがいします,～おねがいしま↓す,～onegaishimasu,～ please.,Exp,入門,5,3
1314,190,紅茶,こうちゃ,こうちゃ○,koocha,black tea,N,入門,5,3
1348,189,コーヒー,コーヒー,コーヒ↓ー,koohii,coffee,N,入門,5,3
1351,194,コーラ,コーラ,コ↓ーラ,koora,cola,N,入門,5,3
1775,193,ジュース,ジュース,ジュ↓ース,juusu,juice,N,入門,5,3
3112,197,飲む／飲みます,のむ／のみます,の↓む／のみま↓す,nomu / nomimasu,to drink,V［1］,入門,5,3
3146,199,はい、お願いします,はい、おねがいします,は↓い、おねがいしま↓す,"hai, onegaishimasu","Yes, please.",Exp,入門,5,3
3326,195,ビール,ビール,ビ↓ール,biiru,beer,N,入門,5,3
3769,192,水,みず,みず○,mizu,water ,N,入門,5,3
51,216,朝ご飯,あさごはん,あさご↓はん,asa-gohan,breakfast,N,入門,5,4
117,219,あまり,あまり,あまり○,amari,rarely,,入門,5,4
247,217,いつも,いつも,い↓つも,itsumo,always,,入門,5,4
381,220,え～！,え～！,え～！○,ee!,Huh?! (expresses surprise),Exp,入門,5,4
710,213,オレンジジュース,オレンジジュース,オレンジジュ↓ース,orenji-juusu,orange juice,N,入門,5,4
1096,211,牛乳,ぎゅうにゅう,ぎゅうにゅう○,gyuunyuu,milk,N,入門,5,4
1172,207,果物,くだもの,くだ↓もの,kudamono,fruit,N,入門,5,4
1433,202,ご飯,ごはん,ご↓はん,gohan,cooked rice,N,入門,5,4
1581,208,サラダ,サラダ,サ↓ラダ,sarada,salad,N,入門,5,4
1936,206,シリアル,シリアル,シ↓リアル,shiriaru,cereal,N,入門,5,4
1991,210,スープ,スープ,ス↓ープ,suupu,soup,N,入門,5,4
2385,215,食べる／食べます,たべる／たべます,たべ↓る／たべま↓す,taberu / tabemasu,to eat,V［2］,入門,5,4
2387,204,卵,たまご,たま↓ご,tamago,egg,N,入門,5,4
2792,212,トマトジュース,トマトジュース,トマトジュ↓ース,tomato-juusu,tomato juice,N,入門,5,4
3287,203,パン,パン,パ↓ン,pan,bread,N,入門,5,4
3781,209,みそ汁,みそしる,みそし↓る,misoshiru,miso soup,N,入門,5,4
4037,205,ヨーグルト,ヨーグルト,ヨーグ↓ルト,yooguruto,yoghurt,N,入門,5,4
4045,218,よく,よく,よ↓く,yoku,often,,入門,5,4
4148,214,りんごジュース,りんごジュース,りんごジュ↓ース,ringo-juusu,apple juice,N,入門,5,4
200,222,いただきます,いただきます,いただきま↓す,itadakimasu,Thank you for the food ! (polite expression said before a meal),Exp,入門,5,5
1105,221,今日,きょう,きょ↓う,kyoo,today,N,入門,5,5
6,237,アイスクリーム,アイスクリーム,アイスクリ↓ーム,aisukuriimu,ice cream,N,入門,6,1
7,241,アイスコーヒー,アイスコーヒー,アイスコーヒ↓ー／アイスコ↓ーヒー,aisu-koohii,iced coffee,N,入門,6,1
90,238,アップルパイ,アップルパイ,アップル↓パイ,appurupai,apple pie,N,入門,6,1
310,242,ウーロン茶,ウーロンちゃ,ウーロ↓ンちゃ,uuroncha,oolong tea,N,入門,6,1
410,233,S,エス,エ↓ス,esu,small,N,入門,6,1
424,234,M,エム,エ↓ム,emu,medium,N,入門,6,1
428,235,L,エル,エ↓ル,eru,large,N,入門,6,1
1355,243,コカコーラ,コカコーラ,コカコ↓ーラ,koka-koora,Coca-Cola,N,入門,6,1
2126,231,セット,セット,セ↓ット,setto,set,N,入門,6,1
2374,225,ダブル,ダブル,ダ↓ブル,daburu,double,N,入門,6,1
2417,230,単品,たんぴん,たんぴん○,tanpin,single item,N,入門,6,1
2425,226,チーズ,チーズ,チ↓ーズ,chiizu,cheese,N,入門,6,1
2440,228,チキン,チキン,チ↓キン,chikin,chicken,N,入門,6,1
2605,236,デザート,デザート,デザ↓ート,dezaato,dessert,N,入門,6,1
2629,227,てりやき,てりやき,てりやき○,teriyaki,teriyaki,N,入門,6,1
2830,239,ドリンク,ドリンク,ドリ↓ンク／ドリンク○,dorinku,drink,N,入門,6,1
3133,224,～バーガー　（ダブルバーガー）,～バーガー  （ダブルバーガー）,～バ↓ーガー  （ダブルバ↓ーガー）,～baagaa　(daburu baagaa),～ burger　(e.g. double burger),N,入門,6,1
3305,223,ハンバーガー,ハンバーガー,ハンバ↓ーガー,hanbaagaa,hamburger,N,入門,6,1
3437,229,フィッシュ,フィッシュ,フィ↓ッシュ,fisshu,fish,N,入門,6,1
3509,232,フライドポテト,フライドポテト,フライドポ↓テト,furaido-poteto,French fries / fried potatoes,N,入門,6,1
3636,240,ホットコーヒー,ホットコーヒー,ホットコーヒ↓ー／ホットコ↓ーヒー,hotto-koohii,hot coffee,N,入門,6,1
276,248,いらっしゃいませ,いらっしゃいませ,いらっしゃいま↓せ,irasshaimase,Welcome.,Exp,入門,6,2
466,249,おうかがいします,おうかがいします,おうかがいしま↓す,oukagaishimasu,Can I take your order? (polite expression),Exp,入門,6,2
685,251,お持ち帰りですね,おもちかえりですね,おもちかえりで↓すね,omochikaeri desu ne,"That's to take out, right? (polite expression)",Exp,入門,6,2
1171,245,～ください,～ください,～くださ↓い,～kudasai,Give me ～.,Exp,入門,6,2
1372,247,ここで,ここで,ここで○,koko de,"Eat in, please.",Exp,入門,6,2
1406,250,こちらでおめしあがりですか？,こちらでおめしあがりですか？,こちらでおめしあがりで↓すか？,kochira de omeshiagari desu ka?,Would you like to eat in? (polite expression),Exp,入門,6,2
1526,244,サイズ,サイズ,サイズ○／サ↓イズ,saizu,size,N,入門,6,2
2576,246,テイクアウトで,テイクアウトで,テイクア↓ウトで,teikuauto de,"To takeout, please.",Exp,入門,6,2
2897,252,何になさいますか？,なにになさいますか？,な↓にになさいま↓すか？,nani ni nasaimasu ka?,What would you like? (polite expression),Exp,入門,6,2
313,254,うーん,うーん,うーん○,uun,Well...　(expresses that the speaker is not sure and is thinking),Exp,入門,6,3
452,257,おいしいです,おいしいです,おいし↓いです,oishii desu,It's delicious.,Exp,入門,6,3
1371,255,ここ、いいですか？,ここ、いいですか？,ここ○、い↓いですか？,"koko, ii desuka?",Can I sit here?,Exp,入門,6,3
2717,256,どうですか？,どうですか？,ど↓うですか？,doo desu ka?,How is it?,Exp,入門,6,3
2966,253,～にします,～にします,～にしま↓す,～ni shimasu,I'll have ～.,Exp,入門,6,3
93,289,あと,あと,あ↓と,ato,and / also,,入門,6,4
131,291,ある／あります,ある／あります,あ↓る／ありま↓す,aru / arimasu,to have,V［1］,入門,6,4
182,303,いくつ,いくつ,い↓くつ,ikutsu,how many (asking quantity),N,入門,6,4
237,298,5つ,いつつ,いつ↓つ,itsutsu,five (for things),N,入門,6,4
312,282,ウーロンハイ,ウーロンハイ,ウーロ↓ンハイ,uuronhai,oolong tea-flavored chu-hi,N,入門,6,4
417,261,枝豆,えだまめ,えだまめ○,edamame,edamame (green soybeans in the pod),N,入門,6,4
540,264,お魚,おさかな,おさかな○,osakana,fish,N,入門,6,4
552,306,おしぼり,おしぼり,おし↓ぼり,oshibori,wet hand towel,N,入門,6,4
600,273,おつまみ,おつまみ,おつ↓まみ,otsumami,snacks,N,入門,6,4
611,288,お問い合わせください,おといあわせください,おといあわせくださ↓い,otoiawase-kudasai,Please ask. (polite expression),Exp,入門,6,4
645,268,お肉,おにく,おに↓く,oniku,meat,N,入門,6,4
688,293,お持ちします,おもちします,おもちしま↓す,omochi-shimasu,I'll bring them to you. (polite expression used by staff),Exp,入門,6,4
930,259,唐揚げ,からあげ,からあげ○,karaage,deep-fried,N,入門,6,4
947,287,カルピス,カルピス,カ↓ルピス,karupisu,Calpis,N,入門,6,4
948,284,カルピスハイ,カルピスハイ,カルピス↓ハイ,karupisuhai,Calpis-flavored chu-hi,N,入門,6,4
1198,308,グラス,グラス,グラス○,gurasu,glass,N,入門,6,4
1250,304,ケチャップ,ケチャップ,ケチャ↓ップ／ケ↓チャップ,kechappu,ketchup,N,入門,6,4
1376,302,9つ,ここのつ,ここ↓のつ,kokonotsu,nine (for things),N,入門,6,4
1522,270,サイコロステーキ,サイコロステーキ,サイコロステ↓ーキ,saikoro-suteeki,diced steak,N,入門,6,4
1561,258,刺身,さしみ,さしみ↓,sashimi,sashimi (sliced raw fish),N,入門,6,4
1629,277,しおから,しおから,しおか↓ら／しおから○,shiokara,shiokara (pickled seafood),N,入門,6,4
1873,279,焼酎,しょうちゅう,しょうちゅ↓う,shoochuu,shochu (Japanese distilled liquor),N,入門,6,4
2056,305,スプーン,スプーン,スプ↓ーン,supuun,spoon,N,入門,6,4
2076,292,すみません,すみません,すみませ↓ん,sumimasen,Excuse me. (used when the speaker wants to start talking to someone),Exp,入門,6,4
2242,285,ソフトドリンク,ソフトドリンク,ソフトドリ↓ンク,sofuto-dorinku,soft drink,N,入門,6,4
2330,276,たこわさ,たこわさ,たこわさ○,takowasa,takowasa (raw octopus seasoned with wasabi),N,入門,6,4
2471,280,酎ハイ,ちゅうハイ,ちゅうハイ○,chuuhai,chu-hi (Japanese distilled liquor mixed with soda water),N,入門,6,4
2666,266,～点盛  （7点盛）,～てんもり　（ななてんもり）,～てんもり○　（ななてんもり○）,～ten-mori　(nana-ten-mori),set of ～ items　(set of seven items),N,入門,6,4
2743,271,特製つくね,とくせいつくね,とくせいつ↓くね,tokusee-tsukune,special tsukune (meatballs),N,入門,6,4
2818,269,とり,とり,とり○,tori,chicken,N,入門,6,4
2827,307,取り皿,とりざら,とり↓ざら,torizara,individual plate,N,入門,6,4
2889,300,7つ,ななつ,なな↓つ,nanatsu,seven (for things),N,入門,6,4
2905,262,生ビール,なまビール,なまビ↓ール,nama-biiru,draft beer,N,入門,6,4
3016,278,日本酒,にほんしゅ,にほんしゅ○,nihonshu,sake (Japanese rice wine),N,入門,6,4
3181,272,馬刺,ばさし,ばさし○,basashi,basashi (horse meat sashimi),N,入門,6,4
3185,309,はし／おはし,はし／おはし,は↓し／おは↓し,hashi / ohashi,chopsticks,N,入門,6,4
3370,294,1つ,ひとつ,ひと↓つ,hitotsu,one (for thing),N,入門,6,4
3394,275,冷やしトマト,ひやしトマト,ひやしト↓マト,hiyashi-tomato,chilled tomatoes,N,入門,6,4
3395,274,冷奴,ひややっこ,ひやや↓っこ,hiyayakko,cold tofu,N,入門,6,4
3485,295,2つ,ふたつ,ふたつ↓,futatsu,two (for things) ,N,入門,6,4
3752,290,マヨネーズ,マヨネーズ,マヨネ↓ーズ,mayoneezu,mayonnaise,N,入門,6,4
3791,296,3つ,みっつ,みっつ↓,mittsu,three (for things),N,入門,6,4
3835,299,6つ,むっつ,むっつ↓,muttsu,six (for things),N,入門,6,4
3861,263,メニュー,メニュー,メ↓ニュー,menyuu,menu,N,入門,6,4
3932,265,盛り合わせ,もりあわせ,もりあわせ○,moriawase,assortment,N,入門,6,4
3942,267,焼魚,やきざかな,やきざ↓かな,yakizakana,grilled fish,N,入門,6,4
3945,260,焼き鳥／焼鳥,やきとり,やきとり○,yakitori,yakitori (grilled chicken),N,入門,6,4
3974,301,8つ,やっつ,やっつ↓,yattsu,eight (for things),N,入門,6,4
4055,297,4つ,よっつ,よっつ↓,yottsu,four (for things),N,入門,6,4
4141,286,緑茶,りょくちゃ,りょくちゃ○,ryokucha,green tea,N,入門,6,4
4142,283,緑茶ハイ,りょくちゃハイ,りょくちゃ↓ハイ,ryokuchahai,green tea-flavored chu-hi,N,入門,6,4
4172,281,レモンハイ,レモンハイ,レモ↓ンハイ,remonhai,lemon-flavored chu-hi,N,入門,6,4
186,310,居酒屋,いざかや,いざかや○,izakaya,izakaya (Japanese-style pub),N,入門,6,5
354,313,うどん,うどん,うどん○,udon,udon noodles,N,入門,6,5
950,315,カレー,カレー,カレー○,karee,curry ,N,入門,6,5
1092,316,牛丼,ぎゅうどん,ぎゅうどん○,gyuudon,beef bowl,N,入門,6,5
2020,311,すし,すし,すし↓,sushi,sushi,N,入門,6,5
2238,312,そば,そば,そ↓ば,soba,soba noodles,N,入門,6,5
4092,314,ラーメン,ラーメン,ラ↓ーメン,raamen,ramen noodles,N,入門,6,5
230,329,1階,いっかい,いっかい○,ikkai,first floor,N,入門,7,1
258,327,居間,いま,いま↓,ima,living room,N,入門,7,1
578,339,お世話になります,おせわになります,おせ↓わになります,osewa ni narimasu,I'll be in your care. (polite expression used when meeting someone who will look after you),Exp,入門,7,1
656,318,お風呂,おふろ,おふ↓ろ,ofuro,bathroom,N,入門,7,1
760,320,階段,かいだん,かいだん○,kaidan,stairs,N,入門,7,1
1000,331,管理人室,かんりにんしつ,かんりに↓んしつ,kanrininshitsu,building manager's office,N,入門,7,1
1036,325,キッチン,キッチン,キ↓ッチン,kicchin,kitchen,N,入門,7,1
1180,334,くつ,くつ,くつ↓,kutsu,shoes,N,入門,7,1
1262,317,玄関,げんかん,げ↓んかん,genkan,entrance,N,入門,7,1
1434,336,ご飯,ごはん,ご↓はん,gohan,food　/　meal,N,入門,7,1
1911,332,食堂,しょくどう,しょくどう○,shokudoo,cafeteria,N,入門,7,1
2298,324,台所,だいどころ,だいどころ○,daidokoro,kitchen,N,入門,7,1
2680,319,トイレ,トイレ,ト↓イレ,toire,toilet,N,入門,7,1
2943,330,2階,にかい,にかい○,ni-kai,second floor,N,入門,7,1
3035,326,庭,にわ,にわ○,niwa,garden,N,入門,7,1
3045,338,脱いでください,ぬいでください,ぬ↓いでくださ↓い,nuide kudasai,Please take them off.,Exp,入門,7,1
3049,335,脱ぐ／脱ぎます,ぬぐ／ぬぎます,ぬ↓ぐ／ぬぎま↓す,nugu / nugimasu,to take off,V［1］,入門,7,1
3159,337,入ってください,はいってください,は↓いってくださ↓い,haitte kudasai,Please come in.,Exp,入門,7,1
3163,333,入る／入ります,はいる／はいります,は↓いる／はいりま↓す,hairu / hairimasu,to come in,V［1］,入門,7,1
3281,323,バルコニー,バルコニー,バルコ↓ニー／バル↓コニー／バ↓ルコニー,barukonii,balcony,N,入門,7,1
3572,321,部屋,へや,へや↓,heya,room,N,入門,7,1
3574,322,ベランダ,ベランダ,ベランダ○,beranda,veranda,N,入門,7,1
4115,328,リビング,リビング,リ↓ビング,ribingu,living room,N,入門,7,1
191,348,いす,いす,いす○,isu,chair,N,入門,7,2
384,340,エアコン,エアコン,エアコン○,eakon,air-conditioner,N,入門,7,2
1980,343,炊飯器,すいはんき,すいは↓んき,suihanki,rice-cooker,N,入門,7,2
2165,349,洗濯機,せんたくき,せんたく↓き,sentakuki,washing machine,N,入門,7,2
2518,353,使う／使います,つかう／つかいます,つかう○／つかいま↓す,tsukau / tsukaimasu,to use,V［1］,入門,7,2
2520,355,使ってください,つかってください,つかってくださ↓い,tsukatte kudasai,Please use it.,Exp,入門,7,2
2585,347,テーブル,テーブル,テーブル○,teeburu,table,N,入門,7,2
2635,350,テレビ,テレビ,テ↓レビ,terebi,television,N,入門,7,2
2654,342,電子レンジ,でんしレンジ,でんしレ↓ンジ,denshi-renji,microwave,N,入門,7,2
2733,344,トースター,トースター,ト↓ースター,toosutaa,toaster,N,入門,7,2
2851,354,ない,ない,な↓い,nai,I don't / no (negative of ある),イA,入門,7,2
3501,346,ふとん,ふとん,ふとん○,futon,futon (Japanese bedding),N,入門,7,2
3559,345,ベッド,ベッド,ベ↓ッド,beddo,bed,N,入門,7,2
3821,352,みんなで,みんなで,みんな↓で,minna de,with everybody,,入門,7,2
4152,341,冷蔵庫,れいぞうこ,れいぞ↓うこ,reezooko,refrigerator,N,入門,7,2
4208,351,Wi-Fi,ワイファイ,ワイファイ○,wai-fai,Wi-Fi,N,入門,7,2
82,360,新しい,あたらしい,あたらし↓い,atarashii,new,イA,入門,7,3
162,374,いいですね,いいですね,い↓いですね,ii desu ne,That's nice.,Exp,入門,7,3
168,366,家,いえ,いえ↓,ie,house,N,入門,7,3
342,370,うち,うち,うち○,uchi,home,N,入門,7,3
369,363,うるさい,うるさい,うるさ↓い,urusai,noisy,イA,入門,7,3
473,358,大きい,おおきい,おおき↓い,ookii,large,イA,入門,7,3
1029,365,きたない,きたない,きたな↓い,kitanai,untidy,イA,入門,7,3
1129,364,きれい（な）,きれい（な）,き↓れい（な）,kiree (na),tidy,ナA,入門,7,3
1153,373,～区　（南区）,～く　（みなみく）,～く　（みなみ↓く）,～ku　(minami-ku),～ Ward　(e.g. Minami Ward),,入門,7,3
1657,362,静か（な）,しずか（な）,し↓ずか（な）,shizuka (na),quiet,ナA,入門,7,3
2139,357,せまい,せまい,せま↓い,semai,cramped,イA,入門,7,3
2421,359,小さい,ちいさい,ちいさ↓い,chiisai,small,イA,入門,7,3
2436,371,近く,ちかく,ち↓かく,chikaku,close,N,入門,7,3
2493,368,ちょっと,ちょっと,ちょ↓っと,chotto,a little,,入門,7,3
2624,372,でも,でも,で↓も,demo,but,,入門,7,3
2684,367,どう,どう,ど↓う,doo,how,,入門,7,3
2685,375,どう？,どう？,ど↓う？,doo?,How is it? (a casual way of saying どうですか？),Exp,入門,7,3
2776,369,とても,とても,とても○,totemo,very,,入門,7,3
3417,356,広い,ひろい,ひろ↓い,hiroi,spacious,イA,入門,7,3
3450,376,ふーん,ふーん,ふーん○,fuun,Hmm… (casually indicates that the speaker is listening to the other person),Exp,入門,7,3
3528,361,古い,ふるい,ふる↓い,furui,old,イA,入門,7,3
108,377,アパート,アパート,アパ↓ート,apaato,apartment,N,入門,7,4
234,381,一戸建て,いっこだて,いっこだて○,ikkodate,detached house,N,入門,7,4
604,382,お寺,おてら,おてら○,otera,temple,N,入門,7,4
869,383,学校,がっこう,がっこう○,gakkoo,school,N,入門,7,4
1299,384,公園,こうえん,こうえん○,kooen,park,N,入門,7,4
1624,380,シェアハウス,シェアハウス,シェアハ↓ウス,shea-hausu,shared house,N,入門,7,4
2013,385,すごい,すごい,すご↓い,sugoi,amazing,イA,入門,7,4
2015,386,すごいですね,すごいですね,すご↓いですね,sugoi desu ne,That's amazing.,Exp,入門,7,4
3759,378,マンション,マンション,マ↓ンション,manshon,condominium,N,入門,7,4
4121,379,寮,りょう,りょ↓う,ryoo,dormitory,N,入門,7,4
212,392,一時停止,いちじていし,いち↓じていし／いちじて↓いし,ichiji-teeshi,pause,N,入門,7,5
283,387,入れる／入,いれる,いれる○,ireru,to turn on / ON,V［2］,入門,7,5
454,394,おいそぎ,おいそぎ,おいそぎ○,oisogi,quick wash,N,入門,7,5
721,406,温度,おんど,お↓んど,ondo,temperature,N,入門,7,5
825,407,風向,かざむき／ふうこう,かざむき○／ふうこう○,kazamuki / fuukoo,wind direction,N,入門,7,5
1125,388,切る／切,きる,き↓る,kiru,to turn off / OFF,V［1］,入門,7,5
1342,390,コース,コース,コ↓ース,koosu,mode,N,入門,7,5
1692,405,自動,じどう,じどう○,jidoo,automatic,N,入門,7,5
1918,404,除湿,じょしつ,じょしつ○,joshitsu,dehumidify,N,入門,7,5
1985,401,水量,すいりょう,すいりょう○,suiryoo,water volume,N,入門,7,5
2027,389,スタート,スタート,スタ↓ート,sutaato,start,N,入門,7,5
2196,398,槽洗浄,そうせんじょう,そうせ↓んじょう,soosenjoo,drum cleaning,N,入門,7,5
2306,410,タイマー,タイマー,タ↓イマー,taimaa,timer,N,入門,7,5
2419,403,暖房,だんぼう,だんぼう○,danboo,heat,N,入門,7,5
2570,395,手洗い,てあらい,てあ↓らい,tearai,hand wash,N,入門,7,5
2577,409,停止,ていし,ていし○,teeshi,stop,N,入門,7,5
2647,391,電源,でんげん,でんげん○,dengen,power supply,N,入門,7,5
2809,397,ドライ,ドライ,ドラ↓イ,dorai,delicate wash,N,入門,7,5
2825,411,取消,とりけし,とりけし○,torikeshi,cancel,N,入門,7,5
3091,400,残り,のこり,のこり↓,nokori,remaining,N,入門,7,5
3407,393,標準,ひょうじゅん,ひょうじゅん○,hyoojun,standard,N,入門,7,5
3447,408,風量,ふうりょう,ふうりょ↓う／ふうりょう○,fuuryoo,wind speed,N,入門,7,5
3886,396,毛布,もうふ,も↓うふ,moofu,blankets,N,入門,7,5
4071,399,予約,よやく,よやく○,yoyaku,timer,N,入門,7,5
4154,402,冷房,れいぼう,れいぼう○,reeboo,cool,N,入門,7,5
345,421,打ち合わせをする／します,うちあわせをする／します,うちあわせをする○／しま↓す,uchiawase o suru / shimasu,to do meeting,V［3］,入門,8,1
591,420,お茶をいれる／いれます,おちゃをいれる／いれます,おちゃをいれる○／いれま↓す,ocha o ireru / iremasu,to make tea,V［2］,入門,8,1
738,415,会議室,かいぎしつ,かいぎ↓しつ,kaigishitsu,conference room,N,入門,8,1
1008,418,着替える／着替えます,きがえる／きがえます,きが↓える／きがえ↓る／きがえま↓す,kigaeru / kigaemasu,to change (clothing),V［2］,入門,8,1
1032,416,喫煙所,きつえんじょ,きつえんじょ○,kitsuenjo,smoking room / smoking area,N,入門,8,1
1090,414,給湯室,きゅうとうしつ,きゅうと↓うしつ,kyuutooshitsu,kitchenette,N,入門,8,1
1298,412,更衣室,こういしつ,こうい↓しつ,kooishitsu,changing room,N,入門,8,1
1436,419,ご飯を食べる／食べます,ごはんをたべる／たべます,ご↓はんをたべ↓る／たべま↓す,gohan o taberu / tabemasu,to have meal,V［2］,入門,8,1
1912,413,食堂,しょくどう,しょくどう○,shokudoo,cafeteria,N,入門,8,1
2185,417,倉庫,そうこ,そ↓うこ,sooko,storeroom　,N,入門,8,1
2412,422,男性,だんせい,だんせい○,dansee,men,N,入門,8,1
279,423,いる／います,いる／います,いる○／いま↓す,iru / imasu,to be present,V［2］,入門,8,2
1536,427,探してみます,さがしてみます,さがしてみま↓す,sagashite mimasu,I'll try to look.,Exp,入門,8,2
2376,424,たぶん,たぶん,た↓ぶん,tabun,probably,,入門,8,2
3053,426,～ね　（いませんね）,～ね　（いませんね）,～ね　（いませ↓んね）,～ne　(imasen ne),(used when sharing  information with someone),,入門,8,2
4024,425,～よ　（いるよ）,～よ　（いるよ）,～よ　（いる○よ）,～yo　(iru yo),(used when telling someone information they did not know),,入門,8,2
68,443,あそこ,あそこ,あそこ○,asoko,over there,N,入門,8,3
129,444,ありました,ありました,ありま↓した,arimashita,It's here. (used when you have found something you were looking for),Exp,入門,8,3
314,428,上,うえ,うえ○／～（の）うえ↓,ue,above,N,入門,8,3
919,434,ガムテープ,ガムテープ,ガムテ↓ープ,gamu-teepu,duct tape,N,入門,8,3
1368,441,ここ,ここ,ここ○,koko,here,N,入門,8,3
1438,437,コピー機,コピーき,コピ↓ーき,kopiiki,copy machine,N,入門,8,3
1451,440,ごみ箱,ごみばこ,ごみば↓こ,gomibako,garbage can,N,入門,8,3
1664,429,下,した,した○／～（の）した↓,shita,below,N,入門,8,3
2219,442,そこ,そこ,そこ○,soko,there,N,入門,8,3
2538,439,机,つくえ,つくえ○,tsukue,desk,N,入門,8,3
2858,430,中,なか,な↓か,naka,inside,N,入門,8,3
3117,432,のり,のり,のり↓,nori,glue,N,入門,8,3
3179,435,箱,はこ,はこ○,hako,box,N,入門,8,3
3182,438,はさみ,はさみ,はさみ↓／はさ↓み,hasami,scissors,N,入門,8,3
3335,433,引き出し,ひきだし,ひきだし○,hikidashi,drawer,N,入門,8,3
3431,436,FAX,ファックス,ファ↓ックス,fakkusu,fax,N,入門,8,3
4047,431,横,よこ,よこ○,yoko,beside,N,入門,8,3
467,445,応接室,おうせつしつ,おうせつ↓しつ,oosetsushitsu,reception room,N,入門,8,4
1716,446,事務室,じむしつ,じむ↓しつ,jimushitsu,office,N,入門,8,4
50,449,朝,あさ,あ↓さ,asa,morning,N,入門,9,1
209,455,1時,いちじ,いち↓じ,ichi-ji,one o'clock,N,入門,9,1
259,447,今,いま,い↓ま,ima,now,N,入門,9,1
399,476,ええ,ええ,え↓え,ee,yes,,入門,9,1
459,486,お祈り,おいのり,おいのり○,oinori,prayer,N,入門,9,1
509,472,起きる／起きます,おきる／おきます,おき↓る／おきま↓す,okiru / okimasu,to wake up,V［2］,入門,9,1
580,482,遅い,おそい,おそい○／おそ↓い,osoi,late,イA,入門,9,1
581,485,遅いですね,おそいですね,おそ↓いですね,osoi desu ne,That's late.,Exp,入門,9,1
716,488,音楽,おんがく,お↓んがく,ongaku,music,N,入門,9,1
1010,489,聞く／聞きます,きく／ききます,きく○／ききま↓す,kiku / kikimasu,to listen,V［1］,入門,9,1
1163,463,9時,くじ,く↓じ,ku-ji,nine o'clock,N,入門,9,1
1237,483,ゲーム,ゲーム,ゲ↓ーム,geemu,games,N,入門,9,1
1370,453,午後,ごご,ご↓ご,gogo,p.m.,N,入門,9,1
1379,459,5時,ごじ,ご↓じ,go-ji,five o'clock,N,入門,9,1
1391,452,午前,ごぜん,ご↓ぜん,gozen,a.m.,N,入門,9,1
1478,481,～ごろ,～ごろ,～ご↓ろ,～goro,around ～,,入門,9,1
1597,457,3時,さんじ,さ↓んじ,san-ji,three o'clock,N,入門,9,1
1601,469,30分,さんじゅっぷん,さんじゅ↓っぷん,sanjuppun,～ :30 / half past ～,N,入門,9,1
1615,454,～時 ,～じ,～じ,～ji,～ o'clock,,入門,9,1
1669,461,7時,しちじ,しち↓じ,shichi-ji,seven o'clock,N,入門,9,1
1747,465,11時,じゅういちじ,じゅういち↓じ,juu-ichi-ji,eleven o'clock,N,入門,9,1
1763,468,15分,じゅうごふん,じゅうご↓ふん,juu-go-fun,～ :15 / quarter past ～,N,入門,9,1
1767,464,10時,じゅうじ,じゅ↓うじ,juu-ji,ten o'clock,N,入門,9,1
1788,466,12時,じゅうにじ,じゅうに↓じ,juu-ni-ji,twelve o'clock,N,入門,9,1
1901,478,ジョギング,ジョギング,ジョギング○,jogingu,jogging,N,入門,9,1
2082,479,する／します,する／します,する○／しま↓す,suru / shimasu,to do,V［3］,入門,9,1
2295,480,だいたい,だいたい,だいたい○,daitai,about / around,,入門,9,1
2926,448,何時,なんじ,な↓んじ,nan-ji,what time,N,入門,9,1
2962,456,2時,にじ,に↓じ,ni-ji,two o'clock,N,入門,9,1
3066,490,ネット,ネット,ネット○,netto,Internet,N,入門,9,1
3077,473,寝る／寝ます,ねる／ねます,ねる○／ねま↓す,neru / nemasu,to sleep,V［2］,入門,9,1
3221,462,8時,はちじ,はち↓じ,hachi-ji,eight o'clock,N,入門,9,1
3267,475,早い,はやい,はや↓い,hayai,early,イA,入門,9,1
3268,484,早いですね,はやいですね,はや↓いですね,hayai desu ne,That's early.,Exp,入門,9,1
3285,471,半,はん,は↓ん,han,～ :30 / half past ～,N,入門,9,1
3413,450,昼,ひる,ひる↓,hiru,afternoon,N,入門,9,1
3540,467,～分,～ふん／ぷん,～ふん／ぷん,～fun / pun,～ minutes (indicate the time),,入門,9,1
3583,487,勉強する／勉強します,べんきょうする／べんきょうします,べんきょうする○／べんきょうしま↓す,benkyoo-suru / benkyoo-shimasu,to study,V［3］,入門,9,1
3674,477,毎朝,まいあさ,ま↓いあさ／まいあさ○,maiasa,every morning,N,入門,9,1
3683,474,毎日,まいにち,ま↓いにち／まいにち○,mainichi,every day,N,入門,9,1
3811,491,見る／見ます,みる／みます,み↓る／みま↓す,miru / mimasu,to watch,V［2］,入門,9,1
4053,458,4時,よじ,よ↓じ,yo-ji,four o'clock,N,入門,9,1
4074,451,夜,よる,よ↓る,yoru,night,N,入門,9,1
4084,470,45分,よんじゅうごふん,よ↓んじゅう△ご↓ふん,yonjuu-go-fun,～ :45 / quarter to ～,N,入門,9,1
4190,460,6時,ろくじ,ろく↓じ,roku-ji,six o'clock,N,入門,9,1
215,499,1日,いちにち,いちにち↓,ichinichi,for the day,N,入門,9,2
1594,496,残業,ざんぎょう,ざんぎょう○,zangyoo,overtime,N,入門,9,2
1648,493,仕事,しごと,しごと○,shigoto,work,N,入門,9,2
2011,500,スケジュール,スケジュール,スケ↓ジュール,sukejuuru,schedule,N,入門,9,2
2131,501,説明する／説明します,せつめいする／せつめいします,せつめいする○／せつめいしま↓す,setsumee-suru / setsumee-shimasu,to explain,V［3］,入門,9,2
2486,492,朝礼,ちょうれい,ちょうれい○,chooree,morning assembly,N,入門,9,2
2739,498,ときどき,ときどき,ときどき○,tokidoki,sometimes,,入門,9,2
3191,497,はじめに,はじめに,はじめに○,hajimeni,first,,入門,9,2
3416,494,昼休み,ひるやすみ,ひるや↓すみ,hiruyasumi,lunch break,N,入門,9,2
3967,495,休み時間,やすみじかん,やすみじ↓かん,yasumijikan,break time,N,入門,9,2
756,506,外出,がいしゅつ,がいしゅつ○,gaishutsu,out,N,入門,9,3
1144,511,銀行,ぎんこう,ぎんこう○,ginkoo,bank,N,入門,9,3
1320,508,行動,こうどう,こうどう○,koodoo,activity,N,入門,9,3
1512,502,在,ざい,ざ↓い,zai,present,N,入門,9,3
1717,510,氏名,しめい,し↓めい,shimee,full name,N,入門,9,3
2198,507,早退,そうたい,そうたい○,sootai,left early,N,入門,9,3
2444,504,遅刻,ちこく,ちこく○,chikoku,late,N,入門,9,3
3476,503,不在,ふざい,ふざい○,fuzai,absent,N,入門,9,3
3964,505,休み,やすみ,やすみ↓,yasumi,off,N,入門,9,3
4058,509,予定表,よていひょう,よていひょう○,yoteehyoo,schedule board,N,入門,9,3
155,525,いい,いい,い↓い,ii,good,イA,入門,9,4
179,524,行く／行きます,いく／いきます,いく○／いきま↓す,iku / ikimasu,to go,V［1］,入門,9,4
227,523,いつ,いつ,い↓つ,itsu,when,N,入門,9,4
385,522,映画,えいが,えいが○／え↓いが,eega,movie,N,入門,9,4
925,514,火曜日／火,かようび／か,かよ↓うび／か↓,ka-yoobi / ka,Tuesday,N,入門,9,4
1152,517,金曜日／金,きんようび／きん,きんよ↓うび／き↓ん,kin-yoobi / kin,Friday,N,入門,9,4
1254,513,月曜日／月,げつようび／げつ,げつよ↓うび／げ↓つ,getsu-yoobi / getsu,Monday,N,入門,9,4
1435,521,ご飯,ごはん,ご↓はん,gohan,food　/　meal,N,入門,9,4
1984,515,水曜日／水,すいようび／すい,すいよ↓うび／す↓い,sui-yoobi / sui,Wednesday,N,入門,9,4
2288,526,だいじょうぶ（な）,だいじょうぶ（な）,だいじょ↓うぶ（な）,daijoobu (na),fine,ナA,入門,9,4
2392,527,だめ（な）,だめ（な）,だめ↓（な）,dame (na),no good,ナA,入門,9,4
2808,518,土曜日／土,どようび／ど,どよ↓うび／ど↓,do-yoobi / do,Saturday,N,入門,9,4
2938,512,何曜日,なんようび,なんよ↓うび,nan-yoobi,which day of the week,N,入門,9,4
2965,528,～にしましょう,～にしましょう,～にしましょ↓う,～ni shimashoo,Let's do it on ～.,Exp,入門,9,4
2991,519,日曜日／日,にちようび／にち,にちよ↓うび／に↓ち,nichi-yoobi / nichi,Sunday,N,入門,9,4
3448,520,プール,プール,プ↓ール,puuru,swimming pool,N,入門,9,4
3891,516,木曜日／木,もくようび／もく,もくよ↓うび／も↓く,moku-yoobi / moku,Thursday,N,入門,9,4
456,535,置いて（ください）,おいて（ください）,おいて（くださ↓い）,oite (kudasai),(Please) put it down.,Exp,入門,10,1
859,538,片付けて（ください）,かたづけて（ください）,かたづ↓けて（くださ↓い）,katazukete (kudasai) ,(Please) tidy it up.,Exp,入門,10,1
1448,531,ごみ,ごみ,ごみ↓,gomi,garbage,N,入門,10,1
1720,542,閉めて（ください）,しめて（ください）,し↓めて（くださ↓い）,shimete (kudasai) ,(Please) close it.,Exp,入門,10,1
2043,539,捨てて（ください）,すてて（ください）,すてて（くださ↓い）,sutete (kudasai),(Please) throw it away.,Exp,入門,10,1
2420,529,段ボール,だんボール,だんボ↓ール,danbooru,cardboard,N,入門,10,1
2614,543,手伝って（ください）,てつだって（ください）,てつだ↓って（くださ↓い）,tetsudatte (kudasai),(Please) help.,Exp,入門,10,1
2771,536,取って（ください）,とって（ください）,と↓って（くださ↓い）,totte (kudasai) ,(Please) take it.,Exp,入門,10,1
2810,530,ドライバー,ドライバー,ドライバー○,doraibaa,screwdriver,N,入門,10,1
2910,537,並べて（ください）,ならべて（ください）,ならべて（くださ↓い）,narabete (kudasai),(Please) arrange it.,Exp,入門,10,1
3538,533,プロジェクタ,プロジェクタ,プロジェクタ○,purojekuta,projector,N,入門,10,1
3739,532,窓,まど,ま↓ど,mado,window,N,入門,10,1
3911,541,持って行って（ください）,もっていって（ください）,もってい↓って（くださ↓い）,motte-itte (kudasai) ,(Please) take it there.,Exp,入門,10,1
3913,540,持って来て（ください）,もってきて（ください）,もってき↓て（くださ↓い）,motte-kite (kudasai) ,(Please) bring it here.,Exp,入門,10,1
4116,534,リモコン,リモコン,リモコン○,rimokon,remote controller,N,入門,10,1
96,548,あとで,あとで,あ↓とで,ato de,later,,入門,10,2
1038,550,来てください,きてください,き↓てくださ↓い,kite kudasai,Please come.,Exp,入門,10,2
1437,545,コピー,コピー,コ↓ピー,kopii,copy,N,入門,10,2
1756,557,19時,じゅうくじ,じゅうく↓じ,juu-ku-ji,7:00 p.m.,N,入門,10,2
1761,553,15時,じゅうごじ,じゅうご↓じ,juu-go-ji,3:00 p.m.,N,入門,10,2
1765,551,13時,じゅうさんじ,じゅうさ↓んじ,juu-san-ji,1:00 p.m.,N,入門,10,2
1769,555,17時,じゅうしちじ,じゅうしち↓じ,juu-shichi-ji,5:00 p.m.,N,入門,10,2
1793,556,18時,じゅうはちじ,じゅうはち↓じ,juu-hachi-ji,6:00 p.m.,N,入門,10,2
1802,552,14時,じゅうよじ,じゅうよ↓じ,juu-yo-ji,2:00 p.m.,N,入門,10,2
1807,554,16時,じゅうろくじ,じゅうろく↓じ,juu-roku-ji,4:00 p.m.,N,入門,10,2
2781,546,隣,となり,となり○,tonari,next to,N,入門,10,2
2968,559,21時,にじゅういちじ,に↓じゅう△いち↓じ,nijuu-ichi-ji,9:00 p.m.,N,入門,10,2
2972,561,23時,にじゅうさんじ,に↓じゅう△さ↓んじ,nijuu-san-ji,11:00 p.m.,N,入門,10,2
2974,558,20時,にじゅうじ,にじゅ↓うじ,nijuu-ji,8:00 p.m.,N,入門,10,2
2976,560,22時,にじゅうにじ,に↓じゅう△に↓じ,nijuu-ni-ji,10:00 p.m.,N,入門,10,2
3672,544,～枚,～まい,～まい,～mai,～ sheets,,入門,10,2
3738,547,～までに,～までに,～ま↓でに,～made ni,by ～,,入門,10,2
3894,549,もしもし,もしもし,も↓しもし,moshi moshi,Hello. (on the phone),Exp,入門,10,2
4151,562,0時,れいじ,れ↓いじ,ree-ji,12:00 midnight,N,入門,10,2
704,568,折り返し,おりかえし,おりかえし○,orikaeshi,return (a call),N,入門,10,3
2010,563,すぐに,すぐに,す↓ぐに,suguni,immediately,,入門,10,3
2268,564,第～　（第2）,だい～　（だいに）,だい～　（だいに○）,dai～  (dai-ni),no.～　(e.g. no. 2),,入門,10,3
2669,569,電話がありました,でんわがありました,でんわがありま↓した,denwa ga arimashita,Someone called.,Exp,入門,10,3
2670,567,電話してください,でんわしてください,でんわしてくださ↓い,denwa-shite kudasai,Please telephone.,Exp,入門,10,3
2671,566,電話する／電話します,でんわする／でんわします,でんわする○／でんわしま↓す,denwa-suru / denwa-shimasu,to telephone,V［3］,入門,10,3
3429,565,～部　（100部）,～ぶ　（ひゃくぶ）,～ぶ　（ひゃく↓ぶ）,～bu　(hyaku-bu),～ copies　(e.g. 100 copies),,入門,10,3
130,582,ありますよ／あるよ,ありますよ／あるよ,ありま↓すよ／あ↓るよ,arimasu yo / aru yo,I have it.,Exp,入門,10,4
166,581,いいよ,いいよ,い↓いよ,ii yo,Okay. (a casual way of saying いいですよ),Exp,入門,10,4
444,576,えんぴつ,えんぴつ,えんぴつ○,enpitsu,pencil,N,入門,10,4
839,570,貸す／貸します,かす／かします,かす○／かしま↓す,kasu / kashimasu,to lend,V［1］,入門,10,4
871,573,カッター,カッター,カ↓ッター,kattaa,box cutter,N,入門,10,4
945,571,借りる／借ります,かりる／かります,かりる○／かりま↓す,kariru / karimasu,to borrow,V［2］,入門,10,4
1781,579,充電器,じゅうでんき,じゅうで↓んき,juudenki,charger,N,入門,10,4
2656,578,電卓,でんたく,でんたく○,dentaku,calculator,N,入門,10,4
3118,574,のり,のり,のり↓,nori,glue,N,入門,10,4
3183,572,はさみ,はさみ,はさみ↓／はさ↓み,hasami,scissors,N,入門,10,4
3482,580,ふせん,ふせん,ふせん○,fusen,sticky note,N,入門,10,4
3577,577,ペン,ペン,ペ↓ン,pen,pen,N,入門,10,4
3631,575,ホチキス,ホチキス,ホ↓チキス,hochikisu,stapler,N,入門,10,4
916,598,かみそり,かみそり,かみそ↓り,kamisori,razor,N,入門,10,5
1384,588,こしょう,こしょう,こしょ↓う,koshoo,pepper,N,入門,10,5
1491,596,コンディショナー,コンディショナー,コンディ↓ショナー,kondishonaa,conditioner,N,入門,10,5
1573,589,砂糖,さとう,さと↓う,satoo,sugar,N,入門,10,5
1627,587,塩,しお,しお↓,shio,salt,N,入門,10,5
1741,595,シャンプー,シャンプー,シャ↓ンプー,shanpuu,shampoo,N,入門,10,5
1993,593,数量,すうりょう,すうりょ↓う,suuryoo,quantity,N,入門,10,5
2057,585,スプーン,スプーン,スプ↓ーン,supuun,spoon,N,入門,10,5
2117,594,石けん,せっけん,せっけん○,sekken,soap,N,入門,10,5
2310,599,タオル,タオル,タ↓オル,taoru,towel,N,入門,10,5
2682,601,トイレットペーパー,トイレットペーパー,トイレットペ↓ーパー,toiretto-peepaa,toilet paper,N,入門,10,5
2854,584,ナイフ,ナイフ,ナ↓イフ,naifu,knife,N,入門,10,5
3186,586,はし,はし,は↓し,hashi ,chopsticks,N,入門,10,5
3203,600,バスタオル,バスタオル,バスタ↓オル,basu-taoru,bath towel,N,入門,10,5
3207,602,バスルーム,バスルーム,バスル↓ーム,basu-ruumu,bathroom,N,入門,10,5
3265,597,歯ブラシ,はブラシ,はブ↓ラシ,haburashi,toothbrush,N,入門,10,5
3387,591,備品リスト,びひんリスト,びひんリ↓スト,bihin-risuto,inventory,N,入門,10,5
3427,592,品名,ひんめい,ひんめい○,hinmee,name of item,N,入門,10,5
3459,583,フォーク,フォーク,フォ↓ーク,fooku,fork,N,入門,10,5
3814,590,ミルク,ミルク,ミ↓ルク,miruku,milk,N,入門,10,5
102,612,アニメ,アニメ,ア↓ニメ／アニメ○,anime,anime (animation),N,入門,11,1
386,606,映画,えいが,えいが○／え↓いが,eega,movie,N,入門,11,1
717,605,音楽,おんがく,お↓んがく,ongaku,music,N,入門,11,1
769,608,買い物,かいもの,かいもの○,kaimono,shopping,N,入門,11,1
1238,610,ゲーム,ゲーム,ゲ↓ーム,geemu,games,N,入門,11,1
1831,603,趣味,しゅみ,しゅ↓み,shumi,hobby,N,入門,11,1
2061,604,スポーツ,スポーツ,スポ↓ーツ,supootsu,sports,N,入門,11,1
2742,607,読書,どくしょ,ど↓くしょ,dokusho,reading,N,入門,11,1
3758,611,マンガ,マンガ,マンガ○,manga,manga (comic books),N,入門,11,1
4138,609,料理,りょうり,りょ↓うり,ryoori,cooking,N,入門,11,1
37,628,アクション映画,アクションえいが,アクションえ↓いが,akushon-eega,action movie,N,入門,11,2
413,629,SF,エスエフ,エスエフ○,esuefu,science fiction,N,入門,11,2
1155,636,クイーン,クイーン,クイ↓ーン,kuiin,Queen,N,入門,11,2
1194,635,クラシック,クラシック,クラシ↓ック,kurasshikku,classical,N,入門,11,2
1567,619,サッカー,サッカー,サ↓ッカー,sakkaa,soccer,N,入門,11,2
1732,634,ジャズ,ジャズ,ジャ↓ズ,jazu,jazz,N,入門,11,2
1929,637,ショパン,ショパン,ショ↓パン,shopan,Chopin,N,入門,11,2
1975,615,水泳,すいえい,すいえい○,suiee,swimming,N,入門,11,2
2026,632,スターウォーズ,スターウォーズ,スターウォ↓ーズ,sutaa-woozu,Star Wars,N,入門,11,2
2208,617,そうですねえ,そうですねえ,そ↓うですねえ,soo desu nee,Let's see. (used when the speaker is thinking),Exp,入門,11,2
2291,616,大好き（な）,だいすき（な）,だ↓いすき（な）,daisuki (na),love,ナA,入門,11,2
2350,622,卓球,たっきゅう,たっきゅう○,takkyuu,table tennis,N,入門,11,2
2814,618,ドラゴンボール,ドラゴンボール,ドラゴンボ↓ール,doragon-booru,Dragon Ball,N,入門,11,2
2846,613,どんな,どんな,ど↓んな,donna,what kind of,,入門,11,2
2879,626,夏目漱石,なつめそうせき,なつめそ↓うせき,natsume sooseki,Natsume Soseki,N,入門,11,2
3200,614,バスケットボール,バスケットボール,バスケットボ↓ール,basuketto-booru,basketball,N,入門,11,2
3245,621,バドミントン,バドミントン,バドミ↓ントン,badominton,badminton,N,入門,11,2
3276,631,ハリー・ポッター,ハリー・ポッター,ハリー・ポ↓ッター,harii pottaa,Harry Potter,N,入門,11,2
3436,624,ファンタジー,ファンタジー,ファ↓ンタジー,fantajii,fantasy,N,入門,11,2
3646,630,ホラー,ホラー,ホ↓ラー,horaa,horror,N,入門,11,2
3775,623,ミステリー,ミステリー,ミ↓ステリー,misuterii,mystery,N,入門,11,2
3837,625,村上春樹,むらかみはるき,むらかみは↓るき,murakami haruki,Murakami Haruki,N,入門,11,2
4100,620,ラグビー,ラグビー,ラ↓グビー,ragubii,rugby,N,入門,11,2
4173,627,恋愛映画,れんあいえいが,れんあいえ↓いが,ren'ai-eega,romantic movie,N,入門,11,2
4198,633,ロック,ロック,ロ↓ック,rokku,rock,N,入門,11,2
118,654,あまり,あまり,あまり○,amari,rarely,,入門,11,3
248,650,いつも,いつも,い↓つも,itsumo,always,,入門,11,3
426,662,えらいですね,えらいですね,えら↓いですね,erai desu ne,That's admirable.,Exp,入門,11,3
888,661,～かなあ,～かなあ,～かな↓あ,～kanaa, I wonder ～ （expresses that the speaker is thinking as they talk）,Exp,入門,11,3
1011,638,聞く／聞きます,きく／ききます,きく○／ききま↓す,kiku / kikimasu,to listen,V［1］,入門,11,3
1479,660,ごろごろ（する）／ごろごろ（します）,ごろごろ（する）／ごろごろ（します）,ご↓ろごろ（する）／ご↓ろごろ（します）,gorogoro (suru) / goｒoｇoro (shimasu),(to) laze around,N/V［3］,入門,11,3
1613,646,散歩,さんぽ,さんぽ○,sanpo,take a walk,N,入門,11,3
2083,643,する／します,する／します,する○／しま↓す,suru / shimasu,to do,V［3］,入門,11,3
2160,655,ぜんぜん,ぜんぜん,ぜんぜん○,zenzen,(not) at all,,入門,11,3
2163,645,洗濯,せんたく,せんたく○,sentaku,laundry,N,入門,11,3
2188,644,掃除,そうじ,そうじ○,sooji,cleaning,N,入門,11,3
2228,658,外,そと,そ↓と,soto,outside,N,入門,11,3
2297,651,たいてい,たいてい,たいてい○,taitee,usually,,入門,11,3
2617,656,テニス,テニス,テ↓ニス,tenisu,tennis,N,入門,11,3
2636,641,テレビ,テレビ,テ↓レビ,terebi,television,N,入門,11,3
2740,653,ときどき,ときどき,ときどき○,tokidoki,sometimes,,入門,11,3
3226,657,パチンコ,パチンコ,パチンコ○,pachinko,pachinko,N,入門,11,3
3376,659,1人で,ひとりで,ひと↓りで,hitori de,on my own,,入門,11,3
3584,647,勉強する／勉強します,べんきょうする／べんきょうします,べんきょうする○／べんきょうしま↓す,benkyoo-suru / benkyoo-shimasu,to study,V［3］,入門,11,3
3651,639,本,ほん,ほ↓ん,hon,book,N,入門,11,3
3812,642,見る／見ます,みる／みます,み↓る／みま↓す,miru / mimasu,to watch,V［2］,入門,11,3
3968,649,休みの日,やすみのひ,やすみのひ↓,yasumi no hi,day off,N,入門,11,3
4015,648,ゆっくりする／ゆっくりします,ゆっくりする／ゆっくりします,ゆっく↓りする／ゆっく↓りします,yukkuri-suru / yukkuri-shimasu,to relax,V［3］,入門,11,3
4046,652,よく,よく,よ↓く,yoku,often,,入門,11,3
4069,640,読む／読みます,よむ／よみます,よ↓む／よみま↓す,yomu / yomimasu,to read,V［1］,入門,11,3
1923,663,ショッピング,ショッピング,ショ↓ッピング,shoppingu,shopping,N,入門,11,4
2696,665,投稿,とうこう,とうこう○,tookoo,post,N,入門,11,4
3433,664,ファッション,ファッション,ファ↓ッション,fasshon,fashion,N,入門,11,4
3463,667,フォロー中,フォローちゅう,フォローちゅう○,foroochuu,following,N,入門,11,4
3464,666,フォロワー,フォロワー,フォロワー○,forowaa,follower,N,入門,11,4
3625,668,募集中,ぼしゅうちゅう,ぼしゅうちゅう○,boshuuchuu,looking for ～,N,入門,11,4
24,692,あおぞら,あおぞら,あおぞ↓ら,aozora,blue skies,N,入門,12,1
207,697,1月,いちがつ,いちがつ↓,ichi-gatsu,January,N,入門,12,1
228,714,5日,いつか,いつか○,itsuka,5th (day of the month),N,入門,12,1
255,671,イベント,イベント,イベント○,ibento,event,N,入門,12,1
389,683,映画上映会,えいがじょうえいかい,えいがじょうえ↓いかい,eega-jooeekai,film screening,N,入門,12,1
431,680,～円,～えん,～えん,～en,～ yen,,入門,12,1
442,676,縁日,えんにち,え↓んにち,ennichi,festival day,N,入門,12,1
610,686,お問い合わせ,おといあわせ,おといあわせ○,otoiawase ,inquiries,N,入門,12,1
758,670,会場,かいじょう,かいじょう○,kaijoo,venue,N,入門,12,1
1161,705,9月,くがつ,く↓がつ,ku-gatsu,September,N,入門,12,1
1331,688,交流,こうりゅう,こうりゅう○,kooryuu,exchange,N,入門,12,1
1357,701,5月,ごがつ,ご↓がつ,go-gatsu,May,N,入門,12,1
1375,718,9日,ここのか,ここのか○,kokonoka,9th (day of the month),N,入門,12,1
1592,699,3月,さんがつ,さ↓んがつ,san-gatsu,March,N,入門,12,1
1599,740,31日,さんじゅういちにち,さ↓んじゅう△いちにち↓,sanjuu-ichi-nichi,31st (day of the month),N,入門,12,1
1600,739,30日,さんじゅうにち,さんじゅ↓うにち,sanjuu-nichi,30th (day of the month),N,入門,12,1
1633,700,4月,しがつ,しがつ↓,shi-gatsu,April,N,入門,12,1
1668,703,7月,しちがつ,しちがつ↓,shichi-gatsu,July,N,入門,12,1
1746,707,11月,じゅういちがつ,じゅういちがつ↓,juu-ichi-gatsu,November,N,入門,12,1
1748,720,11日,じゅういちにち,じゅういちにち↓,juu-ichi-nichi,11th (day of the month),N,入門,12,1
1751,706,10月,じゅうがつ,じゅうがつ↓,juu-gatsu,October,N,入門,12,1
1757,728,19日,じゅうくにち,じゅうく↓にち,juu-ku-nichi,19th (day of the month),N,入門,12,1
1762,724,15日,じゅうごにち,じゅうご↓にち,juu-go-nichi,15th (day of the month),N,入門,12,1
1766,722,13日,じゅうさんにち,じゅうさ↓んにち,juu-san-nichi,13th (day of the month),N,入門,12,1
1770,726,17日,じゅうしちにち,じゅうしちにち↓,juu-shichi-nichi,17th (day of the month),N,入門,12,1
1787,708,12月,じゅうにがつ,じゅうにがつ↓,juu-ni-gatsu,December,N,入門,12,1
1789,721,12日,じゅうににち,じゅうににち↓,juu-ni-nichi,12th (day of the month),N,入門,12,1
1794,727,18日,じゅうはちにち,じゅうはちにち↓,juu-hachi-nichi,18th (day of the month),N,入門,12,1
1803,723,14日,じゅうよっか,じゅうよっか○／じゅ↓うよっか,juu-yokka,14th (day of the month),N,入門,12,1
1808,725,16日,じゅうろくにち,じゅうろくにち↓,juu-roku-nichi,16th (day of the month),N,入門,12,1
1848,685,上映作品,じょうえいさくひん,じょうえいさ↓くひん,jooee-sakuhin,film shown,N,入門,12,1
2038,675,ステージ,ステージ,ステ↓ージ,suteeji,performance,N,入門,12,1
2369,687,楽しもう！,たのしもう！,たのしも↓う！,tanoshimoo!,Let's enjoy ～.,Exp,入門,12,1
2383,673,食べ物,たべもの,たべも↓の／たべ↓もの,tabemono,food,N,入門,12,1
2466,691,駐車場,ちゅうしゃじょう,ちゅうしゃじょう○,chuushajoo,parking lot,N,入門,12,1
2500,710,1日,ついたち,ついたち↓,tsuitachi,1st (day of the month),N,入門,12,1
2678,693,問い合わせ先,といあわせさき,といあわせさき○,toiawasesaki,contact details (for inquiries),N,入門,12,1
2732,719,10日,とおか,とおか○,tooka,10th (day of the month),N,入門,12,1
2878,669,夏祭り,なつまつり,なつま↓つり,natsu-matsuri,summer festival,N,入門,12,1
2899,716,7日,なのか,なのか○,nanoka,7th (day of the month),N,入門,12,1
2922,709,何月,なんがつ,な↓んがつ,nan-gatsu,which month,N,入門,12,1
2932,741,何日,なんにち,な↓んにち,nan-nichi,which day of the month,N,入門,12,1
2947,698,2月,にがつ,にがつ↓,ni-gatsu,February,N,入門,12,1
2969,730,21日,にじゅういちにち,に↓じゅう△いちにち↓,nijuu-ichi-nichi,21st (day of the month),N,入門,12,1
2970,738,29日,にじゅうくにち,に↓じゅう△く↓にち,nijuu-ku-nichi,29th (day of the month),N,入門,12,1
2971,734,25日,にじゅうごにち,に↓じゅう△ご↓にち,nijuu-go-nichi,25th (day of the month),N,入門,12,1
2973,732,23日,にじゅうさんにち,に↓じゅう△さ↓んにち,nijuu-san-nichi,23rd (day of the month),N,入門,12,1
2975,736,27日,にじゅうしちにち,に↓じゅう△しちにち↓,nijuu-shichi-nichi,27th (day of the month),N,入門,12,1
2977,731,22日,にじゅうににち,に↓じゅう△に↓にち,nijuu-ni-nichi,22nd (day of the month),N,入門,12,1
2978,737,28日,にじゅうはちにち,に↓じゅう△はちにち↓,nijuu-hachi-nichi,28th (day of the month),N,入門,12,1
2980,733,24日,にじゅうよっか,に↓じゅう△よっか○,nijuu-yokka,24th (day of the month),N,入門,12,1
2981,735,26日,にじゅうろくにち,に↓じゅう△ろくにち↓,nijuu-roku-nichi,26th (day of the month),N,入門,12,1
2988,690,日時,にちじ,に↓ちじ,nichiji,date and time,N,入門,12,1
3015,694,日本語ボランティア教室,にほんごボランティアきょうしつ,にほんごボランティアきょ↓うしつ,nihongo-borantia-kyooshitsu,Japanese-language volunteer class,N,入門,12,1
3022,696,入場無料,にゅうじょうむりょう,にゅうじょうむりょう○,nyuujoo-muryoo,free entry,N,入門,12,1
3023,679,入場料,にゅうじょうりょう,にゅうじょ↓うりょう,nyuujooryoo,entry fee,N,入門,12,1
3109,674,飲み物,のみもの,のみも↓の／のみ↓もの,nomimono,drink,N,入門,12,1
3139,689,バーベキュー,バーベキュー,バーベ↓キュー,baabekyuu,barbecue,N,入門,12,1
3195,681,場所,ばしょ,ばしょ○,basho,place,N,入門,12,1
3219,704,8月,はちがつ,はちがつ↓,hachi-gatsu,August,N,入門,12,1
3229,729,20日,はつか,はつか○,hatsuka,20th (day of the month),N,入門,12,1
3423,672,広場,ひろば,ひ↓ろば,hiroba,square,N,入門,12,1
3455,695,フェスティバル,フェスティバル,フェ↓スティバル,fesutibaru,festival,N,入門,12,1
3495,711,2日,ふつか,ふつか○,futsuka,2nd (day of the month),N,入門,12,1
3537,684,プログラム,プログラム,プログ↓ラム,puroguramu,program,N,入門,12,1
3544,677,文化センター,ぶんかセンター,ぶんかセ↓ンター,bunka-sentaa,cultural center,N,入門,12,1
3613,682,ホール,ホール,ホ↓ール,hooru,hall,N,入門,12,1
3787,712,3日,みっか,みっか○,mikka,3rd (day of the month),N,入門,12,1
3822,715,6日,むいか,むいか○,muika,6th (day of the month),N,入門,12,1
3940,678,野外,やがい,や↓がい,yagai,outdoors,N,入門,12,1
4027,717,8日,ようか,ようか○,yooka,8th (day of the month),N,入門,12,1
4054,713,4日,よっか,よっか○,yokka,4th (day of the month),N,入門,12,1
4189,702,6月,ろくがつ,ろくがつ↓,roku-gatsu,June,N,入門,12,1
52,744,あさって,あさって,あさ↓って,asatte,day after tomorrow,N,入門,12,2
60,743,明日,あした,あした↓,ashita,tomorrow,N,入門,12,2
942,748,空手,からて,からて○,karate,karate,N,入門,12,2
1106,742,今日,きょう,きょ↓う,kyoo,today,N,入門,12,2
1490,745,今週,こんしゅう,こんしゅう○,konshuu,this week,N,入門,12,2
1608,755,残念です,ざんねんです,ざんね↓んです,zannen desu,That's a shame.,Exp,入門,12,2
1616,749,試合,しあい,しあい○,shiai,match / game,N,入門,12,2
2207,753,そうですね,そうですね,そ↓うですね,soo desu ne,"Me, too. / I agree.　(used when the speaker is agreeing with the other person)",Exp,入門,12,2
2366,752,楽しみですね,たのしみですね,たのし↓みですね,tanoshimi desu ne,I'm looking forward to it.,Exp,入門,12,2
3136,747,パーティー,パーティー,パ↓ーティー,paatii,party,N,入門,12,2
3606,750,忘年会,ぼうねんかい,ぼうね↓んかい／ぼうねんかい○,boonenkai,year-end party,N,入門,12,2
3718,754,まだわかりません,まだわかりません,ま↓だ　わかりませ↓ん,mada wakarimasen,I don't know yet.,Exp,入門,12,2
3902,751,もちろん,もちろん,もち↓ろん,mochiron,of course,,入門,12,2
4095,746,来週,らいしゅう,らいしゅう○,raishuu,next week,N,入門,12,2
236,759,いっしょに,いっしょに,いっしょに○,issho ni,together,,入門,12,3
619,763,男はつらいよ,おとこはつらいよ,おとこ↓はつら↓いよ,otoko wa tsurai yo,"Otoko wa Tsurai yo (""It's Tough Being a Man"")",N,入門,12,3
1495,760,今度,こんど,こ↓んど,kondo,next,N,入門,12,3
1501,761,今晩,こんばん,こ↓んばん,konban,this evening,N,入門,12,3
3105,758,飲み会,のみかい,のみかい○,nomikai,drinking party,N,入門,12,3
3149,757,ハイキング,ハイキング,ハ↓イキング,haikingu,hiking,N,入門,12,3
3715,762,また今度,またこんど,またこ↓んど,mata kondo,Maybe another time.,Exp,入門,12,3
3947,756,焼肉,やきにく,やきにく○,yakiniku,yakiniku (Japanese grilled meat),N,入門,12,3
165,764,いいね！,いいね！,い↓いね！,ii ne,That's great! ,Exp,入門,12,4
1170,767,ぐすん,ぐすん,ぐす↓ん,gusun,Sniff.,Exp,入門,12,4
1607,765,残念,ざんねん,ざんね↓ん,zannen,What a pity.,Exp,入門,12,4
4125,766,了解,りょうかい,りょうかい○,ryookai,Okay.,Exp,入門,12,4
405,778,駅,えき,え↓き,eki,train station,N,入門,13,1
759,781,快速,かいそく,かいそく○,kaisoku,express / rapid,N,入門,13,1
805,782,各駅停車／各停,かくえきていしゃ／かくてい,かくえきて↓いしゃ／かくてい○,kakueki-teesha / kakutee,local (stopping at every station),N,入門,13,1
1158,775,空港,くうこう,くうこう○,kuukoo,airport,N,入門,13,1
1426,783,この,この,この○,kono,this ～,N,入門,13,1
1542,786,先,さき,さき○,saki,ahead,N,入門,13,1
1713,776,市民病院,しみんびょういん,しみんびょ↓ういん,shimin-byooin,community hospital,N,入門,13,1
2323,770,タクシー,タクシー,タ↓クシー,takushii,taxi,N,入門,13,1
2438,771,地下鉄,ちかてつ,ちかてつ○,chikatetsu,subway,N,入門,13,1
2526,789,次,つぎ,つぎ↓,tsugi,next,N,入門,13,1
2651,768,電車,でんしゃ,でんしゃ○／で↓んしゃ,densha,train,N,入門,13,1
2794,790,止まりません,とまりません,とまりませ↓ん,tomarimasen,It does not stop there.,Exp,入門,13,1
2795,787,止まる／止まります,とまる／とまります,とまる○／とまりま↓す,tomaru / tomarimasu,to stop,V［1］,入門,13,1
2935,785,何番線,なんばんせん,なんばんせん○,nan-bansen,which platform,N,入門,13,1
3003,774,～に乗ります,～にのります,～に　のりま↓す,～ni norimasu,I will take ～.,Exp,入門,13,1
3096,791,乗ってください,のってください,のってくださ↓い,notte kudasai,Please take ～.,Exp,入門,13,1
3124,788,乗る／乗ります,のる／のります,のる○／のりま↓す,noru / norimasu,to take / to ride,V［1］,入門,13,1
3198,769,バス,バス,バ↓ス,basu,bus,N,入門,13,1
3286,777,～番,～ばん,～ばん,～ban,number ～,,入門,13,1
3296,779,～番線,～ばんせん,～ばんせん○,～bansen,platform number ～ ,,入門,13,1
3300,784,反対側,はんたいがわ,はんたいがわ○,hantaigawa,opposite side,N,入門,13,1
3303,780,～番乗り場,～ばんのりば,～ばんの↓りば,～ban-noriba,stand number ～ / pier number ～ ,,入門,13,1
3344,772,飛行機,ひこうき,ひこ↓うき,hikooki,plane,N,入門,13,1
3502,773,船,ふね,ふ↓ね,fune,ship,N,入門,13,1
712,798,お忘れ物のないよう、お降りください,おわすれもののないよう、おおりください,おわすれもののな↓いよう、おおりくださ↓い,"owasuremono no naiyoo, oori kudasai",Please make sure you don't forget anything when you get off. (polite expression),Exp,入門,13,2
1779,792,終点,しゅうてん,しゅうてん○,shuuten,final stop,N,入門,13,2
2145,793,～線 　（武蔵山線）,～せん　（むさしやません）,～せん　（むさしやません○）,～sen　(musashiyama-sen),～ Line　(e.g. Musashiyama Line),N,入門,13,2
2602,795,出口／お出口,でぐち／おでぐち,で↓ぐち／おで↓ぐち,deguchi / odeguchi,exit,N,入門,13,2
3120,794,乗り換え／お乗換え,のりかえ／おのりかえ,のりかえ○／おのりかえ○,norikae / onorikae ,transfer,N,入門,13,2
3147,797,はい、そうです,はい、そうです,は↓い、そ↓うです,"hai, soo desu","Yes, that's right.",Exp,入門,13,2
3766,796,右側,みぎがわ,みぎがわ○,migigawa,right side,N,入門,13,2
123,826,雨の日,あめのひ,あ↓めのひ↓,ame no hi,rainy days,,入門,13,3
133,822,歩いて,あるいて,ある↓いて,aruite,on foot,,入門,13,3
210,800,1時間,いちじかん,いちじ↓かん,ichi-jikan,one hour,N,入門,13,3
211,801,1時間半,いちじかんはん,いちじかんは↓ん,ichi-jikan-han,1.5 hours,N,入門,13,3
245,809,1分,いっぷん,い↓っぷん,ippun,1 minute,N,入門,13,3
785,824,かかる／かかります,かかる／かかります,かか↓る／かかりま↓す,kakaru / kakarimasu,to take,V［1］,入門,13,3
1103,817,9分,きゅうふん,きゅ↓うふん,kyuu-fun,9 minutes,N,入門,13,3
1190,825,～ぐらい  （10分ぐらい）,～ぐらい　（じゅっぷんぐらい）,～ぐ↓らい　（じゅっぷんぐ↓らい）,～gurai　(juppun-gurai),around ～　(e.g. around 10 minutes),,入門,13,3
1211,821,車,くるま,くるま○,kuruma,car,N,入門,13,3
1383,808,50分,ごじゅっぷん,ごじゅっ↓ぷん,gojuppun,50 minutes,N,入門,13,3
1442,813,5分,ごふん,ご↓ふん,go-fun,5 minutes,N,入門,13,3
1602,806,30分,さんじゅっぷん,さんじゅ↓っぷん,sanjuppun,30 minutes,N,入門,13,3
1612,811,3分,さんぷん,さ↓んぷん,san-pun,3 minutes,N,入門,13,3
1635,799,～時間,～じかん,～じ↓かん,～jikan,～ hours,,入門,13,3
1689,819,自転車,じてんしゃ,じてんしゃ○／じて↓んしゃ,jitensha,bicycle,N,入門,13,3
1824,804,10分,じゅっぷん,じゅ↓っぷん,juppun,10 minutes,N,入門,13,3
2303,827,大変ですね,たいへんですね,たいへんで↓すね,taihen desu ne,That's tough.,Exp,入門,13,3
2728,818,どうやって,どうやって,ど↓うやって,doo yatte,how,,入門,13,3
2786,823,どのぐらい,どのぐらい,どのぐらい○／ど↓のぐらい,donogurai,how long,,入門,13,3
2894,815,7分,ななふん,なな↓ふん,nana-fun,7 minutes,N,入門,13,3
2963,802,2時間,にじかん,にじ↓かん,ni-jikan,two hours,N,入門,13,3
2983,805,20分,にじゅっぷん,にじゅ↓っぷん,nijuppun,20 minutes,N,入門,13,3
3006,810,2分,にふん,に↓ふん,ni-fun,2 minutes,N,入門,13,3
3151,820,バイク,バイク,バ↓イク,baiku,motorcycle,N,入門,13,3
3225,816,8分,はちふん／はっぷん,はち↓ふん／は↓っぷん,hachi-fun / happun,8 minutes,N,入門,13,3
3541,803,～分,～ふん／ぷん,～ふん／ぷん,～fun / pun,～ minutes (indicate the length of time),,入門,13,3
4085,807,40分,よんじゅっぷん,よんじゅ↓っぷん,yonjuppun,40 minutes,N,入門,13,3
4090,812,4分,よんふん／よんぷん,よ↓んふん／よ↓んぷん,yon-fun / yon-pun,4 minutes,N,入門,13,3
4202,814,6分,ろっぷん,ろ↓っぷん,roppun,6 minutes,N,入門,13,3
221,831,市場 　,いちば,い↓ちば,ichiba,market,N,入門,13,4
705,829,降りる／降ります,おりる／おります,おり↓る／おりま↓す,oriru / orimasu,to get off,V［2］,入門,13,4
1726,832,市役所,しやくしょ,しや↓くしょ,shiyakusho,city hall,N,入門,13,4
3121,830,乗り換える／乗り換えます,のりかえる／のりかえます,のりか↓える／のりかえま↓す,norikaeru / norikaemasu,to transfer,V［2］,入門,13,4
3125,828,乗る／乗ります,のる／のります,のる○／のりま↓す,noru / norimasu,to take / to ride,V［1］,入門,13,4
3202,833,バスセンター,バスセンター,バスセ↓ンター,basu-sentaa,bus center,N,入門,13,4
3890,834,～モール  （さくらモール）,～モール　（さくらモール）,～モ↓ール　（さくらモ↓ール）,～mooru  (sakura-mooru),～ mall　(e.g. Sakura Mall),N,入門,13,4
414,840,エスカレーター,エスカレーター,エスカレ↓ーター,esukareetaa,escalator,N,入門,13,5
430,841,エレベーター,エレベーター,エレベ↓ーター,erebeetaa,elevator,N,入門,13,5
751,839,改札,かいさつ,かいさつ○,kaisatsu,ticket gate,N,入門,13,5
1027,838,北口,きたぐち,きたぐち○,kitaguchi,North Exit,N,入門,13,5
2324,844,タクシー乗り場,タクシーのりば,タクシーの↓りば,takushii-noriba,taxi stand,N,入門,13,5
2964,836,西口,にしぐち,にしぐち○,nishiguchi,West Exit,N,入門,13,5
3205,843,バス乗り場,バスのりば,バスの↓りば,basu-noriba,bus stop,N,入門,13,5
3330,835,東口,ひがしぐち,ひがしぐち○,higashiguchi,East Exit,N,入門,13,5
3721,842,待合室,まちあいしつ,まちあ↓いしつ,machiaishitsu,waiting room,N,入門,13,5
3803,837,南口,みなみぐち,みなみぐち○,minamiguchi,South Exit,N,入門,13,5
85,851,あちら,あちら,あちら○,achira,over there,N,入門,14,1
88,853,あっち,あっち,あっち↓,acchi,over there (a casual way of saying あちら),N,入門,14,1
402,849,ATM,エーティーエム,エーティーエ↓ム,eetiiemu,ATM (automated teller machine),N,入門,14,1
511,855,奥,おく,お↓く,oku,inside,N,入門,14,1
1033,850,喫煙所,きつえんじょ,きつえんじょ○,kitsuenjo,smoking room / smoking area,N,入門,14,1
1293,846,コインロッカー,コインロッカー,コインロ↓ッカー,koinrokkaa,coin-operated locker,N,入門,14,1
1503,848,コンビニ,コンビニ,コンビニ○,konbini,convenience store,N,入門,14,1
1697,847,自動販売機,じどうはんばいき,じどうはんば↓いき,jidoohanbaiki,vending machine,N,入門,14,1
1982,856,すいません,すいません,すいませ↓ん,suimasen,Sorry. (an informal way of saying すみません),Exp,入門,14,1
2496,857,ちょっと、わからないですね,ちょっと、わからないですね,ちょ↓っと、わから↓ないですね,"chotto, wakaranai desu ne",I don't really know.,Exp,入門,14,1
2681,845,トイレ,トイレ,ト↓イレ,toire,toilet,N,入門,14,1
3110,852,飲み物,のみもの,のみも↓の／のみ↓もの,nomimono,drink,N,入門,14,1
3414,854,ビル,ビル,ビ↓ル,biru,building,N,入門,14,1
304,866,インフォメーション,インフォメーション,インフォメ↓ーション,infomeeshon,information counter,N,入門,14,2
315,858,上,うえ,うえ○／～（の）うえ↓,ue,above,N,入門,14,2
335,861,後ろ,うしろ,うしろ○,ushiro,behind,N,入門,14,2
415,864,エスカレーター,エスカレーター,エスカレ↓ーター,esukareetaa,escalator,N,入門,14,2
752,865,改札,かいさつ,かいさつ○,kaisatsu,ticket gate,N,入門,14,2
1665,859,下,した,した○／～（の）した↓,shita,below,N,入門,14,2
2005,868,すぐ,すぐ,す↓ぐ,sugu,immediately,,入門,14,2
2227,867,そっち,そっち,そっち↓,socchi,there,N,入門,14,2
2859,862,中,なか,な↓か,naka,inside,N,入門,14,2
3688,860,前,まえ,ま↓え,mae,in front ,N,入門,14,2
3735,870,待っててください,まっててください,ま↓っててくださ↓い,mattete kudasai,Please wait there.,Exp,入門,14,2
4048,863,横,よこ,よこ○,yoko,beside,N,入門,14,2
4212,869,わかった,わかった,わか↓った,wakatta,I understand. (a casual way of saying わかりました),Exp,入門,14,2
83,872,新しい,あたらしい,あたらし↓い,atarashii,new,イA,入門,14,3
139,892,あれ,あれ,あれ○,are,that,N,入門,14,3
474,873,大きい,おおきい,おおき↓い,ookii,large,イA,入門,14,3
476,874,大きな,おおきな,お↓おきな,ookina,large ,,入門,14,3
605,886,お寺,おてら,おてら○,otera,temple,N,入門,14,3
953,889,川,かわ,かわ↓,kawa,river,N,入門,14,3
1030,884,きたない,きたない,きたな↓い,kitanai,dirty,イA,入門,14,3
1130,883,きれい（な）,きれい（な）,き↓れい（な）,kiree (na),clean,ナA,入門,14,3
1300,888,公園,こうえん,こうえん○,kooen,park,N,入門,14,3
1658,880,静か（な）,しずか（な）,し↓ずか（な）,shizuka (na),quiet,ナA,入門,14,3
1876,885,商店街,しょうてんがい,しょうて↓んがい,shootengai,shopping street,N,入門,14,3
2140,882,せまい,せまい,せま↓い,semai,cramped,イA,入門,14,3
2201,898,そうだね,そうだね,そ↓うだね,soo da ne,Yes. / I agree. (a casual way of saying そうですね),Exp,入門,14,3
2312,877,高い,たかい,たか↓い,takai,high,イA,入門,14,3
2321,896,たくさん,たくさん,たくさん○,takusan,lots of,N,入門,14,3
2354,893,建物,たてもの,たて↓もの／たても↓の,tatemono,building,N,入門,14,3
2422,875,小さい,ちいさい,ちいさ↓い,chiisai,small,イA,入門,14,3
2423,876,小さな,ちいさな,ち↓いさな,chiisana,small ,,入門,14,3
2610,895,～でしょう？,～でしょう？,～でしょう？,～deshoo?,～ isn't it? (used when the speaker is looking for the other person's agreement),,入門,14,3
2734,894,～ドーム　（札幌ドーム）,～ドーム　（さっぽろドーム）,～ド↓ーム　（さっぽろド↓ーム）,～doomu　(sapporo-doomu),～ Dome　(e.g. Sapporo Dome),N,入門,14,3
2735,890,通り,とおり,とおり↓,toori,street,N,入門,14,3
2951,879,にぎやか（な）,にぎやか（な）,にぎ↓やか（な）,nigiyaka (na),lively,ナA,入門,14,3
3339,878,低い,ひくい,ひく↓い,hikui,low,イA,入門,14,3
3418,881,広い,ひろい,ひろ↓い,hiroi,spacious,イA,入門,14,3
3529,871,古い,ふるい,ふる↓い,furui,old,イA,入門,14,3
3792,897,見て,みて,み↓て,mite,Look at that!,Exp,入門,14,3
3951,887,野球場,やきゅうじょう,やきゅうじょう○,yakyuujoo,baseball ground,N,入門,14,3
4002,891,有名（な）,ゆうめい（な）,ゆうめい（な）○,yuumee (na),famous,ナA,入門,14,3
324,916,受付時間,うけつけじかん,うけつけじ↓かん,uketsuke-jikan,reception hours,N,入門,14,4
392,913,営業時間,えいぎょうじかん,えいぎょうじ↓かん,eegyoo-jikan,opening hours,N,入門,14,4
396,908,営業中,えいぎょうちゅう,えいぎょうちゅう○,eegyoochuu,open,N,入門,14,4
1014,899,危険,きけん,きけん○,kiken,danger,N,入門,14,4
1145,904,銀行,ぎんこう,ぎんこう○,ginkoo,bank,N,入門,14,4
1310,902,工事中,こうじちゅう,こうじちゅう○,koojichuu,under construction,N,入門,14,4
1523,909,祭（日）,さい（じつ）,さい（じつ）○,sai (jitsu),public holiday,N,入門,14,4
1553,905,酒,さけ,さけ○,sake,liquor,N,入門,14,4
1810,910,祝（日）,しゅく（じつ）,しゅく（じつ）○,shuku (jitsu),public holiday,N,入門,14,4
1843,907,準備中,じゅんびちゅう,じゅんびちゅう○,junbichuu,opening soon,N,入門,14,4
2372,903,たばこ,たばこ,たばこ○,tabako,tobacco / cigarette,N,入門,14,4
2455,900,注意,ちゅうい,ちゅ↓うい,chuui,caution,N,入門,14,4
2504,901,通行止,つうこうどめ,つうこうどめ○,tsuukoodome,road closed,N,入門,14,4
2575,906,定休日,ていきゅうび,ていきゅ↓うび,teekyuubi,closed every ～,N,入門,14,4
2583,915,ディナー,ディナー,ディ↓ナー,dinaa,dinner,N,入門,14,4
2979,911,24時間営業,にじゅうよじかんえいぎょう,に↓じゅう△よじかんえ↓いぎょう,nijuu-yojikan-eegyoo,open 24 hours,N,入門,14,4
3082,912,年中無休,ねんじゅうむきゅう,ね↓んじゅう△むきゅう○,nenjuu-mukyuu,open year round,N,入門,14,4
3965,917,休,やすみ,やすみ↓,yasumi,closed,N,入門,14,4
4109,914,ランチ,ランチ,ラ↓ンチ,ranchi,lunch,N,入門,14,4
407,933,駅前,えきまえ,えきまえ○／えきま↓え,ekimae,in front of the station,N,入門,15,1
761,929,懐中電灯,かいちゅうでんとう,かいちゅうで↓んとう,kaichuu-dentoo,torch,N,入門,15,1
1374,931,ココナッツミルク,ココナッツミルク,ココナッツミ↓ルク,kokonattsu-miruku,coconut milk,N,入門,15,1
1504,918,コンビニ,コンビニ,コンビニ○,konbini,convenience store,N,入門,15,1
1924,922,ショッピングセンター,ショッピングセンター,ショッピングセ↓ンター,shoppingu-sentaa,shopping center,N,入門,15,1
1925,923,ショッピングモール,ショッピングモール,ショッピングモ↓ール,shoppingu-mooru,shopping mall,N,入門,15,1
1990,919,スーパー,スーパー,ス↓ーパー,suupaa,supermarket,N,入門,15,1
2167,927,洗濯ばさみ,せんたくばさみ,せんたくば↓さみ,sentaku-basami,clothes peg,N,入門,15,1
2620,925,デパート,デパート,デパ↓ート,depaato,department store,N,入門,15,1
2657,926,電池,でんち,でんち○／で↓んち,denchi,battery,N,入門,15,1
2736,935,～とか,～とか,～と↓か,～toka,for example (used when giving an example),,入門,15,1
2753,936,どこで買えますか？,どこでかえますか？,ど↓こでかえま↓すか？,doko de kaemasu ka?,where can I buy this?,Exp,入門,15,1
2815,921,ドラッグストア,ドラッグストア,ドラッグスト↓ア,doraggu-sutoa,drugstore,N,入門,15,1
3391,920,100円ショップ,ひゃくえんショップ,ひゃくえんショ↓ップ,hyaku-en-shoppu,100-yen shop,N,入門,15,1
3589,930,弁当箱／お弁当箱,べんとうばこ／おべんとうばこ,べんと↓うばこ／おべんと↓うばこ,bentoobako / obentoobako,lunchbox,N,入門,15,1
3612,924,ホームセンター,ホームセンター,ホームセ↓ンター,hoomu-sentaa,home improvement store,N,入門,15,1
3623,932,ほしい,ほしい,ほし↓い,hoshii,want,イA,入門,15,1
3777,934,店／お店,みせ／おみせ,みせ↓／おみせ○,mise / omise,store,N,入門,15,1
4007,928,浴衣,ゆかた,ゆかた○,yukata,yukata (Japanese summer robe),N,入門,15,1
300,954,インテリア,インテリア,インテ↓リア,interia,interior furnishings,N,入門,15,2
515,950,屋上駐車場,おくじょうちゅうしゃじょう,おくじょうちゅうしゃじょう○,okujoo-chuushajoo,rooftop car park,N,入門,15,2
690,955,おもちゃ,おもちゃ,おも↓ちゃ,omocha,toys,N,入門,15,2
727,941,～階,～かい,～かい,～kai,～ floor,,入門,15,2
801,953,家具,かぐ,か↓ぐ,kagu,furniture,N,入門,15,2
882,952,家電,かでん,かでん○,kaden,household appliances,N,入門,15,2
1192,942,暮らし,くらし,くらし○,kurashi,home,N,入門,15,2
1228,939,蛍光灯,けいこうとう,けいこうとう○,keekootoo,fluorescent light,N,入門,15,2
1245,963,化粧品,けしょうひん,けしょうひん○,keshoohin,cosmetics,N,入門,15,2
1554,965,酒,さけ,さけ○,sake,liquor,N,入門,15,2
1565,957,雑貨,ざっか,ざっか○,zakka,sundry goods,N,入門,15,2
1892,937,しょうゆ,しょうゆ,しょうゆ○,shooyu,soy sauce,N,入門,15,2
1914,949,食品,しょくひん,しょくひん○,shokuhin,food,N,入門,15,2
1917,964,食料品,しょくりょうひん,しょくりょうひん○,shokuryoohin,food products,N,入門,15,2
1956,946,紳士,しんし,し↓んし,shinshi,men,N,入門,15,2
1957,959,靴,くつ,くつ↓,kutsu,shoes,N,入門,15,2
1995,938,スカート,スカート,スカ↓ート,sukaato,skirt,N,入門,15,2
2065,961,スポーツ用品,スポーツようひん,スポーツよ↓うひん,supootsu-yoohin,sporting goods,N,入門,15,2
2093,951,生活用品,せいかつようひん,せいかつよ↓うひん,seekatsu-yoohin,daily necessities,N,入門,15,2
2418,940,ダンベル,ダンベル,ダンベル○,danberu,dumbbell,N,入門,15,2
3211,958,肌着,はだぎ,はだぎ○,hadagi,underclothes,N,入門,15,2
3230,960,バッグ,バッグ,バ↓ッグ,baggu,bags,N,入門,15,2
3465,944,服,ふく,ふく↓,fuku,clothing,N,入門,15,2
3470,962,服飾雑貨,ふくしょくざっか,ふくしょくざ↓っか,fukushoku-zakka,fashion accessories,N,入門,15,2
3480,948,婦人,ふじん,ふじん○,fujin,women,N,入門,15,2
3535,943,フロア,フロア,フロ↓ア,furoa,floor,N,入門,15,2
3548,956,文房具,ぶんぼうぐ,ぶんぼ↓うぐ,bunboogu,stationery,N,入門,15,2
3850,966,銘店,めいてん,めいてん○,meeten,well-known store,N,入門,15,2
3866,945,メンズ,メンズ,メンズ○,menzu,men's,N,入門,15,2
4167,947,レディース,レディース,レディース○,rediisu,women's,N,入門,15,2
231,976,1階,いっかい,いっかい○,ikkai,first floor,N,入門,15,3
438,970,延長コード,えんちょうコード,えんちょうコ↓ード,enchoo-koodo,extension cord,N,入門,15,3
920,968,カメラ,カメラ,カ↓メラ,kamera,camera,N,入門,15,3
1076,984,9階,きゅうかい,きゅうかい○,kyuu-kai,ninth floor,N,入門,15,3
1285,974,ご案内します／ご案内いたします,ごあんないします／ごあんないいたします,ごあんないしま↓す／ごあんないいたしま↓す,goannai shimasu / goannai itashimasu,I'll show you. (polite expression),Exp,入門,15,3
1353,980,5階,ごかい,ごかい○,go-kai,fifth floor,N,入門,15,3
1403,972,こちら,こちら,こちら○,kochira,"here, this way",N,入門,15,3
1587,978,3階,さんかい／さんがい,さんかい○／さんがい○,san-kai / san-gai,third floor,N,入門,15,3
1815,985,10階,じゅっかい,じゅっかい○,jukkai,tenth floor,N,入門,15,3
2071,969,スマホケース,スマホケース,スマホケ↓ース,sumaho-keesu,smartphone case,N,入門,15,3
2604,973,～でございます,～でございます,～でございま↓す,～de gozaimasu,is (polite expression for です),Exp,入門,15,3
2811,967,ドライヤー,ドライヤー,ドライヤー○,doraiyaa,hair-dryer,N,入門,15,3
2883,982,7階,ななかい,ななかい○,nana-kai,seventh floor,N,入門,15,3
2919,971,何階,なんかい／なんがい,なんかい○／なんがい○,nan-kai / nan-gai,what floor,N,入門,15,3
2944,977,2階,にかい,にかい○,ni-kai,second floor,N,入門,15,3
3000,975,～になります,～になります,～になりま↓す,～ni narimasu,is (polite expression for です),Exp,入門,15,3
3217,983,8階,はちかい／はっかい,はちかい○／はっかい○,hachi-kai / hakkai,eighth floor,N,入門,15,3
4080,979,4階,よんかい,よんかい○,yon-kai,fourth floor,N,入門,15,3
4196,981,6階,ろっかい,ろっかい○,rokkai,sixth floor,N,入門,15,3
559,993,おしゃれ（な）,おしゃれ（な）,おしゃ↓れ（な）,oshare (na),stylish,ナA,入門,15,4
681,990,おもしろい,おもしろい,おもしろ↓い,omoshiroi,interesting,イA,入門,15,4
822,1006,傘,かさ,か↓さ,kasa,umbrella,N,入門,15,4
867,986,かっこいい,かっこいい,かっこい↓い,kakkoii,cool,イA,入門,15,4
898,996,かばん,かばん,かばん○,kaban,bag,N,入門,15,4
957,987,かわいい,かわいい,かわい↓い,kawaii,cute,イA,入門,15,4
1131,991,きれい（な）,きれい（な）,き↓れい（な）,kiree (na),pretty / beautiful,ナA,入門,15,4
1181,1003,くつ,くつ,くつ↓,kutsu,shoes,N,入門,15,4
1183,997,くつ下,くつした,くつ↓した,kutsushita,socks,N,入門,15,4
1344,1008,コート,コート,コ↓ート,kooto,coat,N,入門,15,4
1727,1007,ジャケット,ジャケット,ジャケット○／ジャケ↓ット,jaketto,jacket,N,入門,15,4
1734,998,シャツ,シャツ,シャ↓ツ,shatsu,shirt,N,入門,15,4
2040,992,すてき（な）,すてき（な）,すてき（な）○,suteki (na),nice / wonderful,ナA,入門,15,4
2066,999,ズボン,ズボン,ズボ↓ン／ズ↓ボン,zubon,trousers,N,入門,15,4
2255,1009,それに,それに,それに○,soreni,besides / in addition,,入門,15,4
2313,988,高い,たかい,たか↓い,takai,expensive,イA,入門,15,4
2572,1001,Tシャツ,ティーシャツ,ティーシャツ○,tii-shatsu,T-shirt,N,入門,15,4
3056,1004,ネクタイ,ネクタイ,ネ↓クタイ,nekutai,necktie,N,入門,15,4
3231,995,バッグ,バッグ,バ↓ッグ,baggu,bag,N,入門,15,4
3301,1000,パンツ,パンツ,パンツ○／パ↓ンツ,pantsu,pants,N,入門,15,4
3590,994,変（な）,へん（な）,へ↓ん（な）,hen (na),strange,ナA,入門,15,4
3604,1005,帽子,ぼうし,ぼうし○,booshi,hat　/ cap,N,入門,15,4
3659,1010,本当！,ほんとう !,ほんとう !○,hontoo !,It really is!,Exp,入門,15,4
3961,989,安い,やすい,やす↓い,yasui,cheap,イA,入門,15,4
4244,1002,ワンピース,ワンピース,ワンピ↓ース,wanpiisu,dress,N,入門,15,4
277,1011,入口,いりぐち,いりぐち○,iriguchi,entrance,N,入門,15,5
505,1015,お客様,おきゃくさま,おきゃくさ↓ま,okyakusama,customer (polite expression),N,入門,15,5
570,1016,押す／押,おす,おす○,osu,to push,V［1］,入門,15,5
1174,1021,下り,くだり,くだり○,kudari,down,N,入門,15,5
1244,1013,化粧室,けしょうしつ,けしょ↓うしつ,keshooshitsu,restroom,N,入門,15,5
2603,1012,出口,でぐち,で↓ぐち,deguchi,exit,N,入門,15,5
2760,1019,閉じる／閉,とじる,とじ↓る,tojiru,to close,V［2］,入門,15,5
3100,1020,上り,のぼり,のぼり○,nobori,up,N,入門,15,5
3337,1017,引く／引,ひく,ひく○,hiku,to pull,V［1］,入門,15,5
3351,1014,非常口,ひじょうぐち,ひじょ↓うぐち,hijooguchi,emergency exit,N,入門,15,5
3411,1018,開く／開,ひらく,ひら↓く,hiraku,to open,V［1］,入門,15,5
183,1064,いくら,いくら,い↓くら,ikura,how much (asking price),N,入門,16,1
206,1022,1円,いちえん,いちえん○,ichi-en,1 yen,N,入門,16,1
225,1044,"10,000",いちまん,いちま↓ん,ichiman,ten thousand,N,入門,16,1
226,1063,"10,000円",いちまんえん,いちまんえん○,ichiman-en,"10,000 yen",N,入門,16,1
1087,1043,"9,000",きゅうせん,きゅうせ↓ん,kyuusen,nine thousand,N,入門,16,1
1088,1062,"9,000円",きゅうせんえん,きゅうせんえん○,kyuusen-en,"9,000 yen",N,入門,16,1
1101,1034,900,きゅうひゃく,きゅ↓うひゃく,kyuuhyaku,nine hundred,N,入門,16,1
1102,1053,900円,きゅうひゃくえん,きゅうひゃく↓えん,kyuuhyaku-en,900 yen,N,入門,16,1
1339,1023,5円,ごえん,ご↓えん,go-en,5 yen,N,入門,16,1
1382,1025,50円,ごじゅうえん,ごじゅ↓うえん,gojuu-en,50 yen,N,入門,16,1
1390,1039,"5,000",ごせん,ごせ↓ん,gosen,five thousand,N,入門,16,1
1392,1058,"5,000円",ごせんえん,ごせんえん○,gosen-en,"5,000 yen",N,入門,16,1
1440,1030,500,ごひゃく,ごひゃく↓,gohyaku,five hundred,N,入門,16,1
1441,1049,500円,ごひゃくえん,ごひゃく↓えん,gohyaku-en,500 yen,N,入門,16,1
1603,1037,"3,000",さんぜん,さんぜ↓ん,sanzen,three thousand,N,入門,16,1
1604,1056,"3,000円",さんぜんえん,さんぜんえん○,sanzen-en,"3,000 yen",N,入門,16,1
1610,1028,300,さんびゃく,さ↓んびゃく,sanbyaku,three hundred,N,入門,16,1
1611,1047,300円,さんびゃくえん,さんびゃく↓えん,sanbyaku-en,300 yen,N,入門,16,1
1750,1024,10円,じゅうえん,じゅうえん○,juu-en,10 yen,N,入門,16,1
2146,1035,"1,000",せん,せ↓ん,sen,one thousand,N,入門,16,1
2151,1054,"1,000円",せんえん,せ↓んえん／せんえん○,sen-en,"1,000 yen",N,入門,16,1
2887,1041,"7,000",ななせん,ななせ↓ん,nanasen,seven thousand,N,入門,16,1
2888,1060,"7,000円",ななせんえん,ななせんえん○,nanasen-en,"7,000 yen",N,入門,16,1
2892,1032,700,ななひゃく,なな↓ひゃく,nanahyaku,seven hundred,N,入門,16,1
2893,1051,700円,ななひゃくえん,ななひゃく↓えん,nanahyaku-en,700 yen,N,入門,16,1
2985,1036,"2,000",にせん,にせ↓ん,nisen,two thousand,N,入門,16,1
2986,1055,"2,000円",にせんえん,にせんえん○,nisen-en,"2,000 yen",N,入門,16,1
3004,1027,200,にひゃく,にひゃく↓,nihyaku,two hundred,N,入門,16,1
3005,1046,200円,にひゃくえん,にひゃく↓えん,nihyaku-en,200 yen,N,入門,16,1
3236,1042,"8,000",はっせん,はっせ↓ん,hassen,eight thousand,N,入門,16,1
3237,1061,"8,000円",はっせんえん,はっせんえん○,hassen-en,"8,000 yen",N,入門,16,1
3241,1033,800,はっぴゃく,はっぴゃく↓,happyaku,eight hundred,N,入門,16,1
3242,1052,800円,はっぴゃくえん,はっぴゃく↓えん,happyaku-en,800 yen,N,入門,16,1
3389,1026,100,ひゃく,ひゃく↓,hyaku,one hundred,N,入門,16,1
3390,1045,100円,ひゃくえん,ひゃくえん○,hyaku-en,100 yen,N,入門,16,1
4086,1038,"4,000",よんせん,よんせ↓ん,yonsen,four thousand,N,入門,16,1
4087,1057,"4,000円",よんせんえん,よんせんえん○,yonsen-en,"4,000 yen",N,入門,16,1
4088,1029,400,よんひゃく,よ↓んひゃく,yonhyaku,four hundred,N,入門,16,1
4089,1048,400円,よんひゃくえん,よんひゃく↓えん,yonhyaku-en,400 yen,N,入門,16,1
4192,1040,"6,000",ろくせん,ろくせ↓ん,rokusen,six thousand,N,入門,16,1
4193,1059,"6,000円",ろくせんえん,ろくせんえん○,rokusen-en,"6,000 yen",N,入門,16,1
4200,1031,600,ろっぴゃく,ろっぴゃく↓,roppyaku,six hundred,N,入門,16,1
4201,1050,600円,ろっぴゃくえん,ろっぴゃく↓えん,roppyaku-en,600 yen,N,入門,16,1
105,1073,あの,あの,あの○,ano,that ～ (away from both speaker and listener) ,N,入門,16,2
140,1074,あれ,あれ,あれ○,are,that (away from both speaker and listener),N,入門,16,2
160,1075,いいです,いいです,い↓いです,ii desu,"No, thank you. (used to refuse something, the same as けっこうです)",Exp,入門,16,2
493,1066,お菓子,おかし,おか↓し,okashi,sweets,N,入門,16,2
952,1065,カレンダー,カレンダー,カレ↓ンダー,karendaa,calendar,N,入門,16,2
1427,1071,この,この,この○,kono,this ～ (close to the speaker) ,N,入門,16,2
1474,1072,これ,これ,これ○,kore,this (close to the speaker) ,N,入門,16,2
2230,1069,その,その,その○,sono,that ～ (close to the listener) ,N,入門,16,2
2245,1070,それ,それ,それ○,sore,that (close to the listener) ,N,入門,16,2
2573,1068,Tシャツ,ティーシャツ,ティーシャツ○,tii-shatsu,T-shirt,N,入門,16,2
3745,1067,招き猫,まねきねこ,まねきね↓こ,manekineko,maneki-neko (lucky cat figurine),N,入門,16,2
233,1089,1個,いっこ,い↓っこ,ikko,1 item,N,入門,16,3
363,1084,梅,うめ,うめ○,ume,ume (pickled plum),N,入門,16,3
833,1088,かしこまりました,かしこまりました,かしこまりま↓した,kashikomarimashita,Certainly. (polite expression),Exp,入門,16,3
1084,1097,9個,きゅうこ,きゅ↓うこ,kyuu-ko,9 items,N,入門,16,3
1200,1086,～g,～グラム,～グ↓ラム,～guramu,～ g,,入門,16,3
1281,1085,～個,～こ,～こ,～ko,～ items,,入門,16,3
1369,1093,5個,ごこ,ご↓こ,go-ko,5 items,N,入門,16,3
1481,1077,コロッケ,コロッケ,コ↓ロッケ／コロ↓ッケ,korokke,korokke (deep-fried side dish similar to croquettes),N,入門,16,3
1505,1082,昆布,こんぶ,こ↓んぶ,konbu,kombu (kelp),N,入門,16,3
1596,1091,3個,さんこ,さ↓んこ,san-ko,3 items,N,入門,16,3
1797,1078,シュウマイ,シュウマイ,シュウマイ○,shuumai,shumai (Chinese meat dumpling),N,入門,16,3
1817,1098,10個,じゅっこ,じゅ↓っこ,jukko,10 items,N,入門,16,3
2033,1087,～ずつ,～ずつ,～ず↓つ,～zutsu,～ each,,入門,16,3
2308,1076,たい焼き,たいやき,たいやき○,taiyaki,taiyaki (confectionery shaped like a grilled sea bream),N,入門,16,3
2394,1083,たらこ,たらこ,たらこ○,tarako,tarako (cod roe),N,入門,16,3
2427,1081,チーズケーキ,チーズケーキ,チーズケ↓ーキ,chiizu-keeki,cheesecake,N,入門,16,3
2490,1080,チョコレートケーキ,チョコレートケーキ,チョコレートケ↓ーキ,chokoreeto-keeki,chocolate cake,N,入門,16,3
2885,1095,7個,ななこ,なな↓こ,nana-ko,7 items,N,入門,16,3
2923,1099,何個,なんこ,な↓んこ,nan-ko,how many (items),N,入門,16,3
2958,1090,2個,にこ,に↓こ,ni-ko,2 items,N,入門,16,3
3220,1096,8個,はちこ／はっこ,はち↓こ／は↓っこ,hachi-ko / hakko,8 items,N,入門,16,3
3336,1079,ひき肉,ひきにく,ひきにく○,hikiniku,minced meat,N,入門,16,3
4082,1092,4個,よんこ,よ↓んこ,yon-ko,4 items,N,入門,16,3
4199,1094,6個,ろっこ,ろ↓っこ,rokko,6 items,N,入門,16,3
78,1100,温める／温めます,あたためる／あたためます,あたため↓る／あたためま↓す,atattameru / atatamemasu,to warm up,V［2］,入門,16,4
127,1108,ありがとうございました,ありがとうございました,あり↓がとうございま↓した,arigatoo gozaimashita,Thank you very much. (used to say thank you at the end),Exp,入門,16,4
419,1117,Edy,エディ,エ↓ディー,edii,Edy (electronic payment card）,N,入門,16,4
487,1112,お会計、～になります,おかいけい、～になります,おかいけい○、～になりま↓す,"okaikee, ～ni narimasu",The total amount is ～. (polite expression),Exp,入門,16,4
596,1110,お次の方,おつぎのかた,おつぎのかた↓,otsugi no kata,"Next, please. (polite expression)",Exp,入門,16,4
597,1111,おつけしますか？,おつけしますか？,おつけしま↓すか？,otsuke-shimasu ka?,Shall I add ～ ? (polite expression),Exp,入門,16,4
650,1113,おはし,おはし,おは↓し,ohashi,chopsticks,N,入門,16,4
1216,1116,クレジットカード,クレジットカード,クレジットカ↓ード,kurejitto-kaado,credit card,N,入門,16,4
1404,1109,こちら,こちら,こちら○,kochira,this (polite expression),N,入門,16,4
1976,1102,Suica,スイカ,ス↓イカ,suika,"Suica (a pre-paid card used to pay transportation fees, such as train and bus fares, and for shopping)",N,入門,16,4
2048,1115,ストロー,ストロー,スト↓ロー,sutoroo,straw,N,入門,16,4
2286,1105,だいじょうぶです,だいじょうぶです,だいじょ↓うぶです,daijoobu desu,That's all right. (used when refusing something),Exp,入門,16,4
2352,1107,タッチしてください,タッチしてください,タ↓ッチしてくださ↓い,tacchi-shite kudasai,Tap your card here please.,Exp,入門,16,4
2353,1103,タッチする／タッチします,タッチする／タッチします,タ↓ッチする／タ↓ッチします,tacchi-suru / tacchi-shimasu,to tap / touch,V［3］,入門,16,4
2589,1106,～でお願いします,～でおねがいします,～でおねがいしま↓す,～de onegaishimasu,"With ～, please. ",Exp,入門,16,4
3131,1104,～は、どうしますか？,～は、どうしますか？,～は、ど↓うしますか？,"～wa, doo shimasu ka?",And what about ～?,Exp,入門,16,4
3460,1114,フォーク,フォーク,フォ↓ーク,fooku,fork,N,入門,16,4
3474,1101,袋,ふくろ,ふくろ↓,fukuro,bag,N,入門,16,4
3551,1118,PayPay,ペイペイ,ペ↓イペイ,peipei,PayPay (QR-code-based electronic payment method),N,入門,16,4
208,1132,苺ショートケーキ,いちごショートケーキ,いちごショートケ↓ーキ,ichigo-shootokeeki,strawberry shortcake,N,入門,16,5
435,1139,～円均一　（50円均一）,～えんきんいつ　（ごじゅうえんきんいつ）,～えんき↓んいつ　（ごじゅうえんき↓んいつ）,～en-kin'itsu  (gojuu-en-kin'itsu),everything at ～ yen　(e.g. everything at 50 yen),,入門,16,5
443,1131,～円引　（50円引）,～えんびき　（ごじゅうえんびき）,～えんびき○　（ごじゅうえんびき○）,～en-biki　(gojuu-en-biki),～ yen off　(e.g. 50 yen off),,入門,16,5
465,1126,応援,おうえん,おうえん○,ooen,support,N,入門,16,5
1356,1128,小型,こがた,こがた○,kogata,compact,N,入門,16,5
1363,1138,国産銘柄鶏胸肉,こくさんめいがらとりむねにく,こくさんめいがらとりむね↓にく,kokusan-meegara-tori-muneniku,famous home-grown chicken breast,N,入門,16,5
1583,1129,さらに,さらに,さ↓らに,sarani,further,,入門,16,5
1884,1141,商品,しょうひん,しょ↓うひん,shoohin,product,N,入門,16,5
2094,1122,税込,ぜいこみ,ぜいこみ○,zeekomi,including tax,N,入門,16,5
2099,1135,税抜,ぜいぬき,ぜいぬき○,zeenuki,excluding tax,N,入門,16,5
2107,1127,セール,セール,セ↓ール,seeru,sale,N,入門,16,5
2173,1124,全品,ぜんぴん,ぜ↓んぴん,zenpin,all items,N,入門,16,5
3059,1134,値下価格,ねさげかかく,ねさげか↓かく,nesage-kakaku,discounted price,N,入門,16,5
3135,1123,～％引　（10％引）,～パーセントびき　（じゅっパーセントびき）,～パーセントびき○　（じゅっパーセントびき○）,～paasento-biki　(juppaasento-biki),～ % off　(e.g. 10% off),,入門,16,5
3288,1136,半額,はんがく,はんがく○,hangaku,half price,N,入門,16,5
3374,1125,一人暮らし,ひとりぐらし,ひとりぐ↓らし,hitorigurashi,living alone,N,入門,16,5
3405,1120,表示価格より,ひょうじかかくより,ひょうじか↓かくより,hyooji-kakaku yori,from the list price,,入門,16,5
3598,1130,ポイントサービス,ポイントサービス,ポイントサ↓ービス,pointo-saabisu,reward points,N,入門,16,5
3656,1133,本日,ほんじつ,ほ↓んじつ,honjitsu,today,N,入門,16,5
4159,1137,レジにて,レジにて,レ↓ジに↓て,reji nite,at the cash register,,入門,16,5
4213,1121,若鶏,わかどり,わか↓どり,wakadori,spring chicken,N,入門,16,5
4224,1140,ワゴン,ワゴン,ワ↓ゴン,wagon,cart,N,入門,16,5
4241,1119,～割引  （二割引き）,～わりびき　（にわりびき）,～わりびき○　（にわりびき○）,～waribiki　(ni-waribiki),～ × 10% off　(e.g. 20% off),,入門,16,5
379,1143,運動する／運動します,うんどうする／うんどうします,うんどうする○／うんどうしま↓す,undoo-suru / undoo-shimasu,to exercise,V［3］,入門,17,1
478,1155,オーケストラ,オーケストラ,オーケ↓ストラ,ookesutora,orchestra,N,入門,17,1
772,1145,買う／買います,かう／かいます,かう○／かいま↓す,kau / kaimasu,to buy,V［1］,入門,17,1
852,1147,家族,かぞく,か↓ぞく,kazoku,family,N,入門,17,1
1045,1156,昨日,きのう,きのう○／きの↓う,kinoo,yesterday,N,入門,17,1
1488,1149,コンサート,コンサート,コ↓ンサート,konsaato,concert,N,入門,17,1
1714,1153,ジム,ジム,ジ↓ム,jimu,gym,N,入門,17,1
1799,1154,週末,しゅうまつ,しゅうまつ○,shuumatsu,weekend,N,入門,17,1
2192,1151,掃除する／掃除します,そうじする／そうじします,そうじする○／そうじしま↓す,sooji-suru / sooji-shimasu,to clean,V［3］,入門,17,1
2784,1157,土日,どにち,どにち○,donichi,Saturday and Sunday,N,入門,17,1
2898,1158,何も ,なにも,なにも○,nanimo,nothing,,入門,17,1
3069,1159,ネットで,ネットで,ネットで○,netto de,online,,入門,17,1
3078,1152,寝る／寝ます,ねる／ねます,ねる○／ねま↓す,neru / nemasu,to sleep,V［2］,入門,17,1
3107,1146,飲みに行く／飲みに行きます,のみにいく／のみにいきます,の↓みにいく／の↓みにいきます,nomi ni iku / nomi ni ikimasu,to go drinking,V［1］,入門,17,1
3251,1148,話す／話します,はなす／はなします,はな↓す／はなしま↓す,hanasu / hanashimasu,to talk,V［1］,入門,17,1
3466,1144,服,ふく,ふく↓,fuku,clothing,N,入門,17,1
3966,1142,休み,やすみ,やすみ↓,yasumi,day off,N,入門,17,1
4016,1150,ゆっくりする／ゆっくりします,ゆっくりする／ゆっくりします,ゆっく↓りする／ゆっく↓りします,yukkuri-suru / yukkuri-shimasu,to relax,V［3］,入門,17,1
156,1166,いい,いい,い↓い,ii,good,イA,入門,17,2
217,1169,一日中,いちにちじゅう,いちにちじゅう○,ichinichijuu,all day long,N,入門,17,2
261,1175,いまいち（な）,いまいち（な）,いま↓いち（な）,imaichi (na),not so good,ナA,入門,17,2
682,1165,おもしろい,おもしろい,おもしろ↓い,omoshiroi,interesting,イA,入門,17,2
1362,1163,国際フェスティバル,こくさいフェスティバル,こくさいフェ↓スティバル,kokusai-fesutibaru,international festival,N,入門,17,2
1386,1172,ゴジラ,ゴジラ,ゴ↓ジラ,gojira,Godzilla,N,入門,17,2
2052,1173,すばらしい,すばらしい,すばらし↓い,subarashii,wonderful,イA,入門,17,2
2164,1161,洗濯,せんたく,せんたく○,sentaku,laundry,N,入門,17,2
2189,1162,掃除,そうじ,そうじ○,sooji,cleaning,N,入門,17,2
2304,1168,大変（な）,たいへん（な）,たいへん（な）○,taihen (na),awful / tough,ナA,入門,17,2
2364,1164,楽しい,たのしい,たのし↓い,tanoshii,fun,イA,入門,17,2
2553,1174,つまらない,つまらない,つまら↓ない,tsumaranai,boring,イA,入門,17,2
2754,1170,どこにも,どこにも,どこにも○,dokonimo,nowhere,,入門,17,2
3581,1160,勉強,べんきょう,べんきょう○,benkyoo,study,N,入門,17,2
3670,1167,まあまあ（な）,まあまあ（な）,まあま↓あ（な）,maamaa (na),average,ナA,入門,17,2
4041,1171,よかった（です）,よかった（です）,よ↓かった（です）,yokatta (desu),It was good.,Exp,入門,17,2
450,1191,おいしい,おいしい,おいしい○／おいし↓い,oishii,delicious,イA,入門,17,3
461,1188,お祝い,おいわい,おいわい○,oiwai,celebration,N,入門,17,3
471,1185,多い,おおい,おお↓い,ooi,many,イA,入門,17,3
853,1176,家族で,かぞくで,か↓ぞくで,kazoku de,with family,,入門,17,3
1063,1181,気持ちいい,きもちいい,きもちい↓い,kimochi-ii,refreshing,イA,入門,17,3
1065,1184,気持ちよかった（です）,きもちよかった（です）,きもちよ↓かった（です）,kimochi-yokatta (desu),It was refreshing.,Exp,入門,17,3
1191,1180,クラゲ,クラゲ,クラゲ○,kurage,jellyfish,N,入門,17,3
1264,1187,元気（な）,げんき（な）,げ↓んき（な）,genki (na),healthy,ナA,入門,17,3
1389,1182,コスモス,コスモス,コ↓スモス,kosumosu,cosmos,N,入門,17,3
1977,1177,水族館,すいぞくかん,すいぞく↓かん,suizokukan,aquarium,N,入門,17,3
2021,1189,寿司屋,すしや,すし↓や,sushiya,sushi restaurant,N,入門,17,3
2220,1179,そして,そして,そして○,soshite,then,,入門,17,3
3247,1183,花,はな,はな↓,hana,flower,N,入門,17,3
3490,1190,二人で,ふたりで,ふたり↓で,futari de,two people,,入門,17,3
3587,1178,ペンギン,ペンギン,ペンギン○,pengin,penguin,N,入門,17,3
3716,1186,まだまだ,まだまだ,ま↓だまだ,mada mada,still,,入門,17,3
242,1226,いつでも,いつでも,いつでも○／い↓つでも,itsudemo,anytime,N,入門,17,4
244,1198,一般,いっぱん,いっぱん○,ippan,general,N,入門,17,4
393,1206,営業時間,えいぎょうじかん,えいぎょうじ↓かん,eegyoo-jikan,opening hours,N,入門,17,4
440,1224,延長料金,えんちょうりょうきん,えんちょうりょ↓うきん,enchoo-ryookin,extension fee,N,入門,17,4
625,1193,大人,おとな／だいにん,おとな○／だいにん○,otona / dainin,adult,N,入門,17,4
655,1215,お1人様,おひとりさま,おひとりさま○,ohitorisama,one person (polite expression),N,入門,17,4
791,1228,鍵付き,かぎつき,かぎつき○,kagi-tsuki,with key,N,入門,17,4
980,1230,完全（な）,かんぜん（な）,かんぜん（な）○,kanzen (na),completely,ナA,入門,17,4
1058,1223,基本料金,きほんりょうきん,きほんりょ↓うきん,kihon-ryookin,basic fee,N,入門,17,4
1080,1207,休業日,きゅうぎょうび,きゅうぎょ↓うび,kyuugyoobi,days closed,N,入門,17,4
1307,1194,高校生,こうこうせい,こうこ↓うせい,kookoosee,high school student,N,入門,17,4
1380,1221,個室,こしつ,こしつ○,koshitsu,private room,N,入門,17,4
1394,1205,古総湯,こそうゆ,こそ↓うゆ,Kosooyu,"Kosoyu public bathhouse (a communal bathhouse at Yamashiro Onsen, Ishikawa Prefecture)",N,入門,17,4
1417,1225,～毎に　（10分毎に）,～ごとに　（じゅっぷんごとに）,～ご↓とに　（じゅっぷんご↓とに）,～goto ni  (juppun-goto ni),per ～　(e.g. per 10 minutes),,入門,17,4
1513,1204,～歳以上　（十二歳以上）,～さいいじょう　（じゅうにさいいじょう）,～さいい↓じょう　（じゅうにさいい↓じょう）,～sai-ijoo　(juuni-sai-ijoo),aged ～ or above　(e.g. aged 12 or above),,入門,17,4
1861,1211,正午,しょうご,しょ↓うご,shoogo,noon,N,入門,17,4
1875,1195,小・中学生,しょうちゅうがくせい,しょうちゅうが↓くせい,shoo-chuugakusee,elementary & junior high school student,N,入門,17,4
1879,1201,小人,しょうにん,しょうにん○,shoonin,child,N,入門,17,4
2174,1217,全品,ぜんぴん,ぜ↓んぴん,zenpin,all items,N,入門,17,4
2269,1210,第～▲曜日　（第四水曜日）,だい～▲ようび　（だいよんすいようび）,だい～▲よ↓うび　（だいよんすいよ↓うび）,dai～▲yoobi　(dai-yon-suiyoobi),～ (day of the week) of the month　(e.g. fourth Wednesday of the month),N,入門,17,4
2279,1199,大学生,だいがくせい,だいが↓くせい,daigakusee,university student,N,入門,17,4
2381,1212,食べ放題,たべほうだい,たべほ↓うだい,tabe-hoodai,all you can eat,N,入門,17,4
2443,1192,チケット,チケット,チ↓ケット／チケ↓ット,chiketto,ticket,N,入門,17,4
2470,1200,中人,ちゅうにん,ちゅうにん○,chuunin,student,N,入門,17,4
2527,1218,～付き  （飲み放題付き）,～つき　（のみほうだいつき）,～つき○　（のみほうだいつき○）,～tsuki　（nomi-hoodai-tsuki）,with ～　(e.g. with all-you-can-drink),,入門,17,4
2567,1202,つり銭のお取り忘れに注意！,つりせんのおとりわすれにちゅうい！,つりせんのおとりわすれに　ちゅ↓うい！,tsurisen no otoriwasure ni chuui !,Please remember to take your change!,Exp,入門,17,4
2853,1227,ナイト,ナイト,ナ↓イト,naito,night,N,入門,17,4
3020,1197,入館券,にゅうかんけん,にゅうか↓んけん,nyuukanken,admission ticket,N,入門,17,4
3030,1208,入浴,にゅうよく,にゅうよく○,nyuuyoku,bathing,N,入門,17,4
3108,1213,飲み放題,のみほうだい,のみほ↓うだい,nomi-hoodai,all you can drink,N,入門,17,4
3233,1219,パック,パック,パ↓ック,pakku,package,N,入門,17,4
3239,1196,発売中,はつばいちゅう,はつばいちゅう○,hatsubaichuu,in operation,N,入門,17,4
3441,1220,ブース,ブース,ブ↓ース／ブース○,buusu,booth,N,入門,17,4
3442,1229,席,せき,せ↓き,seki,seat,N,入門,17,4
3511,1216,プラス,プラス,プラス○,purasu,plus,N,入門,17,4
3678,1209,毎月,まいつき,まいつき○,maitsuki,every month,N,入門,17,4
3848,1214,～名様より 　（2名様より）,～めいさまより　（にめいさまより）,～めいさまよ↓り　（に↓めいさまよ↓り）,～mee-sama yori　（ni-mee-sama yori),～ persons or more (polite expression) (e.g. 2 persons or more),,入門,17,4
4128,1203,料金,りょうきん,りょ↓うきん,ryookin,fee,N,入門,17,4
4129,1222,料金システム,りょうきんシステム,りょうきんシ↓ステム,ryookin-shisutemu,pricing system,N,入門,17,4
2531,1234,着きました,つきました,つきま↓した,tsukimashita,I have arrived home.,Exp,入門,17,5
2532,1231,着く／着きます,つく／つきます,つ↓く／つきま↓す,tsuku / tsukimasu,to arrive,V［1］,入門,17,5
3190,1232,はじめて,はじめて,はじ↓めて,hajimete,for the first time,,入門,17,5
3708,1233,また,また,また○,mata,again,,入門,17,5
16,1237,会う／会います,あう／あいます,あ↓う／あいま↓す,au / aimasu,to meet,V［1］,入門,18,1
180,1238,行く／行きます,いく／いきます,いく○／いきま↓す,iku / ikimasu,to go,V［1］,入門,18,1
185,1249,池袋,いけぶくろ,いけぶ↓くろ,ikebukuro,Ikebukuro,N,入門,18,1
343,1241,うち,うち,うち○,uchi,home,N,入門,18,1
773,1240,買う／買います,かう／かいます,かう○／かいま↓す,kau / kaimasu,to buy,V［1］,入門,18,1
1352,1247,ゴールデンウィーク,ゴールデンウィーク,ゴールデンウィ↓ーク,gooruden-wiiku,Golden Week,N,入門,18,1
1981,1239,炊飯器,すいはんき,すいは↓んき,suihanki,rice-cooker,N,入門,18,1
2751,1246,どこか,どこか,ど↓こか,dokoka,somewhere,N,入門,18,1
2803,1236,友だち,ともだち,ともだち○,tomodachi,friend,N,入門,18,1
2880,1243,夏休み,なつやすみ,なつや↓すみ,natsuyasumi,summer vacation,N,入門,18,1
3422,1244,広島,ひろしま,ひろしま○,hiroshima,Hiroshima,N,入門,18,1
3882,1242,もうすぐ,もうすぐ,もうす↓ぐ,moosugu,soon / almost,,入門,18,1
4056,1248,予定,よてい,よてい○,yotee,plans,N,入門,18,1
4146,1235,旅行する／旅行します,りょこうする／りょこうします,りょこうする○／りょこうしま↓す,ryokoo-suru / ryokoo-shimasu,to travel,V［3］,入門,18,1
4174,1245,連休,れんきゅう,れんきゅう○,renkyuu,holiday period,N,入門,18,1
94,1265,あと,あと,あ↓と,ato,and / also,,入門,18,2
238,1267,行って,いって,いって○,itte,You should go.,Exp,入門,18,2
670,1262,お土産,おみやげ,おみやげ○,omiyage,souvenir,N,入門,18,2
719,1260,温泉,おんせん,おんせん○,onsen,hot spring,N,入門,18,2
1060,1270,君の名は。,きみのなは,きみのなは↓,kimi no na wa,"Kimi no Na wa (""Your Name"")",N,入門,18,2
1115,1253,京都,きょうと,きょ↓うと,kyooto,Kyoto,N,入門,18,2
1949,1255,新幹線,しんかんせん,しんか↓んせん,shinkansen,Shinkansen (bullet train),N,入門,18,2
1958,1254,神社,じんじゃ,じ↓んじゃ,jinja,shrine,N,入門,18,2
1960,1268,新宿,しんじゅく,しんじゅく○,shinjuku,Shinjuku,N,入門,18,2
1996,1269,須賀神社,すがじんじゃ,すがじ↓んじゃ,suga-jinja,Suga Shrine,N,入門,18,2
2135,1263,ぜひ,ぜひ,ぜ↓ひ,zehi,definitely,,入門,18,2
2386,1259,食べる／食べます,たべる／たべます,たべ↓る／たべま↓す,taberu / tabemasu,to eat,V［2］,入門,18,2
2580,1250,ディズニーランド,ディズニーランド,ディズニーラ↓ンド,dizunii-rando,Disneyland,N,入門,18,2
2705,1266,どうして,どうして,ど↓うして,dooshite,why, ,入門,18,2
2813,1271,ドラえもん,ドラえもん,ドラえもん○,doraemon,Doraemon,N,入門,18,2
2817,1258,どら焼き,どらやき,どらやき○,dorayaki,dorayaki (cake with sweet bean paste),N,入門,18,2
3101,1252,登る／登ります,のぼる／のぼります,のぼる○／のぼりま↓す,noboru / noborimasu,to climb,V［1］,入門,18,2
3164,1261,入る／入ります,はいる／はいります,は↓いる／はいりま↓す,hairu / hairimasu,to enter,V［1］,入門,18,2
3479,1251,富士山,ふじさん,ふ↓じさん,fujisan,Mt. Fuji,N,入門,18,2
3615,1264,ほかに,ほかに,ほかに○,hoka ni,besides that,,入門,18,2
3813,1257,見る／見ます,みる／みます,み↓る／みま↓す,miru / mimasu,to watch,V［2］,入門,18,2
4009,1256,雪,ゆき,ゆき↓,yuki,snow,N,入門,18,2
39,1276,アクティビティ,アクティビティ,アクティ↓ビティ,akutibiti,activity,N,入門,18,3
1053,1275,気分,きぶん,き↓ぶん,kibun,feeling,N,入門,18,3
1729,1272,写真,しゃしん,しゃしん○,shashin,photograph,N,入門,18,3
2432,1277,チェックイン,チェックイン,チェックイ↓ン,chekku-in,check-in,N,入門,18,3
2688,1273,動画,どうが,どうが○,dooga,video,N,入門,18,3
2806,1274,友達をタグ付け,ともだちをタグづけ,ともだちをタグづけ○,tomodachi o tagu-zuke,tagging a friend,,入門,18,3
1241,1280,景色,けしき,け↓しき,keshiki,scenery,N,入門,18,4
2248,1281,それから,それから,それから○,sorekara,and then,,入門,18,4
2256,1279,それに,それに,それに○,soreni,besides / in addition,,入門,18,4
2258,1284,それは、よかったですね,それは、よかったですね,それ○は、よ↓かったですね,"sore wa, yokatta desu ne",That sounds good.,Exp,入門,18,4
2625,1283,でも,でも,で↓も,demo,but,,入門,18,4
2819,1282,鶏,とり,とり○,tori,chicken,N,入門,18,4
3564,1285,別府温泉,べっぷおんせん,べっぷお↓んせん,beppu-onsen,Beppu Onsen (hot spring area),N,入門,18,4
4203,1278,露天風呂,ろてんぶろ,ろてんぶ↓ろ／ろてんぶろ○,roten-buro,open-air bath,N,入門,18,4
491,1291,おかげさまで,おかげさまで,おかげさまで○,,Thank you.,Exp,初級1,1,1
1265,1290,元気（な）,げんき（な）,げ↓んき（な）,,healthy,ナA,初級1,1,1
1325,1287,後輩,こうはい,こうはい○,,junior colleague,N,初級1,1,1
1934,1288,知り合い,しりあい,しりあい○,,acquaintance,N,初級1,1,1
2171,1286,先輩,せんぱい,せんぱい○,,senior colleague,N,初級1,1,1
3348,1289,久しぶり,ひさしぶり,ひさしぶり○,,long time no see,N,初級1,1,1
219,1293,1年,いちねん,いち↓ねん,,a year,N,初級1,1,2
232,1304,1か月,いっかげつ,いっか↓げつ,,a month,N,初級1,1,2
813,1303,～か月,～かげつ,～か↓げつ,,～ months,,初級1,1,2
1077,1312,9か月,きゅうかげつ,きゅうか↓げつ,,nine months,N,初級1,1,2
1100,1324,9年,きゅうねん,きゅ↓うねん,,nine years,N,初級1,1,2
1121,1295,去年,きょねん,きょ↓ねん,,last year,N,初級1,1,2
1354,1308,5か月,ごかげつ,ごか↓げつ,,five months,N,初級1,1,2
1425,1320,5年,ごねん,ごねん○,,five years,N,初級1,1,2
1588,1306,3か月,さんかげつ,さんか↓げつ,,three months,N,初級1,1,2
1606,1318,3年,さんねん,さんねん○,,three years,N,初級1,1,2
1749,1314,11か月,じゅういっかげつ,じゅういっか↓げつ,,eleven months,N,初級1,1,2
1786,1315,12か月,じゅうにかげつ,じゅうにか↓げつ,,twelve months,N,初級1,1,2
1791,1325,10年,じゅうねん,じゅ↓うねん,,ten years,N,初級1,1,2
1816,1313,10か月,じゅっかげつ,じゅっか↓げつ,,ten months,N,初級1,1,2
2089,1296,生活,せいかつ,せいかつ○,,life,N,初級1,1,2
2152,1294,先月,せんげつ,せ↓んげつ／せんげつ○,,last month,N,初級1,1,2
2155,1326,先週,せんしゅう,せんしゅう○,,last week,N,初級1,1,2
2479,1299,ちょうど,ちょうど,ちょうど○,,just / exactly,,初級1,1,2
2884,1310,7か月,ななかげつ,ななか↓げつ,,seven months,N,初級1,1,2
2891,1322,7年,ななねん／しちねん,なな↓ねん／しち↓ねん,,seven years,N,初級1,1,2
2917,1298,慣れる,なれる,なれ↓る,,to get used to,V［2］,初級1,1,2
2931,1300,なんとか,なんとか,な↓んとか,,somehow / a little bit,,初級1,1,2
2946,1305,2か月,にかげつ,にか↓げつ,,two months,N,初級1,1,2
3001,1302,～になる　（1年になる）,～になる　（いちねんになる）,～にな↓る　（いち↓ねんにな↓る）,,it's been ～ years　(e.g. it's been a year),,初級1,1,2
3002,1317,2年,にねん,に↓ねん,,two years,N,初級1,1,2
3081,1316,～年,～ねん,～ねん,,for ～ years,,初級1,1,2
3218,1311,8か月,はちかげつ,はちか↓げつ,,eight months,N,初級1,1,2
3224,1323,8年,はちねん,はち↓ねん,,eight years,N,初級1,1,2
3302,1292,半年,はんとし,はんとし↓／はんとし○,,half a year,N,初級1,1,2
3709,1301,まだ,まだ,ま↓だ,,not yet,,初級1,1,2
3869,1297,もう,もう,も↓う,,already,,初級1,1,2
4062,1319,4年,よねん,よねん○,,four years,N,初級1,1,2
4081,1307,4か月,よんかげつ,よんか↓げつ,,four months,N,初級1,1,2
4195,1321,6年,ろくねん,ろく↓ねん,,six years,N,初級1,1,2
4197,1309,6か月,ろっかげつ,ろっか↓げつ,,six months,N,初級1,1,2
194,1343,忙しい,いそがしい,いそがし↓い,,busy,イA,初級1,1,3
741,1332,介護,かいご,か↓いご,,caregiving,N,初級1,1,3
807,1352,学生,がくせい,がくせい○,,student,N,初級1,1,3
924,1340,通う,かよう,かよう○,,to go to,V［1］,初級1,1,3
1276,1334,建設,けんせつ,けんせつ○,,construction,N,初級1,1,3
1313,1331,工場,こうじょう,こうじょ↓う,,factory,N,初級1,1,3
1649,1327,仕事,しごと,しごと○,,work,N,初級1,1,3
1650,1333,仕事をする,しごとをする,しごとをする○,,to work,V［3］,初級1,1,3
1829,1341,主婦,しゅふ,しゅ↓ふ,,housewife,N,初級1,1,3
1830,1342,主夫,しゅふ,しゅ↓ふ,,house husband,N,初級1,1,3
1965,1349,親切（な）,しんせつ（な）,し↓んせつ（な）,,kind / helpful,ナA,初級1,1,3
2180,1339,専門学校,せんもんがっこう,せんもんが↓っこう,,vocational school,N,初級1,1,3
2305,1344,大変（な）,たいへん（な）,たいへん（な）○,,tough,ナA,初級1,1,3
2365,1347,楽しい,たのしい,たのし↓い,,fun,イA,初級1,1,3
2522,1345,疲れる,つかれる,つかれ↓る,,to get tired,V［2］,初級1,1,3
2539,1336,作る,つくる,つく↓る,,to make / to grow,V［1］,初級1,1,3
3010,1337,日本語学校,にほんごがっこう,にほんごが↓っこう,,Japanese language school,N,初級1,1,3
3213,1329,働く,はたらく,はたらく○,,to work,V［1］,初級1,1,3
3536,1353,プログラミング,プログラミング,プログラミング○,,programming,N,初級1,1,3
3585,1338,勉強する,べんきょうする,べんきょうする○,,to study,V［3］,初級1,1,3
3586,1350,勉強になる,べんきょうになる,べんきょうにな↓る,,to learn a lot,V［1］,初級1,1,3
3638,1330,ホテル,ホテル,ホ↓テル,,hotel,N,初級1,1,3
3671,1346,まあまあ（な）,まあまあ（な）,まあま↓あ（な）,,so-so / average,ナA,初級1,1,3
3684,1351,毎日,まいにち,ま↓いにち／まいにち○,,every day,N,初級1,1,3
3820,1348,みんな,みんな,みんな↓,,everyone,N,初級1,1,3
3958,1335,野菜,やさい,やさい○,,vegetables,N,初級1,1,3
4161,1328,レストラン,レストラン,レ↓ストラン,,restaurant,N,初級1,1,3
289,1369,いろいろ（な）,いろいろ（な）,いろいろ（な）○,,various,ナA,初級1,2,1
554,1365,おしゃべり,おしゃべり,おしゃ↓べり,,chatting,N,初級1,2,1
718,1355,音楽,おんがく,お↓んがく,,music,N,初級1,2,1
1012,1356,聞く,きく,きく○,,to listen,V［1］,初級1,2,1
1024,1363,ギター,ギター,ギ↓ター／ギター○,,guitar,N,初級1,2,1
1413,1370,こと　（好きなこと）,こと　（すきなこと）,こと↓　（すき↓なこと↓）,,thing / something　(e.g. something you like) ,N,初級1,2,1
1730,1360,写真,しゃしん,しゃしん○,,photograph,N,初級1,2,1
1832,1354,趣味,しゅみ,しゅ↓み,,hobby,N,初級1,2,1
2618,1368,テニス,テニス,テ↓ニス,,tennis,N,初級1,2,1
2746,1373,特にない,とくにない,と↓くに　な↓い,,nothing in particular,,初級1,2,1
2832,1361,撮る,とる,と↓る,,"to take (a photo, video)",V［1］,初級1,2,1
3252,1372,話す,はなす,はな↓す,,to talk,V［1］,初級1,2,1
3319,1362,ピアノ,ピアノ,ピアノ○,,piano,N,初級1,2,1
3338,1364,弾く,ひく,ひく○,,to play (an instrument),V［1］,初級1,2,1
3365,1371,人,ひと,ひと○,,people,N,初級1,2,1
3652,1357,本,ほん,ほ↓ん,,book,N,初級1,2,1
3923,1359,もの　（おいしいもの）,もの　（おいしいもの）,もの↓　（おいしいもの↓）,,thing / something　(e.g. something tasty),N,初級1,2,1
4070,1358,読む,よむ,よ↓む,,to read,V［1］,初級1,2,1
4139,1366,料理,りょうり,りょ↓うり,,cooking,N,初級1,2,1
4144,1367,旅行,りょこう,りょこう○,,travel,N,初級1,2,1
103,1376,アニメ,アニメ,ア↓ニメ／アニメ○,,anime (animation),N,初級1,2,2
525,1388,お子さん,おこさん,おこさん○,,(your) child,N,初級1,2,2
1068,1387,キャッチボール,キャッチボール,キャッチボ↓ール,,playing catch,N,初級1,2,2
1614,1377,市,し,し↓,,city,N,初級1,2,2
2231,1381,そのあと,そのあと,そのあ↓と,,after that ～,,初級1,2,2
2273,1378,体育館,たいいくかん,たいいく↓かん,,gym,N,初級1,2,2
2590,1385,出かける,でかける,でかける○,,to go out,V［2］,初級1,2,2
2745,1386,特に,とくに,と↓くに,,especially,,初級1,2,2
3083,1383,～の？,～の？,～の？,,(used to ask questions in conversation),,初級1,2,2
3246,1375,バドミントン,バドミントン,バドミ↓ントン,,badminton,N,初級1,2,2
3619,1384,ぼく,ぼく,ぼ↓く／ぼく○,,I (usually used by male person),N,初級1,2,2
3661,1382,本当に,ほんとうに,ほんとうに○,,really,,初級1,2,2
3675,1379,毎週,まいしゅう,まいしゅう○,,every week,N,初級1,2,2
3949,1374,野球,やきゅう,やきゅう○,,baseball,N,初級1,2,2
3989,1380,夕方,ゆうがた,ゆうがた○,,early evening,N,初級1,2,2
18,1398,アウトドア,アウトドア,アウトド↓ア,,outdoor / outdoors,N,初級1,2,3
184,1405,いけばな,いけばな,いけ↓ばな,,ikebana (flower arrangement),N,初級1,2,3
254,1391,犬,いぬ,いぬ↓,,dog,N,初級1,2,3
360,1394,海,うみ,う↓み,,sea / ocean,N,初級1,2,3
398,1403,英語,えいご,えいご○,,English language,N,初級1,2,3
549,1400,教える,おしえる,おしえる○,,to tell,V［2］,初級1,2,3
1072,1392,キャンプ,キャンプ,キャ↓ンプ,,camp,N,初級1,2,3
1099,1418,9人,きゅうにん,きゅ↓うにん,,nine people,N,初級1,2,3
1283,1396,～語　（中国語）,～ご　（ちゅうごくご）,～ご　（ちゅうごくご○）,,～ language　(e.g. Chinese language),,初級1,2,3
1418,1397,ことば,ことば,ことば↓,,language,N,初級1,2,3
1424,1414,5人,ごにん,ごに↓ん／ごにん○,,five people,N,初級1,2,3
1517,1399,サイクリング,サイクリング,サ↓イクリング,,cycling,N,初級1,2,3
1605,1412,3人,さんにん,さんに↓ん／さんにん○,,three people,N,初級1,2,3
1790,1419,10人,じゅうにん,じゅ↓うにん,,ten people,N,初級1,2,3
1947,1401,～人　（フィリピン人）,～じん　（フィリピンじん）,～じん　（フィリピ↓ンじん）,,people from ～　(e.g. Filipino),,初級1,2,3
2058,1407,スペイン語,スペインご,スペインご○,,Spanish language,N,初級1,2,3
2565,1393,つり,つり,つり○,,fishing,N,初級1,2,3
2597,1404,できる,できる,でき↓る,,to be able to do something,V［2］,初級1,2,3
2890,1416,7人,ななにん／しちにん,なな↓にん／しち↓にん,,seven people,N,初級1,2,3
2907,1402,習う,ならう,なら↓う,,to learn,V［1］,初級1,2,3
2933,1409,何人,なんにん,な↓んにん,,how many people / persons,N,初級1,2,3
3037,1408,～人,～にん,～にん,,～ person(s),,初級1,2,3
3038,1390,～人家族　（3人家族）,～にんかぞく　（さんにんかぞく）,～にんか↓ぞく　（さんにんか↓ぞく）,,a family of ～　(e.g. a family of three),,初級1,2,3
3223,1417,8人,はちにん,はち↓にん,,eight people,N,初級1,2,3
3373,1410,1人,ひとり,ひと↓り,,one person,N,初級1,2,3
3438,1406,フィリピノ語,フィリピノご,フィリピノご○,,Filipino language,N,初級1,2,3
3489,1411,2人,ふたり,ふたり↓／ふたり○,,two people,N,初級1,2,3
3833,1389,娘,むすめ,むすめ↓,,daughter,N,初級1,2,3
3979,1395,山,やま,やま↓,,mountain,N,初級1,2,3
4060,1413,4人,よにん,よに↓ん／よにん○,,four people,N,初級1,2,3
4194,1415,6人,ろくにん,ろく↓にん,,six people,N,初級1,2,3
32,1441,秋,あき,あ↓き,,autumn / fall,N,初級1,3,1
74,1425,暖かい,あたたかい,あたたか↓い,,warm,イA,初級1,3,1
86,1422,暑い,あつい,あつ↓い,,hot,イA,初級1,3,1
121,1428,雨,あめ,あ↓め,,rain,N,初級1,3,1
870,1444,学校,がっこう,がっこう○,,school,N,初級1,3,1
1021,1420,季節,きせつ,き↓せつ,,season,N,初級1,3,1
1132,1435,きれい（な）,きれい（な）,き↓れい（な）,,beautiful,ナA,初級1,3,1
1419,1421,ことば,ことば,ことば↓,,word,N,初級1,3,1
1548,1433,咲く,さく,さく○,,to bloom,V［1］,初級1,3,1
1552,1431,桜,さくら,さくら○,,cherry blossom / cherry tree,N,初級1,3,1
1579,1424,寒い,さむい,さむ↓い,,cold,イA,初級1,3,1
1719,1426,じめじめする,じめじめする,じ↓めじめする,,damp,V［3］,初級1,3,1
2023,1423,すずしい,すずしい,すずし↓い,,cool,イA,初級1,3,1
2141,1436,セミ,セミ,セミ○,,cicada,N,初級1,3,1
2322,1443,たくさん,たくさん,たくさん○,,many / much,N,初級1,3,1
2560,1439,梅雨,つゆ,つゆ↓,,tsuyu (rainy season),N,初級1,3,1
2869,1437,鳴く,なく,なく○,,to sing / to make a sound,V［1］,初級1,3,1
2875,1440,夏,なつ,なつ↓,,summer,N,初級1,3,1
2912,1445,なる　（休みになる）　,なる　（やすみになる）,な↓る　（やすみ↓にな↓る）,,to be　(e.g. to be on holiday),V［1］,初級1,3,1
3248,1432,花,はな,はな↓,,flower,N,初級1,3,1
3279,1438,春,はる,は↓る,,spring,N,初級1,3,1
3506,1442,冬,ふゆ,ふゆ↓,,winter,N,初級1,3,1
3526,1429,降る,ふる,ふ↓る,,"to fall (rain / snow, etc.)",V［1］,初級1,3,1
3827,1427,蒸し暑い,むしあつい,むしあつ↓い,,hot and humid,イA,初級1,3,1
3926,1434,もみじ,もみじ,も↓みじ,,autumn leaves,N,初級1,3,1
4010,1430,雪,ゆき,ゆき↓,,snow,N,初級1,3,1
220,1446,一年中,いちねんじゅう,いちねんじゅう○,,all year round,N,初級1,3,2
321,1449,雨季,うき,う↓き,,rainy season,N,初級1,3,2
640,1452,同じ,おなじ,おなじ○,,same,N,初級1,3,2
964,1450,乾季,かんき,か↓んき,,dry season,N,初級1,3,2
1640,1451,四季,しき,しき↓,,four seasons,N,初級1,3,2
2034,1448,ずっと,ずっと,ずっと○,,the whole time,,初級1,3,2
2210,1456,そうなんですか,そうなんですか,そ↓うなんですか,,I see.,Exp,初級1,3,2
2674,1453,～度　（40度）,～ど　（よんじゅうど）,～ど　（よんじゅ↓うど）,,～ degree(s)　(e.g. 40 degrees),,初級1,3,2
2860,1447,長い,ながい,なが↓い,,long,イA,初級1,3,2
3681,1454,マイナス,マイナス,マイナス○,,minus,N,初級1,3,2
3768,1455,短い,みじかい,みじか↓い,,short,イA,初級1,3,2
71,1461,遊ぶ,あそぶ,あそぶ○,,to play,V［1］,初級1,3,3
222,1464,いちばん,いちばん,いちばん○,,the most (superlative),,初級1,3,3
451,1458,おいしい,おいしい,おいしい○／おいし↓い,,delicious,イA,初級1,3,3
1173,1457,果物,くだもの,くだ↓もの,,fruit,N,初級1,3,3
1242,1459,景色,けしき,け↓しき,,scenery,N,初級1,3,3
2002,1462,好き（な）,すき（な）,すき↓（な）,,favorite,ナA,初級1,3,3
2706,1465,どうして,どうして,ど↓うして,,why,,初級1,3,3
2785,1466,どの,どの,ど↓の,,which ～ (among more than three),,初級1,3,3
2874,1469,梨,なし,なし↓,,pear,N,初級1,3,3
2948,1463,苦手（な）,にがて（な）,にがて（な）○,,dislike,ナA,初級1,3,3
3499,1468,ぶどう,ぶどう,ぶどう○,,grapes,N,初級1,3,3
3980,1460,山,やま,やま↓,,mountain,N,初級1,3,3
4061,1467,～よね,～よね,～よね,,isn't it? / aren't they? (used to see if the other person agrees with you),,初級1,3,3
122,1476,雨,あめ,あ↓め,,rain,N,初級1,4,1
163,1473,いい天気,いいてんき,い↓いて↓んき,,fine weather,,初級1,4,1
260,1482,今,いま,い↓ま,,now,N,初級1,4,1
272,1485,嫌になる,いやになる,いや↓にな↓る,,to be annoying,V［1］,初級1,4,1
846,1478,風,かぜ,かぜ○,,wind,N,初級1,4,1
917,1480,雷,かみなり,かみな↓り,,thunder / lightning,N,初級1,4,1
1046,1483,昨日,きのう,きの↓う／きのう○,,yesterday,N,初級1,4,1
1187,1474,くもり,くもり,くもり↓,,cloudy,N,初級1,4,1
1188,1475,くもる,くもる,くも↓る,,to become cloudy / to overcast,V［1］,初級1,4,1
2014,1487,すごい,すごい,すご↓い,,heavy / strong,イA,初級1,4,1
2299,1484,だいぶ,だいぶ,だいぶ○,,much,,初級1,4,1
2640,1470,天気,てんき,て↓んき,,weather,N,初級1,4,1
2913,1481,鳴る,なる,なる○,,to clap / to roll,V［1］,初級1,4,1
3282,1471,晴れ,はれ,はれ↓,,sunny / fine (weather),N,初級1,4,1
3283,1472,晴れる,はれる,はれ↓る,,to clear / to fair,V［2］,初級1,4,1
3467,1479,吹く,ふく,ふ↓く,,to blow,V［1］,初級1,4,1
3527,1477,降る,ふる,ふ↓る,,"to fall (rain / snow, etc.)",V［1］,初級1,4,1
3660,1488,本当ですね,ほんとうですね,ほんとうで↓すね,,That's true.,Exp,初級1,4,1
4001,1486,ゆうべ,ゆうべ,ゆうべ↓／ゆうべ○,,last night,N,初級1,4,1
61,1490,明日,あした,あした↓／あした○,,tomorrow,N,初級1,4,2
216,1491,1日,いちにち,いちにち↓／いちにち○,,all day,N,初級1,4,2
602,1496,お出かけください,おでかけください,おでかけくださ↓い,,Please go out. (polite expression),Exp,初級1,4,2
2342,1493,ただ,ただ,た↓だ,,but,,初級1,4,2
2562,1494,強い,つよい,つよ↓い,,strong,イA,初級1,4,2
3471,1495,服装,ふくそう,ふくそう○,,clothing,N,初級1,4,2
3981,1492,やむ,やむ,やむ○,,to stop,V［1］,初級1,4,2
4059,1489,夜中,よなか,よなか↓,,during the night,N,初級1,4,2
4,1501,アイス,アイス,ア↓イス,,ice cream,N,初級1,4,3
520,1508,遅れる,おくれる,おくれる○,,to be late,V［2］,初級1,4,3
1006,1500,気温,きおん,きおん○,,(air) temperature,N,初級1,4,3
1585,1503,触る,さわる,さわる○,,to touch,V［1］,初級1,4,3
1699,1499,死ぬ,しぬ,しぬ○,,to die,V［1］,初級1,4,3
2229,1498,外,そと,そ↓と,,outside,N,初級1,4,3
2300,1497,台風,たいふう,たいふ↓う,,typhoon,N,初級1,4,3
2557,1504,冷たい,つめたい,つめたい○／つめた↓い,,cold,イA,初級1,4,3
2773,1506,とっても,とっても,とっても○,,very (a casual way of saying とても),,初級1,4,3
3710,1507,まだ,まだ,ま↓だ,,still,,初級1,4,3
3719,1502,町,まち,まち↓,,town,N,初級1,4,3
3732,1505,まっしろ（な）,まっしろ（な）,まっし↓ろ（な）,,pure white,ナA,初級1,4,3
250,1521,田舎,いなか,いなか○,,countryside,N,初級1,5,1
472,1515,多い,おおい,お↓おい,,many,イA,初級1,5,1
1133,1523,きれい（な）,きれい（な）,き↓れい（な）,,beautiful,ナA,初級1,5,1
1966,1519,親切（な）,しんせつ（な）,し↓んせつ（な）,,kind / helpful,ナA,初級1,5,1
2008,1516,少ない,すくない,すくな↓い,,few / a little,イA,初級1,5,1
2077,1525,住みやすい,すみやすい,すみやす↓い,,comfortable ,イA,初級1,5,1
2333,1524,確かに,たしかに,た↓しかに,,certainly,,初級1,5,1
2558,1520,冷たい　,つめたい,つめたい○／つめた↓い,,cold / indifferent,イA,初級1,5,1
2737,1522,都会,とかい,とかい○,,city,N,初級1,5,1
2847,1509,どんな,どんな,ど↓んな,,what kind of,,初級1,5,1
2952,1513,にぎやか（な）,にぎやか（な）,にぎ↓やか（な）,,lively,ナA,初級1,5,1
3366,1517,人,ひと,ひと○,,people,N,初級1,5,1
3505,1512,不便（な）,ふべん（な）,ふ↓べん（な）,,inconvenient,ナA,初級1,5,1
3593,1511,便利（な）,べんり（な）,べ↓んり（な）,,convenient,ナA,初級1,5,1
3720,1510,町,まち,まち↓,,town,N,初級1,5,1
3778,1526,店,みせ,みせ↓,,store / restaurant ,N,初級1,5,1
3794,1514,緑,みどり,み↓どり,,greenery,N,初級1,5,1
3959,1518,やさしい,やさしい,やさしい○／やさし↓い,,kind / friendly,イA,初級1,5,1
213,1535,一度,いちど,いちど↓／いちど○,,once,N,初級1,5,2
241,1536,行ってみる,いってみる,いってみ↓る,,to try to go,V［2］,初級1,5,2
573,1539,おすすめ,おすすめ,おすすめ○,,recommended,N,初級1,5,2
683,1528,おもしろい,おもしろい,おもしろ↓い,,interesting / entertaining,イA,初級1,5,2
1082,1542,休憩所,きゅうけいじょ,きゅうけいじょ○／きゅうけいじょ↓,,rest area,N,初級1,5,2
1679,1540,知っている,しっている,しっている○,,know ,,初級1,5,2
1926,1534,ショッピングモール,ショッピングモール,ショッピングモ↓ール,,shopping mall,N,初級1,5,2
1941,1541,知る,しる,しる○,,to know,V［1］,初級1,5,2
2063,1532,スポーツセンター,スポーツセンター,スポーツセ↓ンター,,sports center,N,初級1,5,2
2136,1538,ぜひ,ぜひ,ぜ↓ひ,,definitely,,初級1,5,2
2200,1544,そうだなあ,そうだなあ,そ↓うだなあ,,Let's see... (used when the speaker is thinking),Exp,初級1,5,2
2211,1543,そうね……,そうね……,そ↓うね……,,Hmm... (used when the speaker is thinking),Exp,初級1,5,2
2355,1533,建物,たてもの,たても↓の／たて↓もの,,building,N,初級1,5,2
2731,1529,遠い,とおい,とおい○／とお↓い,,far,イA,初級1,5,2
2752,1530,どこか,どこか,ど↓こか,,somewhere,N,初級1,5,2
2756,1531,ところ,ところ,ところ↓,,place,N,初級1,5,2
3196,1537,場所,ばしょ,ばしょ○,,place,N,初級1,5,2
3962,1527,安い,やすい,やす↓い,,cheap,イA,初級1,5,2
349,1545,美しい,うつくしい,うつくし↓い,,beautiful,イA,初級1,5,3
484,1549,丘,おか,おか○,,hill,N,初級1,5,3
697,1548,泳ぐ,およぐ,およ↓ぐ,,to swim,V［1］,初級1,5,3
1519,1557,サイクリングコース,サイクリングコース,サイクリングコ↓ース,,cycling course,N,初級1,5,3
2050,1546,砂浜,すなはま,すなはま○,,sandy beach,N,初級1,5,3
2309,1552,タウンマップ,タウンマップ,タウンマ↓ップ,,map of town,N,初級1,5,3
2665,1560,展望台,てんぼうだい,てんぼうだい○,,observation platform,N,初級1,5,3
3039,1558,人気,にんき,にんき○,,popular,N,初級1,5,3
3141,1556,バーベキュー場,バーベキューじょう,バーベキューじょう○,,barbecue area,N,初級1,5,3
3323,1559,ビーチ,ビーチ,ビ↓ーチ,,beach,N,初級1,5,3
3408,1554,評判,ひょうばん,ひょうばん○,,reputation,N,初級1,5,3
3556,1555,～ha,～ヘクタール,～ヘクタ↓ール,,"～ ha (hectares, 1 ha = 10,000 m2）",,初級1,5,3
3815,1550,見渡す,みわたす,みわたす○,,to overlook,V［1］,初級1,5,3
3851,1553,名物,めいぶつ,め↓いぶつ,,local specialty,N,初級1,5,3
3996,1551,夕日,ゆうひ,ゆうひ○,,sunset,N,初級1,5,3
4003,1547,有名（な）,ゆうめい（な）,ゆうめい（な）○,,famous,ナA,初級1,5,3
132,1561,ある　（町にあるもの）,ある　（まちにあるもの）,あ↓る　（まち↓にあ↓るもの↓）,,to be present in　(e.g. things that are present in town),V［1］,初級1,6,1
468,1564,横断歩道,おうだんほどう,おうだんほ↓どう,,pedestrian crossing,N,初級1,6,1
782,1581,科学,かがく,か↓がく,,science,N,初級1,6,1
885,1565,角,かど,か↓ど,,corner,N,初級1,6,1
1309,1566,交差点,こうさてん,こうさてん○,,intersection,N,初級1,6,1
1938,1584,市立,しりつ,し↓りつ,,municipal,N,初級1,6,1
1952,1563,信号,しんごう,しんごう○,,traffic lights,N,初級1,6,1
2006,1585,すぐ,すぐ,す↓ぐ,,just,,初級1,6,1
2035,1583,ずっと,ずっと,ずっと○,,all the way / without turning,,初級1,6,1
2556,1575,～つ目,～つめ,～つめ↓,,the ～ th (number),,初級1,6,1
2621,1580,デパート,デパート,デパ↓ート,,department store,N,初級1,6,1
3176,1582,博物館,はくぶつかん,はくぶつ↓かん,,museum,N,初級1,6,1
3187,1568,橋,はし,はし↓,,bridge,N,初級1,6,1
3204,1578,バス停,バスてい,バスてい○,,bus stop,N,初級1,6,1
3355,1571,左,ひだり,ひだり○,,left,N,初級1,6,1
3372,1576,1つ目,ひとつめ,ひとつめ↓,,the first,N,初級1,6,1
3486,1577,2つ目,ふたつめ,ふたつめ↓,,the second,N,初級1,6,1
3693,1586,曲がったところ,まがったところ,まがったところ↓,,after turning,,初級1,6,1
3694,1572,曲がる,まがる,まがる○,,to turn,V［1］,初級1,6,1
3733,1570,まっすぐ,まっすぐ,まっす↓ぐ,,straight,,初級1,6,1
3765,1573,右,みぎ,みぎ○,,right,N,初級1,6,1
3783,1567,道,みち,みち○,,road,N,初級1,6,1
3784,1569,道案内,みちあんない,みちあ↓んない,,directions,N,初級1,6,1
3924,1562,もの,もの,もの↓,,thing / something,N,初級1,6,1
3997,1579,郵便局,ゆうびんきょく,ゆうび↓んきょく,,post office,N,初級1,6,1
4236,1574,渡る,わたる,わたる○,,to cross / to go across,V［1］,初級1,6,1
8,1599,間　（～と～の間）,あいだ　（～と～のあいだ）,あいだ○　（～と　～の　あいだ○）,,between ～ and ～,N,初級1,6,2
22,1594,青い,あおい,あお↓い,,blue,イA,初級1,6,2
57,1596,アジア食材,アジアしょくざい,アジアしょ↓くざい,,Asian ingredients,N,初級1,6,2
664,1602,お待ちしております,おまちしております,おまちしておりま↓す,,We look forward to seeing you. (polite expression),Exp,初級1,6,2
1028,1598,北口,きたぐち,きたぐち○,,north exit / entrance,N,初級1,6,2
1146,1587,銀行,ぎんこう,ぎんこう○,,bank,N,初級1,6,2
1219,1592,黒い,くろい,くろ↓い,,black,イA,初級1,6,2
1326,1590,交番,こうばん,こうばん○,,police substation,N,初級1,6,2
1944,1593,白い,しろい,しろ↓い,,white,イA,初級1,6,2
1959,1588,神社,じんじゃ,じ↓んじゃ,,shrine,N,初級1,6,2
2195,1600,そうすると,そうすると,そうすると○,,after that,,初級1,6,2
2224,1597,そちら,そちら,そちら○,,there,N,初級1,6,2
2467,1589,駐車場,ちゅうしゃじょう,ちゅうしゃじょう○,,parking lot,N,初級1,6,2
3398,1591,病院,びょういん,びょういん○,,hospital,N,初級1,6,2
3415,1595,ビル,ビル,ビ↓ル,,building,N,初級1,6,2
3763,1601,見える,みえる,みえ↓る,,to see,V［2］,初級1,6,2
477,1607,大きな,おおきな,お↓おきな,,large ,,初級1,6,3
517,1606,送る,おくる,おくる○,,to take someone home,V［1］,初級1,6,3
777,1603,帰る,かえる,か↓える,,to go home,V［1］,初級1,6,3
1305,1605,高校,こうこう,こうこう○,,high school,N,初級1,6,3
1373,1610,ここでいいです,ここでいいです,ここでい↓いです,,Here is fine.,Exp,初級1,6,3
2474,1604,～町　（小島町）,～ちょう　（こじまちょう）,～ちょう　（こじまちょう○）,,～ Town (geographical division within a district)　 (e.g. Kojima-cho),,初級1,6,3
2787,1609,どの辺？,どのへん？,どのへん○？／ど↓のへん？,,Where is it?,Exp,初級1,6,3
3165,1608,入る　,はいる,は↓いる,,to turn,V［1］,初級1,6,3
152,1618,案内する,あんないする,あんな↓いする,,to show / to guide,V［3］,初級1,7,1
256,1620,イベント,イベント,イベント○,,event,N,初級1,7,1
322,1612,受付,うけつけ,うけつけ○,,reception,N,初級1,7,1
406,1611,駅,えき,え↓き,,train station,N,初級1,7,1
755,1614,会社,かいしゃ,かいしゃ○,,company,N,初級1,7,1
1760,1616,集合（する）,しゅうごう（する）,しゅうごう（する）○,,(to) assemble,N/V［3］,初級1,7,1
2030,1622,スタッフ,スタッフ,スタ↓ッフ,,staff,N,初級1,7,1
2619,1617,では,では,で↓は,,so,,初級1,7,1
3188,1621,始まる,はじまる,はじまる○,,to start,V［1］,初級1,7,1
3614,1613,ホール,ホール,ホ↓ール,,hall,N,初級1,7,1
3689,1623,～前　（30分前）,～まえ　（さんじゅっぷんまえ）,～まえ　（さんじゅっぷ↓んまえ）,,～before　(e.g. 30 minutes before),,初級1,7,1
3722,1619,待ち合わせ,まちあわせ,まちあわせ○,,meeting up (at a certain time and place),N,初級1,7,1
3933,1615,門,もん,も↓ん,,gate,N,初級1,7,1
2182,1627,像,ぞう,ぞ↓う,,statue,N,初級1,7,2
2246,1628,それ、何ですか？,それ、なんですか？,それ○、な↓んですか？,,What's that? (used to ask again what the other person said if you do not understand what they mean）,Exp,初級1,7,2
2820,1626,鳥,とり,とり○,,bird,N,初級1,7,2
3553,1625,平和,へいわ,へいわ○,,peace,N,初級1,7,2
3723,1624,待ち合わせする,まちあわせする,まちあわせする○,,to meet (each other),V［3］,初級1,7,2
196,1634,急ぐ,いそぐ,いそ↓ぐ,,to hurry,V［1］,初級1,7,3
263,1633,今から,いまから,い↓まから,,from now on,,初級1,7,3
521,1638,遅れる,おくれる,おくれる○,,to be late,V［2］,初級1,7,3
900,1644,カフェ,カフェ,カ↓フェ,,café,N,初級1,7,3
1544,1635,先に,さきに,さきに○,,before,,初級1,7,3
1636,1641,時間,じかん,じかん○,,time,N,初級1,7,3
1645,1629,事故,じこ,じ↓こ,,accident,N,初級1,7,3
2289,1640,大丈夫（な）,だいじょうぶ（な）,だいじょう↓ぶ（な）,,fine / OK,ナA,初級1,7,3
2533,1639,着く,つく,つ↓く,,to arrive,V［1］,初級1,7,3
2796,1630,止まる,とまる,とまる○,,to stop,V［1］,初級1,7,3
3073,1632,ねぼうする,ねぼうする,ねぼうする○,,to oversleep,V［3］,初級1,7,3
3193,1636,始める,はじめる,はじめる○,,to start,V［2］,初級1,7,3
3725,1642,まちがえる,まちがえる,まちが↓える,,to misunderstand,V［2］,初級1,7,3
3729,1643,待つ,まつ,ま↓つ,,to wait,V［1］,初級1,7,3
3785,1637,道に迷う,みちにまよう,みちにまよ↓う,,to get lost,V［1］,初級1,7,3
4181,1631,連絡する,れんらくする,れんらくする○,,to contact,V［3］,初級1,7,3
20,1649,アウトレットモール,アウトレットモール,アウトレットモ↓ール,,outlet mall,N,初級1,8,1
56,1655,アジア,アジア,ア↓ジア,,Asia,N,初級1,8,1
569,1646,お城,おしろ,おしろ○,,castle,N,初級1,8,1
1617,1658,試合,しあい,しあい○,,match,N,初級1,8,1
1712,1657,市民体育館,しみんたいいくかん,しみんたいいく↓かん,,municipal gymnasium,N,初級1,8,1
2016,1656,すごく,すごく,すご↓く,,very,,初級1,8,1
2395,1661,足りない,たりない,たりない○,,not enough,,初級1,8,1
2403,1651,タワー,タワー,タ↓ワー,,tower,N,初級1,8,1
2725,1645,動物園,どうぶつえん,どうぶつ↓えん,,zoo,N,初級1,8,1
3177,1648,博物館,はくぶつかん,はくぶつ↓かん,,museum,N,初級1,8,1
3539,1650,プロレス,プロレス,プロレス○,,professional wrestling,N,初級1,8,1
3711,1654,まだ,まだ,ま↓だ,,not yet,,初級1,8,1
3839,1662,無理（な）,むり（な）,む↓り（な）,,impossible,ナA,初級1,8,1
3868,1660,メンバー,メンバー,メ↓ンバー,,member,N,初級1,8,1
3870,1653,もう,もう,も↓う,,already,,初級1,8,1
3950,1652,野球,やきゅう,やきゅう○,,baseball,N,初級1,8,1
3985,1659,やる,やる,やる○,,to do,V［1］,初級1,8,1
4162,1647,レストラン,レストラン,レ↓ストラン,,restaurant,N,初級1,8,1
4221,1663,わかる,わかる,わか↓る,,to understand,V［1］,初級1,8,1
387,1674,映画館,えいがかん,えいが↓かん,,movie theater,N,初級1,8,2
403,1670,ATM,エーティーエム,エーティーエ↓ム,,ATM (automated teller machine),N,初級1,8,2
495,1664,お金,おかね,おかね○,,money,N,初級1,8,2
638,1677,お腹がすく,おなかがすく,おなかがすく○,,to get hungry,V［1］,初級1,8,2
711,1665,おろす,おろす,おろ↓す,,to withdraw,V［1］,初級1,8,2
901,1673,カフェ,カフェ,カ↓フェ,,café,N,初級1,8,2
1239,1671,ゲームコーナー,ゲームコーナー,ゲームコ↓ーナー,,game arcade,N,初級1,8,2
1430,1676,このあと,このあと,このあ↓と,,after this,,初級1,8,2
1902,1669,ジョギングシューズ,ジョギングシューズ,ジョギングシュ↓ーズ,,jogging shoes,N,初級1,8,2
1906,1666,食事,しょくじ,しょくじ○,,meal / eating,N,初級1,8,2
2064,1675,スポーツ店,スポーツてん,スポーツ↓てん,,sports shop,N,初級1,8,2
2234,1679,その前に,そのまえに,そのま↓えに,,before that ,,初級1,8,2
2494,1667,ちょっと,ちょっと,ちょ↓っと,,a little,,初級1,8,2
2896,1678,何か,なにか,な↓にか,,something,N,初級1,8,2
3444,1672,フードコート,フードコート,フードコ↓ート,,food court,N,初級1,8,2
3970,1668,休む,やすむ,やす↓む,,to rest,V［1］,初級1,8,2
262,1692,いまいち（な）,いまいち（な）,いま↓いち（な）,,not so good,ナA,初級1,8,3
958,1683,かわいい,かわいい,かわい↓い,,cute,イA,初級1,8,3
987,1682,感動する,かんどうする,かんどうする○,,to be deeply moved,V［3］,初級1,8,3
1277,1687,現代,げんだい,げ↓んだい,,modern,N,初級1,8,3
1551,1688,作品,さくひん,さくひん○,,art,N,初級1,8,3
1584,1686,サル,サル,サ↓ル,,monkey,N,初級1,8,3
2053,1680,すばらしい,すばらしい,すばらし↓い,,wonderful,イA,初級1,8,3
2280,1691,退屈（な）,たいくつ（な）,たいくつ（な）○,,boring,ナA,初級1,8,3
2554,1690,つまらない,つまらない,つまら↓ない,,boring,イA,初級1,8,3
2667,1684,展覧会,てんらんかい,てんら↓んかい,,exhibition,N,初級1,8,3
3299,1685,パンダ,パンダ,パ↓ンダ,,panda,N,初級1,8,3
3647,1689,ホラー映画,ホラーえいが,ホラーえ↓いが,,horror movie,N,初級1,8,3
3829,1681,難しい,むずかしい,むずかしい○／むずかし↓い,,difficult,イA,初級1,8,3
112,1704,アプリ,アプリ,ア↓プリ,,app / application,N,初級1,9,1
961,1697,～間　（2年間）,～かん　（にねんかん）,～かん　（にね↓んかん）,,for ～　(e.g. for two years),,初級1,9,1
1306,1694,高校,こうこう,こうこう○,,high school,N,初級1,9,1
1702,1698,自分で,じぶんで,じぶんで○,,on my own,,初級1,9,1
1868,1696,上手（な）,じょうず（な）,じょうず↓（な）,,well / good at,ナA,初級1,9,1
2264,1700,そんなことないです,そんなことないです,そんなこ↓と　な↓いです,,Not really.,Exp,初級1,9,1
2278,1701,大学,だいがく,だいがく○,,university / college,N,初級1,9,1
2840,1695,どれぐらい,どれぐらい,どれぐらい○,,how long,,初級1,9,1
3011,1693,日本語学校,にほんごがっこう,にほんごが↓っこう,,Japanese language school,N,初級1,9,1
3067,1703,ネット,ネット,ネット○,,Internet,N,初級1,9,1
3717,1699,まだまだです,まだまだです,ま↓だ△ま↓だです,,Not even close.,Exp,初級1,9,1
4101,1702,ラジオ,ラジオ,ラ↓ジオ,,radio,N,初級1,9,1
660,1722,覚える,おぼえる,おぼえ↓る,,to memorize,V［2］,初級1,9,2
771,1719,会話,かいわ,かいわ○,,conversation,N,初級1,9,2
858,1717,カタカナ,カタカナ,カタカ↓ナ,,katakana,N,初級1,9,2
973,1718,漢字,かんじ,かんじ○,,kanji,N,初級1,9,2
982,1707,簡単（な）,かんたん（な）,かんたん（な）○,,easy,ナA,初級1,9,2
2435,1710,違う,ちがう,ちがう○,,different,V［1］,初級1,9,2
2741,1711,得意（な）,とくい（な）,とく↓い（な）／とくいな○,,good at,ナA,初級1,9,2
2949,1712,苦手（な）,にがて（な）,にがて（な）○,,poor at,ナA,初級1,9,2
2998,1709,似ている,にている,にている○,,similar,,初級1,9,2
3009,1705,日本語,にほんご,にほんご○,,Japanese language,N,初級1,9,2
3228,1714,発音,はつおん,はつおん○,,pronunciation,N,初級1,9,2
3410,1716,ひらがな,ひらがな,ひらが↓な,,hiragana,N,初級1,9,2
3547,1713,文法,ぶんぽう,ぶんぽう○,,grammar,N,初級1,9,2
3569,1721,ベトナム語,ベトナムご,ベトナムご○,,Vietnamese language,N,初級1,9,2
3582,1706,勉強,べんきょう,べんきょう○,,study,N,初級1,9,2
3830,1708,難しい,むずかしい,むずかしい○／むずかし↓い,,difficult,イA,初級1,9,2
3892,1715,文字,もじ,も↓じ,,characters,N,初級1,9,2
3935,1720,モンゴル語,モンゴルご,モンゴルご○,,Mongolian language,N,初級1,9,2
167,1731,言う,いう,いう○,,to say / to tell,V［1］,初級1,9,3
550,1723,教える,おしえる,おしえる○,,to teach,V［2］,初級1,9,3
797,1730,書く,かく,か↓く,,to write,V［1］,初級1,9,3
840,1725,貸す,かす,かす○,,to lend,V［1］,初級1,9,3
854,1733,～方　（読み方）,～かた　（よみかた）,～かた　（よみか↓た）,,how to　(e.g. how to read),,初級1,9,3
911,1729,紙,かみ,かみ↓,,paper,N,初級1,9,3
1107,1736,教科書,きょうかしょ,きょうか↓しょ,,textbook,N,初級1,9,3
1653,1724,辞書,じしょ,じ↓しょ,,dictionary,N,初級1,9,3
1656,1737,自信がありません,じしんがありません,じしんがありませ↓ん,,I am not confident.,Exp,初級1,9,3
1931,1735,書類,しょるい,しょるい○,,document,N,初級1,9,3
2132,1728,説明する,せつめいする,せつめいする○,,to explain,V［3］,初級1,9,3
2433,1727,チェックする,チェックする,チェ↓ックする,,to check,V［3］,初級1,9,3
3780,1726,見せる,みせる,みせ↓る,,to show,V［2］,初級1,9,3
3858,1734,メール,メール,メール○,,email,N,初級1,9,3
4014,1732,ゆっくり,ゆっくり,ゆっく↓り,,slowly,,初級1,9,3
555,1754,おしゃべりする,おしゃべりする,おしゃ↓べりする,,to chat,V［3］,初級1,9,4
880,1748,カテゴリー,カテゴリー,カテ↓ゴリー／カ↓テゴリー,,category,N,初級1,9,4
1112,1741,教室,きょうしつ,きょうしつ○,,classroom,N,初級1,9,4
1274,1751,検索,けんさく,けんさく○,,search,N,初級1,9,4
1529,1746,サイト,サイト,サイト○,,(web)site,N,初級1,9,4
1537,1739,探す,さがす,さがす○,,to look for,V［1］,初級1,9,4
1682,1752,質問,しつもん,しつもん○,,question,N,初級1,9,4
1736,1755,シャドーイングする,シャドーイングする,シャドーイングする○,,to shadow,V［3］,初級1,9,4
2158,1743,先生,せんせい,せんせ↓い,,teacher / instructor,N,初級1,9,4
2202,1753,相談,そうだん,そうだん○,,discussion,N,初級1,9,4
2431,1744,知恵,ちえ,ちえ↓,,wisdom,N,初級1,9,4
2775,1747,トップ,トップ,ト↓ップ,,top,N,初級1,9,4
2921,1740,何回も,なんかいも,なんか↓いも／な↓んかいも,,several times,,初級1,9,4
3152,1745,拝借する,はいしゃくする,はいしゃくする○,,to borrow,V［3］,初級1,9,4
3648,1756,ボランティア,ボランティア,ボラ↓ンティア,,volunteer,N,初級1,9,4
3840,1742,無料,むりょう,むりょう○,,free of charge,N,初級1,9,4
4108,1749,ランキング,ランキング,ランキング○,,ranking,N,初級1,9,4
4175,1738,練習,れんしゅう,れんしゅう○,,practice,N,初級1,9,4
4227,1750,わし,わし,わし○,,I (role language for an elderly person),N,初級1,9,4
1,1787,合気道,あいきどう,あいき↓どう,,aikido,N,初級1,10,1
62,1766,味わう,あじわう,あじわ↓う,,to taste / to savor,V［1］,初級1,10,1
274,1785,いらしてください,いらしてください,いら↓してくださ↓い,,Please come. (polite expression),Exp,初級1,10,1
332,1790,動きやすい,うごきやすい,うごきやす↓い,,easy to move (in),イA,初級1,10,1
686,1783,お持ちください,おもちください,おもちくださ↓い,,Please bring ～. (polite expression),Exp,初級1,10,1
736,1788,～回完結 （1回完結）,～かいかんけつ　（いっかいかんけつ）,～かいかんけつ○　（いっかいかんけつ○）,,～ time completion　(e.g. one-time completion),,初級1,10,1
748,1774,外国人向け,がいこくじんむけ,がいこくじんむけ○,,for non-Japanese residents,N,初級1,10,1
786,1786,かかる,かかる　,かか↓る　,,to cost (a fee),V［1］,初級1,10,1
798,1769,各,かく,か↓く,,each ,N,初級1,10,1
806,1780,各自,かくじ,か↓くじ,,each person,N,初級1,10,1
907,1792,かまいません,かまいません,かまいませ↓ん,,～doesn't matter.,Exp,初級1,10,1
1260,1781,見学,けんがく,けんがく○,,observation,N,初級1,10,1
1327,1762,公民館,こうみんかん,こうみ↓んかん,,local community center,N,初級1,10,1
1589,1784,参加されています,さんかされています,さんかされていま↓す,,～ are participating. (polite expression),Exp,初級1,10,1
1637,1758,時間,じかん,じかん○,,time,N,初級1,10,1
1835,1765,旬,しゅん,しゅん○／しゅ↓ん,,seasonal food,N,初級1,10,1
1928,1771,書道,しょどう,しょ↓どう,,Japanese calligraphy,N,初級1,10,1
2028,1764,スタート　（10月スタート）,スタート　（じゅうがつスタート）,スタ↓ート　（じゅうがつスタ↓ート）,,starting in / on　(e.g. starting in October),N,初級1,10,1
2149,1767,全～回　（全4回）,ぜん～かい　（ぜんよんかい）,ぜ↓ん～か↓い　（ぜ↓ん△よんか↓い）,,～ times in total　(e.g. 4 times in total),,初級1,10,1
2169,1770,先着,せんちゃく,せんちゃく○,,first (people to apply),N,初級1,10,1
2270,1761,第～　（第3木曜日）,だい～　（だいさんもくようび）,だい～　（だいさんもくよ↓うび）,,"the first, the second, etc.　(e.g. the third Thursday of the month)",,初級1,10,1
2271,1773,～代　（テキスト代）,～だい　（テキストだい）,～だい　（テキストだい○）,,～ fee　(e.g. textbook fee),,初級1,10,1
2275,1789,体育室,たいいくしつ,たいいく↓しつ,,exercise room,N,初級1,10,1
2282,1775,体験教室,たいけんきょうしつ,たいけんきょ↓うしつ,,trial lesson,N,初級1,10,1
2482,1768,調理室,ちょうりしつ,ちょうり↓しつ,,kitchen,N,初級1,10,1
2524,1777,月,つき,つき↓,,month,N,初級1,10,1
2593,1778,テキスト,テキスト,テ↓キスト,,textbook,N,初級1,10,1
2677,1763,問い合わせ,といあわせ,といあわせ○,,inquiry,N,初級1,10,1
2691,1791,道着,どうぎ,どうぎ↓,,dougi (martial arts uniform),N,初級1,10,1
2693,1779,道具,どうぐ,どうぐ↓,,equipment,N,初級1,10,1
2989,1772,日時,にちじ,に↓ちじ,,date and time,N,初級1,10,1
3360,1793,必要ありません,ひつようありません,ひつようありませ↓ん,,～is not necessary.,Exp,初級1,10,1
3396,1759,費用,ひよう,ひ↓よう,,cost,N,初級1,10,1
3679,1760,毎月,まいつき,まいつき○,,every month,N,初級1,10,1
3804,1776,身につける,みにつける,みにつけ↓る,,to learn,V［2］,初級1,10,1
3873,1782,申し込み,もうしこみ,もうしこみ○,,application,N,初級1,10,1
4034,1757,曜日,ようび,ようび○,,a day of the week,N,初級1,10,1
98,1799,あとは,あとは,あ↓とは,,after that,,初級1,10,2
1013,1800,聞く,きく,きく○,,to ask,V［1］,初級1,10,2
1116,1805,興味がある,きょうみがある,きょ↓うみが　あ↓る,,to be interested in,V［1］,初級1,10,2
1195,1796,クラス,クラス,ク↓ラス,,class,N,初級1,10,2
1343,1807,コース,コース,コ↓ース,,course,N,初級1,10,2
1524,1798,最初,さいしょ,さいしょ○,,at first,N,初級1,10,2
1591,1795,参加する,さんかする,さんかする○,,to join,V［3］,初級1,10,2
1867,1804,少々お待ちください,しょうしょうおまちください,しょ↓うしょうおまちくださ↓い,,Please wait a moment. (polite expression),Exp,初級1,10,2
2176,1808,全部,ぜんぶ,ぜ↓んぶ,,all,N,初級1,10,2
2253,1806,それとも,それとも,それと↓も,,or,,初級1,10,2
2694,1794,道具,どうぐ,どうぐ↓,,equipment,N,初級1,10,2
3273,1802,払う,はらう,はら↓う,,to pay,V［1］,初級1,10,2
3363,1797,必要（な）,ひつよう（な）,ひつよう（な）○,,necessary,ナA,初級1,10,2
3713,1801,まだ空いていますか？,まだあいていますか？,ま↓だ　あいていま↓すか？,,Is there still availability?,Exp,初級1,10,2
3872,1803,もういっぱいです,もういっぱいです,も↓う　いっぱいで↓す,,It is full.,Exp,初級1,10,2
4026,1809,用意する,よういする,よ↓ういする,,to prepare / to offer,V［3］,初級1,10,2
728,1813,～回　（１回）,～かい　（いっかい）,～かい　（いっか↓い／いっかい○）,,～ times　(e.g. once / one time),,初級1,10,3
1049,1818,きびしい,きびしい,きびし↓い,,strict,イA,初級1,10,3
1743,1811,週,しゅう,しゅ↓う,,week,N,初級1,10,3
1851,1820,紹介する,しょうかいする,しょうかいする○,,to introduce,V［3］,初級1,10,3
2343,1814,ただ,ただ,た↓だ,,free of charge,N,初級1,10,3
2497,1817,ちょっといいですか？,ちょっといいですか？,ちょ↓っと　い↓いですか？,,Can I have a minute?,Exp,初級1,10,3
2498,1815,チラシ,チラシ,チラシ○,,flyer,N,初級1,10,3
2920,1812,何回,なんかい,なんか↓い／な↓んかい／なんかい○,,how many times,N,初級1,10,3
3876,1819,申込書,もうしこみしょ,もうしこみしょ○,,application form,N,初級1,10,3
3914,1816,持って来る,もってくる,もってく↓る,,to bring,V［3］,初級1,10,3
3915,1810,もっと,もっと,も↓っと,,more,,初級1,10,3
266,1823,意味,いみ,い↓み,,meaning,N,初級1,10,4
2519,1824,使う,つかう,つかう○,,to use,V［1］,初級1,10,4
2686,1822,どういう,どういう,ど↓ういう,,what,,初級1,10,4
2848,1826,どんなこと,どんなこと,ど↓んなこと,,what kinds of things,,初級1,10,4
3622,1821,母語,ぼご,ぼ↓ご,,mother tongue,N,初級1,10,4
3692,1825,前に,まえに,ま↓えに／まえに○,,before,,初級1,10,4
171,1836,イカ,イカ,イカ○,,squid,N,初級1,11,1
421,1835,エビ,エビ,エビ○,,shrimp,N,初級1,11,1
494,1845,お菓子,おかし,おか↓し,,sweets,N,初級1,11,1
543,1849,お酒,おさけ,おさけ○,,alcohol,N,初級1,11,1
546,1855,お皿,おさら,おさら○,,plate,N,初級1,11,1
589,1847,お茶,おちゃ,おちゃ○,,tea / Japanese tea,N,初級1,11,1
643,1841,おにぎり,おにぎり,おに↓ぎり,,onigiri (rice ball),N,初級1,11,1
1094,1829,牛肉,ぎゅうにく,ぎゅうにく○,,beef,N,初級1,11,1
1410,1854,コップ,コップ,コップ○,,drinking cup,N,初級1,11,1
1453,1857,ごみ袋,ごみぶくろ,ごみぶ↓くろ,,garbage bag,N,初級1,11,1
1540,1834,魚,さかな,さかな○,,fish,N,初級1,11,1
1620,1833,シーフード,シーフード,シーフ↓ード,,seafood,N,初級1,11,1
1776,1848,ジュース,ジュース,ジュ↓ース,,juice,N,初級1,11,1
1840,1858,準備,じゅんび,じゅ↓んび,,preparation,N,初級1,11,1
1874,1853,焼酎,しょうちゅう,しょうちゅ↓う,,shochu (Japanese distilled liquor),N,初級1,11,1
2215,1844,ソース,ソース,ソ↓ース,,sauce,N,初級1,11,1
2217,1832,ソーセージ,ソーセージ,ソーセ↓ージ,,sausage,N,初級1,11,1
2243,1846,ソフトドリンク,ソフトドリンク,ソフトドリ↓ンク,,soft drink,N,初級1,11,1
2398,1843,たれ,たれ,たれ↓,,tare (dipping sauce),N,初級1,11,1
2606,1863,デザート,デザート,デザ↓ート,,dessert,N,初級1,11,1
2613,1860,手伝う,てつだう,てつだ↓う,,to help,V［1］,初級1,11,1
2829,1831,鶏肉,とりにく,とりにく○,,chicken,N,初級1,11,1
2955,1828,肉,にく,にく↓,,meat,N,初級1,11,1
3017,1852,日本酒,にほんしゅ,にほんしゅ○,,sake (Japanese rice wine),N,初級1,11,1
3111,1861,飲み物,のみもの,のみも↓の／のみ↓もの,,drink,N,初級1,11,1
3140,1827,バーベキュー,バーベキュー,バーベ↓キュー,,barbecue,N,初級1,11,1
3142,1862,バーベキュー場,バーベキューじょう,バーベキューじょう○,,barbecue area,N,初級1,11,1
3254,1839,バナナ,バナナ,バ↓ナナ,,banana,N,初級1,11,1
3327,1850,ビール,ビール,ビ↓ール,,beer,N,初級1,11,1
3487,1830,豚肉,ぶたにく,ぶたにく○,,pork,N,初級1,11,1
3629,1837,ホタテ,ホタテ,ホタテ○,,scallop,N,初級1,11,1
3910,1859,持って行く,もっていく,もっていく○／も↓っていく,,to take (something with you),V［1］,初級1,11,1
3944,1840,焼きそば,やきそば,やきそば○,,yakisoba (fried noodles),N,初級1,11,1
3948,1842,焼肉,やきにく,やきにく○,,yakiniku (Japanese grilled meat),N,初級1,11,1
3952,1864,焼く,やく,やく○,,to grill,V［1］,初級1,11,1
4147,1838,りんご,りんご,りんご○,,apple,N,初級1,11,1
4210,1851,ワイン,ワイン,ワ↓イン,,wine,N,初級1,11,1
4240,1856,わりばし,わりばし,わりばし○,,disposable wooden chopsticks,N,初級1,11,1
311,1869,ウーロン茶,ウーロンちゃ,ウーロ↓ンちゃ,,oolong tea,N,初級1,11,2
368,1874,売る,うる,うる○,,to sell,V［1］,初級1,11,2
931,1865,からあげ,からあげ,からあげ○,,fried chicken,N,初級1,11,2
1315,1868,紅茶,こうちゃ,こうちゃ○,,black tea,N,初級1,11,2
1628,1867,塩,しお,しお↓,,salt,N,初級1,11,2
2428,1871,チーズケーキ,チーズケーキ,チーズケ↓ーキ,,cheesecake,N,初級1,11,2
2491,1870,チョコレートケーキ,チョコレートケーキ,チョコレートケ↓ーキ,,chocolate cake,N,初級1,11,2
2770,1872,どっち,どっち,ど↓っち,,"which (out of two, and casual style of speech)",N,初級1,11,2
2838,1873,どれ,どれ,ど↓れ,,which one (of three or more),N,初級1,11,2
3946,1866,焼き鳥,やきとり,やきとり○,,yakitori (grilled chicken),N,初級1,11,2
4134,1875,両方,りょうほう,りょうほ↓う／りょうほう○,,both,N,初級1,11,2
141,1876,アレルギー,アレルギー,アレ↓ルギー,,allergy,N,初級1,11,3
422,1877,エビ,エビ,エビ○,,shrimp,N,初級1,11,3
892,1878,カニ,カニ,カニ○,,crab,N,初級1,11,3
1097,1886,牛乳,ぎゅうにゅう,ぎゅうにゅう○,,milk,N,初級1,11,3
1114,1897,今日中に,きょうじゅうに,きょうじゅうに○,,by today,,初級1,11,3
1346,1898,コーナー,コーナー,コ↓ーナー,,section,N,初級1,11,3
1456,1883,小麦,こむぎ,こむぎ○,,wheat,N,初級1,11,3
1457,1884,小麦粉,こむぎこ,こむぎこ○,,flour,N,初級1,11,3
1534,1890,材料,ざいりょう,ざいりょ↓う,,ingredient,N,初級1,11,3
1882,1892,消費期限,しょうひきげん,しょうひき↓げん,,expiration date,N,初級1,11,3
1885,1899,商品,しょうひん,しょ↓うひん,,product,N,初級1,11,3
2060,1900,すべて,すべて,す↓べて,,everything,N,初級1,11,3
2240,1882,そば粉,そばこ,そばこ○,,buckwheat flour,N,初級1,11,3
2388,1879,卵,たまご,たま↓ご,,egg,N,初級1,11,3
2426,1888,チーズ,チーズ,チ↓ーズ,,cheese,N,初級1,11,3
3026,1885,乳製品,にゅうせいひん,にゅうせ↓いひん,,dairy products,N,初級1,11,3
3158,1894,入っている,はいっている,は↓いっている,,contain,,初級1,11,3
3210,1887,バター,バター,バ↓ター,,butter,N,初級1,11,3
3274,1891,ハラル,ハラル,ハ↓ラル,,halal (ingredients and dishes that Muslims are allowed to consume),N,初級1,11,3
3324,1880,ピーナッツ,ピーナッツ,ピ↓ーナッツ,,peanuts,N,初級1,11,3
3347,1893,ピザ,ピザ,ピ↓ザ,,pizza,N,初級1,11,3
3905,1896,もつ,もつ,も↓つ,,to be good for,V［1］,初級1,11,3
4038,1889,ヨーグルト,ヨーグルト,ヨーグ↓ルト,,yoghurt,N,初級1,11,3
4042,1895,よかったら,よかったら,よ↓かったら,,if you'd like,,初級1,11,3
4103,1881,落花生,らっかせい,らっか↓せい,,peanuts,N,初級1,11,3
143,1913,アレルギー物質,アレルギーぶっしつ,アレルギーぶ↓っしつ,,allergen,N,初級1,11,4
423,1915,エビピラフ,エビピラフ,エビピ↓ラフ,,shrimp pilaf,N,初級1,11,4
644,1914,おにぎり,おにぎり,おに↓ぎり,,onigiri (rice ball),N,初級1,11,4
1273,1905,原材料名,げんざいりょうめい,げんざいりょ↓うめい,,list of raw ingredients,N,初級1,11,4
1569,1906,殺菌方法,さっきんほうほう,さっきんほ↓うほう,,sterilization method,N,初級1,11,4
1890,1908,賞味期限,しょうみきげん,しょうみき↓げん,,best-before date,N,初級1,11,4
2098,1916,製造者,せいぞうしゃ,せいぞ↓うしゃ,,manufacturer,N,初級1,11,4
2290,1903,大豆,だいず,だいず○,,soy,N,初級1,11,4
2489,1917,チョコレート,チョコレート,チョコレ↓ート,,chocolate,N,初級1,11,4
2856,1907,内容量,ないようりょう,ないよ↓うりょう,,volume,N,初級1,11,4
3027,1902,乳成分,にゅうせいぶん,にゅうせ↓いぶん,,milk constituent,N,初級1,11,4
3309,1910,販売者,はんばいしゃ,はんば↓いしゃ,,seller,N,初級1,11,4
3428,1918,～品目　（27品目）,ひんもく　（にじゅうななひんもく）,～ひ↓んもく　（に↓じゅう△ななひ↓んもく）,,～ items　 (e.g. 27 items),,初級1,11,4
3473,1912,含まれる,ふくまれる,ふくまれ↓る,,be included,,初級1,11,4
3628,1909,保存方法,ほぞんほうほう,ほぞんほ↓うほう,,how to store,N,初級1,11,4
3663,1911,本品,ほんぴん,ほ↓んぴん,,this product,N,初級1,11,4
3849,1904,名称,めいしょう,めいしょう○,,name,N,初級1,11,4
4168,1901,レトルト,レトルト,レトルト○／レト↓ルト,,boil-in-the-bag,N,初級1,11,4
55,1919,味,あじ,あじ○,,taste / flavor,N,初級1,12,1
114,1920,甘い,あまい,あまい○／あま↓い,,sweet,イA,初級1,12,1
338,1926,うすい　（味がうすい）,うすい　（あじがうすい）,うすい○／うす↓い　（あじがうすい○）,,weak　(e.g. weak flavor),イA,初級1,12,1
659,1928,お弁当,おべんとう,おべんとう○,,obento (lunch box),N,初級1,12,1
932,1921,辛い,からい,から↓い,,spicy / hot,イA,初級1,12,1
1287,1925,こい　（味がこい）,こい　（あじがこい）,こ↓い　（あじがこ↓い）,,strong　(e.g. strong flavor),イA,初級1,12,1
1922,1923,しょっぱい,しょっぱい,しょっぱ↓い,,salty,イA,初級1,12,1
2037,1922,すっぱい,すっぱい,すっぱ↓い,,sour,イA,初級1,12,1
2263,1933,そんなことない,そんなことない,そんなこ↓と　な↓い,,"Actually, it isn’t.",Exp,初級1,12,1
2492,1929,チョコレートバニラクリームラテ,チョコレートバニラクリームラテ,チョコレートバニラクリームラ↓テ,,chocolate vanilla cream latte,N,初級1,12,1
2843,1932,とれる,とれる,とれ↓る,,to pick,V［2］,初級1,12,1
2945,1924,苦い,にがい,にが↓い,,bitter,イA,初級1,12,1
3036,1931,庭,にわ,にわ○,,garden,N,初級1,12,1
3702,1927,まずい,まずい,まず↓い,,tastes bad,イA,初級1,12,1
3764,1930,みかん,みかん,み↓かん,,orange,N,初級1,12,1
365,1936,梅干し,うめぼし,うめぼし○,,umeboshi (pickled plum),N,初級1,12,2
535,1935,お好み焼き,おこのみやき,おこのみやき○,,okonomiyaki (Japanese-style pancake),N,初級1,12,2
637,1941,お腹がいっぱい（な）,おなかがいっぱい（な）,おなかがいっぱい（な）○,,full,ナA,初級1,12,2
2003,1937,すき焼き,すきやき,すきやき○,,sukiyaki (Japanese beef hot pot),N,初級1,12,2
2389,1934,卵焼き,たまごやき,たまごやき○,,tamago-yaki (rolled omelet),N,初級1,12,2
2845,1943,どんどん,どんどん,ど↓んどん,,more,,初級1,12,2
2901,1938,生,なま,な↓ま,,raw,N,初級1,12,2
2950,1942,苦手（な）,にがて（な）,にがて（な）○,,dislike,ナA,初級1,12,2
3168,1940,バインセオ,バインセオ,バイ↓ンセオ／バ↓インセオ,,banh xeo (Vietnamese stuffed savory pancake),N,初級1,12,2
3885,1939,もう1つ,もうひとつ,もうひと↓つ,,another one,,初級1,12,2
164,1952,いいにおい,いいにおい,い↓い　にお↓い,,smells good,,初級1,12,3
284,1951,入れる,いれる,いれる○,,to put in,V［2］,初級1,12,3
1048,1949,きのこ,きのこ,き↓のこ,,mushroom,N,初級1,12,3
1151,1950,銀杏,ぎんなん,ぎんな↓ん,,gingko nuts,N,初級1,12,3
1992,1948,スープ,スープ,ス↓ープ,,soup,N,初級1,12,3
2331,1946,だし,だし,だし↓,,dashi (Japanese soup stock),N,初級1,12,3
2452,1944,茶碗蒸し,ちゃわんむし,ちゃわ↓んむし,,steamed egg custard,N,初級1,12,3
3523,1945,プリン,プリン,プ↓リン,,pudding,N,初級1,12,3
3667,1947,まあ,まあ,ま↓あ,,well…,,初級1,12,3
43,1966,あける,あける,あける○,,to empty into / onto,V［2］,初級1,12,4
346,1967,内側,うちがわ,うちがわ○,,on the inside,N,初級1,12,4
696,1959,お湯,おゆ,おゆ○,,hot water,N,初級1,12,4
814,1961,かける,かける,かけ↓る,,to sprinkle,V［2］,初級1,12,4
921,1964,かやく,かやく,かやく○,,condiment,N,初級1,12,4
2044,1960,捨てる,すてる,すてる○,,to discard,V［2］,初級1,12,4
2147,1968,線,せん,せ↓ん,,line,N,初級1,12,4
2221,1958,注ぐ,そそぐ,そそぐ○,,to pour,V［1］,初級1,12,4
2484,1953,調理方法,ちょうりほうほう,ちょうりほ↓うほう,,cooking instructions,N,初級1,12,4
2592,1971,できあがり,できあがり,できあがり○,,finished,N,初級1,12,4
2828,1955,取り出す,とりだす,とりだ↓す／とりだす○,,to take out,V［1］,初級1,12,4
3068,1957,熱湯,ねっとう,ねっとう○,,boiling water,N,初級1,12,4
3170,1963,はがす,はがす,はが↓す,,to remove,V［1］,初級1,12,4
3483,1954,フタ,フタ,フタ○,,lid,N,初級1,12,4
3491,1969,フタをする,フタをする,フタをする○,,to put the lid on,V［3］,初級1,12,4
3520,1965,ふりかけ,ふりかけ,ふりかけ○,,dried topping,N,初級1,12,4
3706,1962,混ぜる,まぜる,まぜ↓る,,to mix,V［2］,初級1,12,4
3863,1956,めん,めん,め↓ん,,noodles,N,初級1,12,4
4011,1970,湯切り口,ゆきりぐち,ゆきり↓ぐち,,drainage opening,N,初級1,12,4
334,1977,動く,うごく,うご↓く,,to work / to move,V［1］,初級1,13,1
608,1975,音,おと,おと↓,,sound,N,初級1,13,1
616,1976,音がする,おとがする,おと↓がする,,to be making a noise,V［3］,初級1,13,1
999,1983,管理室,かんりしつ,かんり↓しつ,,control room / management office,N,初級1,13,1
1113,1980,業者,ぎょうしゃ,ぎょうしゃ○／ぎょ↓うしゃ,,supplier / contractor,N,初級1,13,1
1350,1987,コーヒーマシーン,コーヒーマシーン,コーヒーマシ↓ーン,,coffeemaker,N,初級1,13,1
1515,1982,再起動する,さいきどうする,さいき↓どうする,,to restart,V［3］,初級1,13,1
2186,1985,倉庫,そうこ,そ↓うこ,,storeroom　,N,初級1,13,1
2534,1973,つく　（電気がつく）,つく　（でんきがつく）,つ↓く　（で↓んきが　つ↓く）,,to be on　(e.g. light turns on),V［1］,初級1,13,1
2641,1972,電気,でんき,で↓んき,,light,N,初級1,13,1
2672,1981,電話する,でんわする,でんわする○,,to telephone,V［3］,初級1,13,1
2683,1978,トイレットペーパー,トイレットペーパー,トイレットペ↓ーパー,,toilet paper,N,初級1,13,1
2772,1986,取って来る,とってくる,とってく↓る,,to get and come back,V［3］,初級1,13,1
2823,1989,とりあえず,とりあえず,とりあ↓えず,,tentatively,,初級1,13,1
2872,1979,なくなる,なくなる,なくなる○,,to be out of,V［1］,初級1,13,1
3208,1988,パソコン,パソコン,パソコン○,,personal computer,N,初級1,13,1
3591,1974,変（な）,へん（な）,へ↓ん（な）,,strange,ナA,初級1,13,1
4182,1984,連絡する,れんらくする,れんらくする○,,to contact,V［3］,初級1,13,1
714,1991,終わる,おわる,おわる○,,to finish,V［1］,初級1,13,2
2598,1993,できる,できる,でき↓る,,to finish,V［2］,初級1,13,2
3883,1992,もうすぐ,もうすぐ,もうす↓ぐ,,soon / almost,,初級1,13,2
3983,1990,やり方,やりかた,やりかた○,,how to do (something),N,初級1,13,2
285,1999,入れる,いれる,いれる○,,to input,V［2］,初級1,13,3
571,2002,押す,おす,おす○,,to press,V［1］,初級1,13,3
808,2020,拡大,かくだい,かくだい○,,enlarge,N,初級1,13,3
862,2004,片面,かためん,かためん○,,one side,N,初級1,13,3
928,2005,カラー,カラー,カ↓ラー,,color,N,初級1,13,3
1269,1995,原稿,げんこう,げんこう○,,paperwork,N,初級1,13,3
1439,1994,コピー機,コピーき,コピ↓ーき,,copy machine,N,初級1,13,3
1695,2010,自動選択,じどうせんたく,じどうせ↓んたく,,automatic selection,N,初級1,13,3
1696,2014,自動濃度,じどうのうど,じどうの↓うど,,automatic saturation,N,初級1,13,3
1811,2021,縮小,しゅくしょう,しゅくしょう○,,reduce,N,初級1,13,3
1946,2007,白黒,しろくろ,しろくろ○,,black and white,N,初級1,13,3
1988,1998,数字,すうじ,すうじ○,,number,N,初級1,13,3
2004,2008,スキャナ,スキャナ,スキャナ○,,scanner,N,初級1,13,3
2029,2000,スタート,スタート,スタ↓ート,,start,N,初級1,13,3
2128,1996,セットする,セットする,セ↓ットする,,to set,V［3］,初級1,13,3
2218,2022,ソート,ソート,ソート○,,sort,N,初級1,13,3
2408,2013,単色,たんしょく,たんしょく○,,monochrome,N,初級1,13,3
2600,2006,できるだけ,できるだけ,できるだけ○,,as much as possible,,初級1,13,3
2608,2016,手差し,てざし,てざし○,,insert by hand,N,初級1,13,3
2723,2018,等倍,とうばい,とうばい○,,same size,N,初級1,13,3
2984,2012,2色,にしょく,に↓しょく,,two colors,N,初級1,13,3
3162,2017,倍率,ばいりつ,ばいりつ○,,scaling,N,初級1,13,3
3432,2009,ファックス,ファックス,ファ↓ックス,,fax,N,初級1,13,3
3530,2011,フルカラー,フルカラー,フルカ↓ラー,,full color,N,初級1,13,3
3592,2019,変倍,へんばい,へんばい○,,different size,N,初級1,13,3
3630,2001,ボタン,ボタン,ボタン○／ボ↓タン,,button,N,初級1,13,3
3632,2023,ホチキス止め,ホチキスどめ,ホチキスどめ○,,staple,N,初級1,13,3
3677,1997,枚数,まいすう,まいす↓う,,number of copies,N,初級1,13,3
4031,2015,用紙,ようし,ようし○,,paper,N,初級1,13,3
4136,2003,両面,りょうめん,りょうめん○,,both sides,N,初級1,13,3
44,2028,開ける,あける,あける○,,to open,V［2］,初級1,13,4
45,2036,あける,あける,あける○,,to make room,V［2］,初級1,13,4
161,2047,いいです,いいです,い↓いです,,No thank you.,Exp,初級1,13,4
278,2037,入口,いりぐち,いりぐち○,,entrance,N,初級1,13,4
336,2034,後ろ,うしろ,うしろ○,,back,N,初級1,13,4
512,2039,置く,おく,おく○,,to place,V［1］,初級1,13,4
737,2040,会議,かいぎ,か↓いぎ,,meeting,N,初級1,13,4
1071,2025,キャビネット,キャビネット,キャ↓ビネット／キャビネ↓ット,,cabinet,N,初級1,13,4
1431,2042,コの字,コのじ,コの↓じ,,u-shaped,N,初級1,13,4
1632,2038,四角い,しかくい,しかくい○／しかく↓い,,square,N,初級1,13,4
1841,2043,準備する,じゅんびする,じゅ↓んびする,,to prepare / to set up,V［3］,初級1,13,4
1940,2024,資料,しりょう,し↓りょう,,material / document,N,初級1,13,4
2059,2035,スペース,スペース,スペ↓ース,,space,N,初級1,13,4
2123,2041,セッティング,セッティング,セッティング○,,setting,N,初級1,13,4
2335,2032,出す,だす,だ↓す,,to take out,V［1］,初級1,13,4
2361,2029,棚,たな,たな○,,shelf,N,初級1,13,4
2370,2046,頼む,たのむ,たの↓む,,to request / to ask,V［1］,初級1,13,4
2790,2027,扉,とびら,とびら○,,door,N,初級1,13,4
2911,2030,並べる,ならべる,ならべる○,,to line up,V［2］,初級1,13,4
3044,2044,人数分,にんずうぶん,にんずうぶん○,,for the number of people,N,初級1,13,4
3430,2045,～部　（1部）,～ぶ　（いちぶ）,～ぶ　（いち↓ぶ）,,～ copi(es)　(e.g. one copy),,初級1,13,4
3753,2031,丸い,まるい,まるい○／まる↓い,,round,イA,初級1,13,4
3918,2026,戻す,もどす,もど↓す,,to return,V［1］,初級1,13,4
4164,2033,～列　（3列）,～れつ　（さんれつ）,～れつ　（さ↓んれつ）,,～ row(s)　(e.g. three rows),,初級1,13,4
344,2054,打ち合わせ,うちあわせ,うちあわせ○,,meeting,N,初級1,13,5
562,2050,お知らせ,おしらせ,おしらせ○,,notification,N,初級1,13,5
566,2060,お知らせします,おしらせします,おしらせしま↓す,,This is to inform you. (polite expression),Exp,初級1,13,5
1280,2048,件名,けんめい,けんめい○,,subject,N,初級1,13,5
1399,2062,ご注意ください,ごちゅういください,ごちゅ↓ういくださ↓い,,Please be aware that ～. (polite expression),Exp,初級1,13,5
1477,2061,ご連絡ください,ごれんらくください,ごれんらくくださ↓い,,Please contact ～. (polite expression),Exp,初級1,13,5
1559,2056,差出人,さしだしにん,さしだしにん○,,sender,N,初級1,13,5
1737,2053,社内メール,しゃないメール,しゃないメ↓ール,,internal company email,N,初級1,13,5
2457,2052,注意（する）,ちゅうい（する）,ちゅ↓うい（する）,,(to pay) attention,N/V［3］,初級1,13,5
2543,2051,都合が悪い,つごうがわるい,つごうがわる↓い,,inconvenient,イA,初級1,13,5
2857,2059,なお,なお,な↓お,,furthermore,,初級1,13,5
2997,2055,日程,にってい,にってい○,,schedule,N,初級1,13,5
3359,2057,日付,ひづけ,ひづけ○,,date,N,初級1,13,5
3588,2049,変更,へんこう,へんこう○,,change,N,初級1,13,5
3797,2058,皆様,みなさま,みな↓さま,,dear all (polite expression),N,初級1,13,5
97,2080,あとで,あとで,あ↓とで,,later,,初級1,14,1
169,2071,家,いえ,いえ↓,,house,N,初級1,14,1
582,2076,遅くなる,おそくなる,おそくな↓る,,to be late,V［1］,初級1,14,1
778,2072,帰る,かえる,か↓える,,to go home,V［1］,初級1,14,1
1154,2083,具合が悪い,ぐあいがわるい,ぐあいがわる↓い,,feel bad / unwell,イA,初級1,14,1
1475,2073,これから,これから,これから○,,from now,,初級1,14,1
1492,2063,混んでいる,こんでいる,こ↓んでいる,,crowded,,初級1,14,1
1531,2068,財布,さいふ,さいふ○,,wallet,N,初級1,14,1
2112,2064,せき,せき,せき↓,,cough,N,初級1,14,1
2250,2075,それで,それで,それで○,,because of that,,初級1,14,1
2445,2079,遅刻する,ちこくする,ちこくする○,,to be late,V［3］,初級1,14,1
2544,2078,伝える,つたえる,つたえる○,,to tell,V［2］,初級1,14,1
2833,2074,取る,とる,と↓る,,to pick up,V［1］,初級1,14,1
3062,2066,熱,ねつ,ねつ↓,,fever,N,初級1,14,1
3064,2067,熱がある,ねつがある,ねつ↓があ↓る,,to have a fever,V［1］,初級1,14,1
3367,2065,ひどい,ひどい,ひど↓い,,bad / awful,イA,初級1,14,1
3399,2070,病院,びょういん,びょういん○,,hospital,N,初級1,14,1
3801,2077,みなさん,みなさん,みな↓さん,,everyone,N,初級1,14,1
3880,2082,申し訳ありません,もうしわけありません,もうしわけありませ↓ん,,I am sorry.,Exp,初級1,14,1
3971,2081,休む,やすむ,やす↓む,,to take a day off / to get a leave,V［1］,初級1,14,1
4229,2069,忘れる,わすれる,わすれる○,,to forget,V［2］,初級1,14,1
240,2087,行って来る,いってくる,いってく↓る,,to go (and come back after),V［3］,初級1,14,2
460,2084,お祈り,おいのり,おいのり○,,prayer,N,初級1,14,2
1083,2088,休憩（する）,きゅうけい（する）,きゅうけい（する）○,,(to take) a break,N/V［3］,初級1,14,2
1986,2086,吸う　（たばこを吸う）,すう　（たばこをすう）,すう○　（たばこをすう〇）,,to smoke  (e.g. smoke a cigarette),V［1］,初級1,14,2
2373,2085,たばこ,たばこ,たばこ○,,tobacco / cigarette,N,初級1,14,2
3921,2089,戻る,もどる,もど↓る,,to return,V［1］,初級1,14,2
1733,2092,社長,しゃちょう,しゃちょう○,,president,N,初級1,14,3
1826,2097,主任,しゅにん,しゅにん○,,chief,N,初級1,14,3
2079,2096,済む,すむ,す↓む,,to finish,V［1］,初級1,14,3
2199,2090,早退する,そうたいする,そうたいする○,,to leave early,V［3］,初級1,14,3
2495,2100,ちょっと、いいでしょうか？,ちょっと、いいでしょうか？,ちょ↓っと、　い↓いでしょうか？,,"Excuse me, but may I interrupt?",Exp,初級1,14,3
2594,2099,できたら,できたら,で↓きたら,,if possible,,初級1,14,3
3269,2094,早く,はやく,は↓やく,,early,,初級1,14,3
3562,2101,別にかまいません,べつにかまいません,べつにかまいませ↓ん,,No problem.,Exp,初級1,14,3
3955,2093,役所,やくしょ,やくしょ↓,,city hall,N,初級1,14,3
3969,2091,休みを取る,やすみをとる,やすみ↓を　と↓る,,to take a day off / to get a leave,V［1］,初級1,14,3
4032,2095,用事,ようじ,ようじ○,,errand,N,初級1,14,3
4093,2098,来月,らいげつ,ら↓いげつ／らいげつ○,,next month,N,初級1,14,3
280,2120,いる,いる,いる○,,to require,V［1］,初級1,14,4
1009,2113,期間,きかん,き↓かん,,duration,N,初級1,14,4
1078,2102,休暇届,きゅうかとどけ,きゅうかと↓どけ,,vacation request / leave form,N,初級1,14,4
1663,2122,事前に,じぜんに,じぜんに○,,in advance,,初級1,14,4
1718,2108,氏名,しめい,し↓めい,,full name,N,初級1,14,4
1844,2116,私用,しよう,しよう○,,for private reason,N,初級1,14,4
1880,2121,承認印,しょうにんいん,しょうに↓んいん,,seal of approval,N,初級1,14,4
1920,2105,所属,しょぞく,しょぞく○,,affiliation,N,初級1,14,4
2213,2107,総務,そうむ,そ↓うむ,,general affairs,N,初級1,14,4
2336,2103,出す,だす,だ↓す,,to submit,V［1］,初級1,14,4
2429,2106,チーム,チーム,チ↓ーム,,team,N,初級1,14,4
2454,2117,～中　（休み中）,～ちゅう　（やすみちゅう）,～ちゅう　（やすみちゅう○）,,while ～　(e.g. while on leave),,初級1,14,4
2569,2112,で,で,で↓,,because of that (a casual way of saying それで),,初級1,14,4
2578,2123,提出する,ていしゅつする,ていしゅつする○,,to submit,V［3］,初級1,14,4
3294,2109,ハンコ,ハンコ,ハンコ↓,,stamp,N,初級1,14,4
3343,2119,備考,びこう,びこう○,,remarks,N,初級1,14,4
3461,2104,フォーム,フォーム,フォ↓ーム／フォーム○,,form,N,初級1,14,4
3492,2115,普通,ふつう,ふつう○,,ordinary,N,初級1,14,4
3906,2111,持つ,もつ,も↓つ,,to have,V［1］,初級1,14,4
3912,2110,持っている,もっている,も↓っている,,have,,初級1,14,4
4117,2114,理由,りゆう,りゆう○,,reason,N,初級1,14,4
4180,2118,連絡先,れんらくさき,れんらくさき○,,contact information,N,初級1,14,4
53,2137,足,あし,あし↓,,leg / foot,N,初級1,15,1
80,2139,頭,あたま,あたま↓,,head,N,初級1,15,1
198,2126,痛い,いたい,いた↓い,,hurts,イA,初級1,15,1
623,2141,おととい,おととい,おとと↓い／おととい○,,the day before yesterday,N,初級1,15,1
635,2127,お腹,おなか,おなか○,,stomach,N,初級1,15,1
905,2146,花粉症,かふんしょう,かふんしょう○,,pollen allergy,N,初級1,15,1
922,2136,かゆい,かゆい,かゆ↓い,,itchy,イA,初級1,15,1
1165,2138,くじく,くじく,くじ↓く,,to twist,V［1］,初級1,15,1
1294,2143,こう,こう,こう○,,this,N,初級1,15,1
1482,2142,転ぶ,ころぶ,ころぶ○,,to fall,V［1］,初級1,15,1
1752,2145,～週間　（1週間）,～しゅうかん　（いっしゅうかん）,～しゅ↓うかん　（いっしゅ↓うかん）,,～ week(s)　 (e.g. one week),,初級1,15,1
1865,2124,症状,しょうじょう,しょうじょ↓う,,symptom,N,初級1,15,1
1916,2134,食欲,しょくよく,しょくよく○／しょく↓よく,,appetite,N,初級1,15,1
2113,2129,せき,せき,せき↓,,cough,N,初級1,15,1
2630,2130,出る　(せき／鼻水が出る）,でる　（せき／はなみずがでる）,で↓る　（せき↓／はなみ↓ずが　で↓る）,,to have (a cough / runny nose),V［2］,初級1,15,1
2698,2148,どうされましたか？,どうされましたか？,ど↓うされま↓したか？,,What's wrong? (polite expression for どうしましたか？),Exp,初級1,15,1
2709,2147,どうしましたか？,どうしましたか？,ど↓うしま↓したか？,,What's wrong?,Exp,初級1,15,1
3063,2128,熱,ねつ,ねつ↓,,fever,N,初級1,15,1
3097,2125,のど,のど,の↓ど,,throat,N,初級1,15,1
3171,2132,吐き気,はきけ,はきけ↓,,nausea,N,初級1,15,1
3172,2133,吐き気がする,はきけがする,はきけ↓がする,,to have a nausea,V［3］,初級1,15,1
3257,2131,鼻水,はなみず,はなみ↓ず／はなみず○,,runny nose,N,初級1,15,1
3497,2140,ぶつける,ぶつける,ぶつける○,,to bump,V［2］,初級1,15,1
3843,2135,目,め,め↓,,eye,N,初級1,15,1
4179,2144,レントゲン,レントゲン,レントゲン○,,X-ray,N,初級1,15,1
17,2153,会う,あう,あ↓う,,to meet,V［1］,初級1,15,2
188,2159,医者,いしゃ,いしゃ○,,doctor,N,初級1,15,2
308,2162,インフルエンザ,インフルエンザ,インフルエ↓ンザ,,influenzas,N,初級1,15,2
401,2164,A型,エーがた,エーがた○,,type A,N,初級1,15,2
499,2166,おかゆ,おかゆ,おかゆ○,,rice porridge,N,初級1,15,2
585,2169,お大事に,おだいじに,おだいじに○,,Take care.(used to express sympathy for a sick person),Exp,初級1,15,2
689,2170,お持ちですか？,おもちですか？,おもちで↓すか？,,Do you have? (polite expression for 持っていますか？),Exp,初級1,15,2
933,2155,辛い,からい,から↓い,,spicy / hot,イA,初級1,15,2
1041,2158,記入する,きにゅうする,きにゅうする○,,to fill out,V［3］,初級1,15,2
1168,2151,薬,くすり,くすり○,,medicine,N,初級1,15,2
1175,2161,口,くち,くち○,,mouth,N,初級1,15,2
1275,2163,検査する,けんさする,け↓んさする,,to examine,V［3］,初級1,15,2
1541,2165,下がる　（熱が下がる）,さがる　（ねつがさがる）,さが↓る　（ねつ↓が　さが↓る）,,to go down　(e.g. fever goes down),V［1］,初級1,15,2
1930,2157,処方せん,しょほうせん,しょほうせん○,,prescription,N,初級1,15,2
1955,2156,診察券,しんさつけん,しんさつ↓けん,,hospital / clinic registration card,N,初級1,15,2
2675,2160,～度～分　（38度5分）,～ど～ぶ　（さんじゅうはちどごぶ）,～ど～ぶ　（さ↓んじゅう△はちどご↓ぶ）,,～ degrees　(e.g. 38.5 degrees),,初級1,15,2
3113,2152,飲む　（薬を飲む）,のむ　（くすりをのむ）,の↓む　（くすりをの↓む）,,to take　(e.g. take medicine),V［1］,初級1,15,2
3620,2149,保険証,ほけんしょう,ほけんしょう○,,health insurance card,N,初級1,15,2
3928,2168,もらう,もらう,もらう○,,to receive,V［1］,初級1,15,2
3936,2150,問診票,もんしんひょう,もんしんひょう○,,questionnaire,N,初級1,15,2
3973,2167,薬局,やっきょく,やっきょく○,,pharmacy,N,初級1,15,2
3986,2154,やわらかい,やわらかい,やわらか↓い,,soft,イA,初級1,15,2
265,2184,今までに,いままでに,いまま↓でに,,up to now,,初級1,15,3
531,2191,お答えください,おこたえください,おこたえくださ↓い,,Please answer. (polite expression),Exp,初級1,15,3
1042,2178,記入日,きにゅうび,きにゅ↓うび,,date filled in,N,初級1,15,3
1043,2177,記入例,きにゅうれい,きにゅ↓うれい,,entry example,N,初級1,15,3
1272,2174,現在,げんざい,げ↓んざい,,currently,N,初級1,15,3
1395,2189,答える,こたえる,こた↓える／こたえ↓る,,to answer,V［2］,初級1,15,3
1511,2183,～才　（27才）,～さい　（にじゅうななさい）,～さい　（に↓じゅう△なな↓さい）,,～ years old　（e.g. twenty seven years old),,初級1,15,3
1801,2190,～週目　（10週目）,～しゅうめ　（じゅっしゅうめ）,～しゅうめ↓　（じゅっしゅうめ↓）,,～ th week　 (e.g. 10th week),,初級1,15,3
1897,2180,昭和／昭,しょうわ,しょうわ○／しょ↓うわ,,Showa / S (a Japanese era name),N,初級1,15,3
1919,2175,女性,じょせい,じょせい○,,female,N,初級1,15,3
2102,2172,性別,せいべつ,せいべつ○,,gender,N,初級1,15,3
2285,2179,大正／大,たいしょう,たいしょう○,,Taisho / T (a Japanese era name),N,初級1,15,3
3043,2176,妊娠する,にんしんする,にんしんする○,,to get pregnant,V［3］,初級1,15,3
3089,2188,～の方　（女性の方）,～のかた　（じょせいのかた）,～のかた↓　（じょせいのかた↓）,,person (polite expression)　(e.g. women),,初級1,15,3
3401,2185,病気,びょうき,びょうき○,,illness,N,初級1,15,3
3402,2173,病気にかかる,びょうきにかかる,びょうきにかか↓る,,to get sick,V［1］,初級1,15,3
3409,2186,病名,びょうめい,びょうめい○,,name of illness,N,初級1,15,3
3521,2171,フリガナ,フリガナ,フリガ↓ナ,,reading in katakana,N,初級1,15,3
3550,2181,平成／平,へいせい,へいせい○,,Heisei / H (a Japanese era name),N,初級1,15,3
3653,2187,～本　（1本）,～ほん／ぽん／ぼん　（いっぽん）,～ほん／ぽん／ぼん　（い↓っぽん）,,～ bottles　(e.g. 1 bottle),,初級1,15,3
4155,2182,令和／令,れいわ,れ↓いわ,,Reiwa / R (a Japanese era name),N,初級1,15,3
10,2199,間をあける,あいだをあける,あいだをあける○,,to take at a time interval,V［2］,初級1,15,4
153,2201,胃,い,い○,,stomach,N,初級1,15,4
189,2200,～以上　（38度5分以上）,～いじょう　（さんじゅうはちどごぶいじょう）,～い↓じょう　（さ↓んじゅう△はちどごぶい↓じょう）,,～ or more　(e.g. 38.5 degrees or more),,初級1,15,4
203,2194,痛み止め,いたみどめ,いたみどめ○,,painkiller,N,初級1,15,4
375,2203,運転する,うんてんする,うんてんする○,,to drive,V［3］,初級1,15,4
539,2193,抑える,おさえる,おさ↓える／おさえ↓る,,to suppress,V［2］,初級1,15,4
909,2197,がまんする,がまんする,が↓まんする,,to bear with / to tolerate,V［3］,初級1,15,4
910,2198,がまんできない,がまんできない,が↓まん　でき↓ない,,unbearable,,初級1,15,4
1166,2195,くしゃみ,くしゃみ,くしゃ↓み,,sneezing,N,初級1,15,4
1255,2206,解熱剤,げねつざい,げねつざい○／げねつ↓ざい,,fever reducer,N,初級1,15,4
1407,2209,こっち,こっち,こっち↓,,this,N,初級1,15,4
1555,2192,下げる　（熱を下げる）,さげる　（ねつをさげる）,さげ↓る　（ねつ↓を　さげ↓る）,,to reduce　(e.g. reduce a fever),V［2］,初級1,15,4
1904,2204,食後,しょくご,しょくご○,,after meals,N,初級1,15,4
2252,2208,それと,それと,それと○,,and,,初級1,15,4
2564,2196,つらい,つらい,つらい○／つら↓い,,feel awful / discomfort,イA,初級1,15,4
3065,2207,熱が高い,ねつがたかい,ねつ↓が　たか↓い,,high fever,イA,初級1,15,4
3074,2205,眠い,ねむい,ねむい○／ねむ↓い,,sleepy,イA,初級1,15,4
3748,2202,守る,まもる,まも↓る,,to protect,V［1］,初級1,15,4
1324,2215,効能,こうのう,こうのう○,,efficacy,N,初級1,15,5
1846,2218,～錠　（2錠）,～じょう　（にじょう）,～じょう　（に↓じょう）,,～ tablets　(e.g. 2 tablets),,初級1,15,5
2129,2214,説明書,せつめいしょ,せつめいしょ○／せつめいしょ↓,,instructions,N,初級1,15,5
2456,2216,注意事項,ちゅういじこう,ちゅういじ↓こう,,warning,N,初級1,15,5
2990,2219,～日分　（5日分）,～にちぶん　（いつかぶん）,～にちぶん○　（いつかぶん○）,,for ～ days　(e.g. for 5 days),,初級1,15,5
3079,2211,寝る前／寝前,ねるまえ,ねるま↓え,,before sleeping / before sleep,,初級1,15,5
3676,2220,毎食後,まいしょくご,まいしょくご○,,after each meal,,初級1,15,5
3990,2210,夕方／夕,ゆうがた,ゆうがた○,,early evening,N,初級1,15,5
3994,2217,夕食後,ゆうしょくご,ゆうしょくご○,,after dinner,N,初級1,15,5
4035,2212,用法,ようほう,ようほう○,,for use,N,初級1,15,5
4036,2213,用量,ようりょう,ようりょ↓う,,dosage,N,初級1,15,5
54,2233,足,あし,あし↓,,legs,N,初級1,16,1
75,2248,温かい,あたたかい,あたたか↓い,,warm,イA,初級1,16,1
79,2247,温める,あたためる,あたため↓る,,to warm up,V［2］,初級1,16,1
81,2223,頭,あたま,あたま↓,,head,N,初級1,16,1
154,2242,胃,い,い○,,stomach,N,初級1,16,1
199,2241,痛い,いたい,いた↓い,,hurts,イA,初級1,16,1
351,2236,腕,うで,うで↓,,arm,N,初級1,16,1
636,2232,お腹,おなか,おなか○,,stomach,N,初級1,16,1
658,2246,お風呂に入る,おふろにはいる,おふ↓ろに　は↓いる,,to take a bath,V［1］,初級1,16,1
779,2221,顔,かお,かお○,,face,N,初級1,16,1
855,2230,肩,かた,か↓た,,shoulders,N,初級1,16,1
857,2239,肩がこる,かたがこる,か↓たが　こ↓る,,to have stiff shoulders,V［1］,初級1,16,1
941,2222,体,からだ,からだ○,,body,N,初級1,16,1
1169,2251,薬,くすり,くすり○,,medicine,N,初級1,16,1
1176,2229,口,くち,くち○,,mouth,N,初級1,16,1
1186,2226,首,くび,くび○,,neck,N,初級1,16,1
1251,2257,けっこう,けっこう,け↓っこう,,quite,,初級1,16,1
1378,2235,腰,こし,こし○,,lower back,N,初級1,16,1
1516,2253,最近,さいきん,さいきん○,,recently,N,初級1,16,1
2134,2234,背中,せなか,せなか○,,back,N,初級1,16,1
2259,2258,それはいけませんね,それはいけませんね,それはいけませ↓んね,,That is not good.,Exp,初級1,16,1
2391,2255,試す,ためす,ため↓す,,to try,V［1］,初級1,16,1
2396,2240,だるい,だるい,だるい○／だる↓い,,feel tired and listless,イA,初級1,16,1
2477,2243,調子が悪い,ちょうしがわるい,ちょうしがわる↓い,,feel unwell,イA,初級1,16,1
2521,2260,疲れている,つかれている,つか↓れている,,tired,,初級1,16,1
2568,2237,手,て,て↓,,hand,N,初級1,16,1
2707,2259,どうしていますか？,どうしていますか？,ど↓うしていま↓すか？,,How do you deal with it?,Exp,初級1,16,1
3052,2254,ぬるい,ぬるい,ぬる↓い,,warm,イA,初級1,16,1
3072,2261,寝不足,ねぶそく,ねぶそく○／ねぶ↓そく,,lack of sleep,N,初級1,16,1
3075,2245,眠れない,ねむれない,ねむれない○,,can't sleep,,初級1,16,1
3106,2256,飲みすぎる,のみすぎる,のみすぎる○／のみすぎ↓る,,to drink too much,V［2］,初級1,16,1
3114,2249,飲む,のむ,の↓む,,to drink,V［1］,初級1,16,1
3115,2252,飲む　（薬を飲む）,のむ　（くすりをのむ）,の↓む　（くすりをの↓む）,,to take　(e.g. take medicine),V［1］,初級1,16,1
3129,2225,歯,は,は↓,,tooth,N,初級1,16,1
3249,2224,鼻,はな,はな○,,nose,N,初級1,16,1
3496,2244,二日酔い,ふつかよい,ふつかよい○,,hangover,N,初級1,16,1
3731,2250,マッサージする,マッサージする,マッサ↓ージする,,to massage,V［3］,初級1,16,1
3807,2228,耳,みみ,みみ↓,,ear,N,初級1,16,1
3836,2231,胸,むね,むね↓,,breast,N,初級1,16,1
3844,2227,目,め,め↓,,eye,N,初級1,16,1
4020,2238,指,ゆび,ゆび↓,,finger / toe,N,初級1,16,1
134,2268,歩く,あるく,ある↓く,,to walk,V［1］,初級1,16,2
318,2267,ウォーキングする,ウォーキングする,ウォーキングする○,,to go for a walk,V［3］,初級1,16,2
377,2263,運動,うんどう,うんどう○,,exercise,N,初級1,16,2
510,2276,起きる,おきる,おき↓る,,to wake up,V［2］,初級1,16,2
698,2270,泳ぐ,およぐ,およ↓ぐ,,to swim,V［1］,初級1,16,2
1136,2281,気をつける,きをつける,きをつけ↓る,,to be mindful,V［2］,初級1,16,2
1268,2262,健康,けんこう,けんこう○,,health,N,初級1,16,2
1715,2264,ジム,ジム,ジ↓ム,,gym,N,初級1,16,2
1903,2265,ジョギングする,ジョギングする,ジョギングする○,,to go jogging,V［3］,初級1,16,2
1909,2272,食生活,しょくせいかつ,しょくせ↓いかつ,,eating habits,N,初級1,16,2
1983,2274,睡眠,すいみん,すいみん○,,sleep,N,初級1,16,2
2276,2280,ダイエットする,ダイエットする,ダ↓イエットする,,to go on a diet,V［3］,初級1,16,2
2296,2277,だいたい,だいたい,だいたい○,,about / around,,初級1,16,2
2380,2273,食べすぎる,たべすぎる,たべすぎる○／たべすぎ↓る,,to eat too much,V［2］,初級1,16,2
2442,2278,チキンサラダ,チキンサラダ,チキンサ↓ラダ,,chicken salad,N,初級1,16,2
2793,2279,トマトジュース,トマトジュース,トマトジュ↓ース,,tomato juice,N,初級1,16,2
2916,2282,なるほど,なるほど,なるほど○,,I see.,Exp,初級1,16,2
3197,2266,走る,はしる,はし↓る,,to run,V［1］,初級1,16,2
3270,2275,早く,はやく,は↓やく,,early,,初級1,16,2
3449,2269,プール,プール,プ↓ール,,swimming pool,N,初級1,16,2
4039,2271,ヨガ,ヨガ,ヨ↓ガ,,yoga,N,初級1,16,2
125,2313,洗う,あらう,あらう○,,to wash,V［1］,初級1,16,3
309,2305,ウイルス,ウイルス,ウイ↓ルス,,virus,N,初級1,16,3
469,2289,おう吐,おうと,お↓うと,,vomiting,N,初級1,16,3
530,2307,起こす,おこす,おこ↓す,,to cause,V［1］,初級1,16,3
579,2302,汚染された,おせんされた,おせんされた○,,contaminated,,初級1,16,3
729,2295,貝,かい,か↓い,,shell,N,初級1,16,3
789,2303,カキ,カキ,カ↓キ,,oyster,N,初級1,16,3
894,2292,加熱（する）,かねつ（する）,かねつ（する）○,,(to) heat,N/V［3］,初級1,16,3
979,2296,感染する,かんせんする,かんせんする○,,to get infected,V［3］,初級1,16,3
1089,2299,急増,きゅうぞう,きゅうぞう○,,rapid increase,N,初級1,16,3
1258,2290,下痢,げり,げり○,,diarrhea,N,初級1,16,3
1259,2285,原因,げんいん,げんいん○,,cause,N,初級1,16,3
1278,2300,県内,けんない,け↓んない,,within the prefecture,N,初級1,16,3
1795,2310,十分（な）,じゅうぶん（な）,じゅうぶ↓ん（な）,,enough / sufficient,ナA,初級1,16,3
1796,2304,十分に,じゅうぶんに,じゅうぶ↓んに,,sufficiently,,初級1,16,3
1866,2286,症状,しょうじょう,しょうじょ↓う,,symptom,N,初級1,16,3
1908,2311,食事前,しょくじまえ,しょくじま↓え,,before meals,N,初級1,16,3
1910,2284,食中毒,しょくちゅうどく,しょくちゅ↓うどく,,food poisoning,N,初級1,16,3
2153,2312,前後,ぜんご,ぜ↓んご,,before and after,N,初級1,16,3
2468,2314,中心部,ちゅうしんぶ,ちゅうし↓んぶ,,the center,N,初級1,16,3
2483,2297,調理（する）,ちょうり（する）,ちょ↓うり（する）,,(to) cook,N/V［3］,初級1,16,3
2535,2306,つく　（ウイルスがつく）,つく　（ウイルスがつく）,つ↓く　（ウイ↓ルスが　つ↓く）,,to stick　(e.g. virus sticks),V［1］,初級1,16,3
2571,2291,手洗い,てあらい,てあ↓らい,,hand washing,N,初級1,16,3
2701,2308,どうしたら,どうしたら,ど↓うしたら,,how,,初級1,16,3
3126,2283,ノロウイルス,ノロウイルス,ノロウイ↓ルス,,norovirus,N,初級1,16,3
3235,2294,発生する,はっせいする,はっせいする○,,to occur,V［3］,初級1,16,3
3456,2293,増える,ふえる,ふえ↓る,,to spread,V［2］,初級1,16,3
3472,2288,腹痛,ふくつう,ふくつう○,,abdominal pain,N,初級1,16,3
3595,2309,ポイント,ポイント,ポイント○,,key point,N,初級1,16,3
4066,2298,予防する,よぼうする,よぼうする○,,to prevent,V［3］,初級1,16,3
4068,2287,予防法,よぼうほう,よぼうほう○,,prevention method,N,初級1,16,3
4231,2301,話題,わだい,わだい○,,topic,N,初級1,16,3
202,2323,痛み,いたみ,いたみ↓,,pain,N,初級1,16,4
320,2317,うがい,うがい,うがい○,,gargling,N,初級1,16,4
325,2333,受付中,うけつけちゅう,うけつけちゅう○,,currently accepting,N,初級1,16,4
329,2331,受ける,うける　,うけ↓る　,,to receive,V［2］,初級1,16,4
350,2315,うつす　,うつす　,うつ↓す　,,to pass on,V［1］,初級1,16,4
757,2328,外出先,がいしゅつさき,がいしゅつさき○,,outside,N,初級1,16,4
978,2322,関節痛,かんせつつう,かんせつつう○,,joint pain,N,初級1,16,4
1026,2329,帰宅する,きたくする,きたくする○,,to go home,V［3］,初級1,16,4
1062,2324,気持ち,きもち,きもち○,,feeling,N,初級1,16,4
1207,2334,クリニック,クリニック,クリ↓ニック,,clinic,N,初級1,16,4
1445,2326,こまめに,こまめに,こ↓まめに,,frequently,,初級1,16,4
1676,2327,しっかりと,しっかりと,しっか↓りと,,properly,,初級1,16,4
2156,2320,全身,ぜんしん,ぜんしん○,,whole body,N,初級1,16,4
2292,2325,大切（な）,たいせつ（な）,たいせつ（な）○,,important,ナA,初級1,16,4
2397,2321,だるさ,だるさ,だるさ○,,sense of fatigue,N,初級1,16,4
3238,2319,発熱,はつねつ,はつねつ○,,fever,N,初級1,16,4
3703,2316,マスク,マスク,マ↓スク,,mask,N,初級1,16,4
4067,2318,予防接種,よぼうせっしゅ,よぼうせ↓っしゅ,,vaccination,N,初級1,16,4
4072,2332,予約,よやく,よやく○,,booking,N,初級1,16,4
4120,2330,流行する,りゅうこうする,りゅうこうする○,,to be prevalent,V［3］,初級1,16,4
30,2335,上がる,あがる,あがる○,,to come in,V［1］,初級1,17,1
64,2340,足をくずす,あしをくずす,あし↓を　くず↓す,,to sit at ease,V［1］,初級1,17,1
70,2342,遊びに来る,あそびにくる,あそびにく↓る,,to come see me,V［3］,初級1,17,1
275,2344,いらっしゃい,いらっしゃい,いらっしゃ↓い,,Welcome. / Come in.,Exp,初級1,17,1
348,2336,うちの,うちの,うちの○,,my,,初級1,17,1
514,2337,奥さん,おくさん,お↓くさん,,wife,N,初級1,17,1
556,2350,おじゃましました,おじゃましました,おじゃましま↓した,,Sorry for having disturbed you.,Exp,初級1,17,1
557,2346,おじゃまします,おじゃまします,おじゃましま↓す,,Excuse me for disturbing you.,Exp,初級1,17,1
576,2347,お世話になっています,おせわになっています,おせ↓わにな↓っています,,Thank you for everything you do.,Exp,初級1,17,1
590,2339,お茶,おちゃ,おちゃ○,,Japanese tea,N,初級1,17,1
1397,2349,ごちそうさまでした,ごちそうさまでした,ごちそうさまで↓した,,Thank you for the meal.,Exp,初級1,17,1
1405,2348,こちらこそ,こちらこそ,こちらこ↓そ,,Same here.,Exp,初級1,17,1
1462,2343,ごめんください,ごめんください,ごめんくださ↓い,,Hello. / May I come in?,Exp,初級1,17,1
3831,2338,息子,むすこ,むすこ○,,son,N,初級1,17,1
4030,2345,ようこそ,ようこそ,よう↓こそ,,Welcome.,Exp,初級1,17,1
4099,2341,楽にする,らくにする,らく↓にする,,to make yourself at home,V［3］,初級1,17,1
420,2358,絵葉書,えはがき,えは↓がき,,picture postcard,N,初級1,17,2
665,2357,お守り,おまもり,おまもり○,,amulet,N,初級1,17,2
671,2351,お土産,おみやげ,おみやげ○,,souvenir,N,初級1,17,2
815,2373,かける　（壁にかける）,かける　（かべにかける）,かけ↓る　（かべにかけ↓る）,,to hang on　 (e.g. hang on a wall),V［2］,初級1,17,2
816,2376,かける,かける,かけ↓る,,to sprinkle,V［2］,初級1,17,2
826,2360,飾り,かざり,かざり○,,decoration,N,初級1,17,2
875,2354,カップ,カップ,カ↓ップ,,cup,N,初級1,17,2
899,2362,かばん,かばん,かばん○,,bag,N,初級1,17,2
906,2372,壁,かべ,かべ○,,wall,N,初級1,17,2
998,2371,カンボジア,カンボジア,カンボジア○,,Cambodia,N,初級1,17,2
1002,2355,キーホルダー,キーホルダー,キーホ↓ルダー,,key holder,N,初級1,17,2
1349,2352,コーヒー,コーヒー,コーヒ↓ー,,coffee,N,初級1,17,2
1459,2379,米／お米,こめ／おこめ,こめ↓／おこめ○,,rice,N,初級1,17,2
1731,2359,写真集,しゃしんしゅう,しゃし↓んしゅう,,photo album / collection,N,初級1,17,2
2081,2370,スラ―ソー,スラーソー,スラ↓ーソー,,sra sor (Cambodian alcohol),N,初級1,17,2
2267,2367,タイ,タイ,タ↓イ,,Thailand,N,初級1,17,2
2480,2353,調味料,ちょうみりょう,ちょうみ↓りょう,,seasoning,N,初級1,17,2
2563,2380,強い,つよい,つよ↓い,,strong,イA,初級1,17,2
2679,2377,～といいます,～といいます,～といいま↓す,,be called ～,,初級1,17,2
2730,2368,トゥロン,トゥロン,トゥ↓ロン,,turon (Filipino confectionery),N,初級1,17,2
2936,2366,ナンプラー,ナンプラー,ナ↓ンプラー,,nam pla (Thai seasoning),N,初級1,17,2
3042,2361,人形,にんぎょう,にんぎょう○,,doll,N,初級1,17,2
3070,2365,ネパール,ネパール,ネパ↓ール,,Nepal,N,初級1,17,2
3160,2374,入って来る,はいってくる,は↓いってく↓る,,to come in,V［3］,初級1,17,2
3232,2363,バッグ,バッグ,バ↓ッグ,,bag,N,初級1,17,2
3440,2369,フィリピン,フィリピン,フィ↓リピン,,the Philippines,N,初級1,17,2
3533,2378,プレゼント,プレゼント,プレ↓ゼント,,present,N,初級1,17,2
3578,2356,ペン,ペン,ペ↓ン,,pen,N,初級1,17,2
3751,2364,魔よけ,まよけ,まよけ○,,talisman,N,初級1,17,2
4242,2375,悪い,わるい,わる↓い,,bad / evil,イA,初級1,17,2
159,2392,いいでしょう？,いいでしょう？,い↓いでしょう？,,Isn't it nice?,Exp,初級1,17,3
270,2397,妹さん,いもうとさん,いもうとさん○,,(someone else's) younger sister,N,初級1,17,3
485,2384,お母さん,おかあさん,おか↓あさん,,(someone else's) mother,N,初級1,17,3
526,2398,お子さん,おこさん,おこさん○,,(someone else's) child,N,初級1,17,3
560,2388,おしゃれ（な）,おしゃれ（な）,おしゃ↓れ（な）,,stylish,ナA,初級1,17,3
612,2394,お父さん,おとうさん,おと↓うさん,,(someone else's) father,N,初級1,17,3
614,2396,弟さん,おとうとさん,おとうとさん○,,(someone else's) younger brother,N,初級1,17,3
642,2385,お兄さん,おにいさん,おに↓いさん,,(someone else's) elder brother,N,初級1,17,3
646,2395,お姉さん,おねえさん,おね↓えさん,,(someone else's) elder sister,N,初級1,17,3
1217,2390,くれる,くれる,くれる○,,to be given,V［2］,初級1,17,3
2041,2389,すてき（な）,すてき（な）,すてき（な）○,,nice　,ナA,初級1,17,3
2407,2386,誕生日,たんじょうび,たんじょ↓うび,,birthday,N,初級1,17,3
3275,2393,バリ,バリ,バ↓リ,,Bali,N,初級1,17,3
3317,2381,ピアス,ピアス,ピ↓アス,,earrings,N,初級1,17,3
3605,2383,帽子,ぼうし,ぼうし○,,hat / cap,N,初級1,17,3
3696,2382,マグカップ,マグカップ,マグカ↓ップ,,mug,N,初級1,17,3
3832,2399,息子さん,むすこさん,むすこさん○,,(someone else's) son,N,初級1,17,3
3834,2400,娘さん,むすめさん,むすめさん○,,(someone else's) daughter,N,初級1,17,3
3929,2387,もらう,もらう,もらう○,,to receive,V［1］,初級1,17,3
4131,2391,両親,りょうしん,りょ↓うしん,,parents,N,初級1,17,3
558,2402,おじゃまする,おじゃまする,おじゃまする○,,to visit,V［3］,初級1,17,4
586,2401,お宅,おたく,おたく○,,home　,N,初級1,17,4
1227,2403,経験,けいけん,けいけん○,,experience,N,初級1,17,4
4077,2404,よろしくお伝えください,よろしくおつたえください,よろしくおつたえくださ↓い,,Please say hello.,Exp,初級1,17,4
11,2416,相手,あいて,あいて↓,,spouse,N,初級1,18,1
47,2420,あげる,あげる,あげる○,,to give,V［2］,初級1,18,1
358,2407,生まれる,うまれる,うまれる○,,to be born,V［2］,初級1,18,1
371,2415,うれしい,うれしい,うれし↓い,,glad,イA,初級1,18,1
462,2417,お祝い,おいわい,おいわい○,,gift,N,初級1,18,1
547,2423,お幸せに,おしあわせに,おしあわせに○,,Wish you all the happiness.,Exp,初級1,18,1
617,2409,男の子,おとこのこ,おとこ↓のこ,,boy,N,初級1,18,1
675,2422,おめでとう（ございます）,おめでとう（ございます）,おめでとう（ございま↓す）,,Congratulations.,Exp,初級1,18,1
722,2410,女の子,おんなのこ,おんな↓のこ,,girl,N,初級1,18,1
963,2412,考える,かんがえる,かんが↓える,,to think,V［2］,初級1,18,1
1037,2419,きっと,きっと,きっと○,,surely,,初級1,18,1
1061,2411,決める,きめる,きめる○,,to decide,V［2］,初級1,18,1
1252,2405,結婚（する）,けっこん（する）,けっこん（する）○,,(to) marry,N/V［3］,初級1,18,1
1301,2408,合格（する）,ごうかく（する）,ごうかく（する）○,,(to) pass,N/V［3］,初級1,18,1
1366,2413,ご結婚,ごけっこん,ごけっこん○,,(your) marriage,N,初級1,18,1
1398,2418,ごちそうする,ごちそうする,ごちそうする○,,to treat a meal,V［3］,初級1,18,1
1625,2424,JLPT,ジェーエルピーティー,ジェーエルピーティ↓ー,,JLPT (Japanese-Language Proficiency Test),N,初級1,18,1
1818,2406,出産,しゅっさん,しゅっさん○,,childbirth,N,初級1,18,1
2367,2421,楽しみですね,たのしみですね,たのし↓みで↓すね,,That sounds exciting.,Exp,初級1,18,1
4235,2414,私たち,わたしたち,わたし↓たち,,we,N,初級1,18,1
38,2428,アクセサリー,アクセサリー,ア↓クセサリー／アクセ↓サリー,,accessory,N,初級1,18,2
427,2444,選ぶ,えらぶ,えら↓ぶ,,to choose,V［1］,初級1,18,2
677,2437,思い出,おもいで,おもいで○,,memories,N,初級1,18,2
678,2439,思う,おもう,おも↓う,,to think,V［1］,初級1,18,2
1016,2432,帰国（する）,きこく（する）,きこく（する）○,,(to) return to one's country,N/V［3］,初級1,18,2
1052,2431,ギフトカード,ギフトカード,ギフトカ↓ード,,gift card,N,初級1,18,2
1235,2430,ケーキ,ケーキ,ケ↓ーキ,,cake,N,初級1,18,2
1576,2433,さびしい,さびしい,さびし↓い,,be missed,イA,初級1,18,2
1590,2441,参加者,さんかしゃ,さんか↓しゃ,,participants,N,初級1,18,2
2212,2434,送別会,そうべつかい,そうべつかい○／そうべつ↓かい,,farewell party,N,初級1,18,2
2254,2442,それなら,それなら,それな↓ら,,if so,,初級1,18,2
2609,2443,デジタルフォトフレーム,デジタルフォトフレーム,デジタルフォトフレ↓ーム,,digital photo frame,N,初級1,18,2
2749,2426,時計,とけい,とけい○,,watch,N,初級1,18,2
3057,2427,ネクタイ,ネクタイ,ネ↓クタイ,,necktie,N,初級1,18,2
3092,2438,残る,のこる,のこ↓る,,to stay,V［1］,初級1,18,2
3290,2429,ハンカチ,ハンカチ,ハンカチ○／ハンカ↓チ,,handkerchief,N,初級1,18,2
3462,2425,フォトフレーム,フォトフレーム,フォトフレ↓ーム,,photo frame,N,初級1,18,2
4051,2440,予算,よさん,よさん○／よ↓さん,,budget,N,初級1,18,2
4064,2435,呼ぶ,よぶ,よぶ○,,to call,V［1］,初級1,18,2
4073,2436,予約する,よやくする,よやくする○,,to make a reservation,V［3］,初級1,18,2
3,2446,あいさつ,あいさつ,あ↓いさつ,,speech,N,初級1,18,3
522,2453,お元気で,おげんきで,おげ↓んきで,,Take care.,Exp,初級1,18,3
577,2455,お世話になりました,おせわになりました,おせ↓わになりま↓した,,Thank you for everything you have done for me.,Exp,初級1,18,3
829,2450,飾る,かざる,かざる○,,to display,V［1］,初級1,18,3
991,2454,乾杯,かんぱい,かんぱい○,,Cheers.,Exp,初級1,18,3
1263,2456,元気でいてください,げんきでいてください,げ↓んきでいてくださ↓い,,Please take care of yourself.,Exp,初級1,18,3
2251,2445,それでは,それでは,それで↓は,,now,,初級1,18,3
2294,2449,大切にする,たいせつにする,たいせつにする○,,to take good care,V［3］,初級1,18,3
2804,2448,友だちができる,ともだちができる,ともだちができ↓る,,to make friends,V［2］,初級1,18,3
3090,2451,～のこと　（私のこと）,～のこと　（わたしのこと）,～のこと↓　（わたしのこと↓）,,about ～　(e.g. about me),,初級1,18,3
3189,2447,はじめ,はじめ,はじめ○,,at first,N,初級1,18,3
4230,2452,忘れる,わすれる,わすれる○,,to forget,V［2］,初級1,18,3
76,2463,あたたかい,あたたかい,あたたか↓い,,warm / kind,イA,初級1,18,4
340,2460,歌う,うたう,うたう○,,to sing,V［1］,初級1,18,4
630,2461,踊る,おどる,おどる○,,to dance,V［1］,初級1,18,4
934,2464,カラオケ,カラオケ,カラオケ○,,karaoke,N,初級1,18,4
1508,2462,サービス,サービス,サ↓ービス,,service,N,初級1,18,4
1618,2465,幸せ（な）,しあわせ（な）,しあわせ（な）○,,happy,ナA,初級1,18,4
2042,2466,素敵（な）,すてき（な）,すてき（な）○,,wonderful,ナA,初級1,18,4
2272,2459,～代　（30代）,～だい　（さんじゅうだい）,～だい　（さんじゅ↓うだい）,,～ s　(e.g. 30s),,初級1,18,4
2719,2458,とうとう,とうとう,と↓うとう,,finally,,初級1,18,4
3704,2467,～ますように,～ますように,～ま↓すよ↓うに,,I hope ～. (used when expressing a wish),Exp,初級1,18,4
3860,2457,メッセージ,メッセージ,メ↓ッセージ,,message,N,初級1,18,4
246,2469,いつまでも,いつまでも,い↓つまでも,,for many years to come,,初級1,18,5
252,2472,いなくなる,いなくなる,いなくな↓る,,to leave,V［1］,初級1,18,5
877,2475,活躍,かつやく,かつやく○,,success,N,初級1,18,5
878,2468,家庭,かてい,かてい○,,home / household,N,初級1,18,5
992,2473,がんばってください,がんばってください,がんば↓ってくださ↓い,,Good luck.,Exp,初級1,18,5
1020,2470,築く,きずく,きず↓く,,to create / to build,V［1］,初級1,18,5
1025,2476,期待する,きたいする,きたいする○,,to expect / to hope for,V［3］,初級1,18,5
1476,2474,これまで,これまで,これま↓で,,up until now,,初級1,18,5
1994,2471,末永く,すえながく,すえな↓がく,,forever,,初級1,18,5
223,2479,いちばん,いちばん,いちばん○,,the most (superlative),N,初級2,1,1
243,2487,いつでも,いつでも,い↓つでも／いつでも○,,anytime,,初級2,1,1
290,2484,いろいろ（な）,いろいろ（な）,いろいろ（な）○,,various,ナA,初級2,1,1
1820,2481,～出身　（中国出身）,～しゅっしん　（ちゅうごくしゅっしん）,～しゅっしん　（ちゅ↓うごくしゅっしん）,,from ～　(e.g. from China),N,初級2,1,1
1827,2477,主任,しゅにん,しゅにん○,,chief,N,初級2,1,1
2090,2483,生活,せいかつ,せいかつ○,,life,N,初級2,1,1
2416,2488,担当,たんとう,たんとう○,,in charge,N,初級2,1,1
2615,2482,手続き,てつづき,てつ↓づき,,procedure,N,初級2,1,1
2628,2486,～でよかったら　（私でよかったら）,～でよかったら　（わたしでよかったら）,～でよ↓かったら　（わたしでよ↓かったら）,,if ～ is okay / acceptable　(e.g. if you're okay with me),,初級2,1,1
2861,2480,長い,ながい,なが↓い,,long,イA,初級2,1,1
2929,2485,何でも,なんでも,なんでも○／な↓んでも,,anything,,初級2,1,1
3138,2478,パート,パート,パート○／パ↓ート,,part-time worker,N,初級2,1,1
235,2491,一生懸命,いっしょうけんめい,いっしょうけ↓んめい,,as hard as one can,,初級2,1,2
993,2494,がんばります,がんばります,がんばりま↓す,,I will do my best.,Exp,初級2,1,2
994,2492,がんばる,がんばる,がんば↓る,,to work hard,V［1］,初級2,1,2
1626,2493,J-POP,ジェーポップ,ジェーポ↓ップ,,Japanese pop music,N,初級2,1,2
3264,2495,Perfume,パフューム,パ↓フューム,,Perfume (a three-girl techno-pop group),N,初級2,1,2
3881,2489,申す,もうす,も↓うす,,to be called,V［1］,初級2,1,2
4065,2490,呼ぶ,よぶ,よぶ○,,to call / to address,V［1］,初級2,1,2
319,2523,ウォノソボ,ウォノソボ,ウォノソボ○,,Wonosobo,N,初級2,1,3
366,2521,ウランバートル,ウランバートル,ウランバ↓ートル,,Ulaanbaatar ,N,初級2,1,3
481,2516,大勢,おおぜい,おおぜい○,,many,N,初級2,1,3
508,2517,お客さん,おきゃくさん,おきゃくさん○,,visitors,N,初級2,1,3
954,2502,川,かわ,かわ↓,,river,N,初級2,1,3
968,2515,観光客,かんこうきゃく,かんこ↓うきゃく, ,tourist,N,初級2,1,3
971,2510,観光地,かんこうち,かんこ↓うち, ,tourist destination,N,初級2,1,3
1023,2497,北,きた,きた○,,north,N,初級2,1,3
1304,2508,高原,こうげん,こうげん○,,plateau,N,初級2,1,3
1575,2507,砂漠,さばく,さばく○,,desert,N,初級2,1,3
1661,2501,自然,しぜん,しぜん○,　,nature,N,初級2,1,3
1705,2503,島,しま,しま↓,　,island,N,初級2,1,3
1739,2505,ジャングル,ジャングル,ジャ↓ングル,,jungle,N,初級2,1,3
1825,2509,首都,しゅと,しゅ↓と,,capital,N,初級2,1,3
2137,2520,セブ,セブ,セ↓ブ,,Cebu,N,初級2,1,3
2138,2524,セブ島,セブとう,セブとう○,,Cebu Island,N,初級2,1,3
2184,2506,草原,そうげん,そうげん○,,grassland,N,初級2,1,3
2434,2519,違います,ちがいます,ちがいま↓す,,That's not so.,Exp,初級2,1,3
2659,2518,テント,テント,テ↓ント,,tent,N,初級2,1,3
2738,2513,都会,とかい,とかい○,,city,N,初級2,1,3
2961,2500,西,にし,にし○,,west,N,初級2,1,3
3128,2512,のんびりしている,のんびりしている,のんび↓りしている,,easygoing,,初級2,1,3
3212,2514,畑,はたけ,はたけ○,,plantation,N,初級2,1,3
3329,2498,東,ひがし,ひがし○,,east,N,初級2,1,3
3599,2496,方角,ほうがく,ほうがく○,,direction,N,初級2,1,3
3609,2522,ホーチミン,ホーチミン,ホーチ↓ミン,,Ho Chi Minh,N,初級2,1,3
3802,2499,南,みなみ,みなみ○,,south,N,初級2,1,3
3930,2504,森,もり,もり○,　,forest,N,初級2,1,3
3934,2511,モンゴル,モンゴル,モ↓ンゴル,,Mongolia,N,初級2,1,3
101,2533,アニソン,アニソン,アニソン○,,ani-son (anime song),N,初級2,1,4
303,2529,インド料理,インドりょうり,インドりょ↓うり,,Indian cuisine,N,初級2,1,4
1210,2527,グループ,グループ,グル↓ープ,,group,N,初級2,1,4
1454,2528,コミュニケーションする,コミュニケーションする,コミュニケ↓ーションする,,to communicate,V［3］,初級2,1,4
1647,2525,自己紹介,じこしょうかい,じこしょ↓うかい,,self-introduction,N,初級2,1,4
2378,2530,食べ歩き,たべあるき,たべあるき○,,walking around and trying foods from different places,N,初級2,1,4
2995,2531,ニックネーム,ニックネーム,ニックネ↓ーム,,nickname,N,初級2,1,4
3058,2526,猫,ねこ,ね↓こ,,cat,N,初級2,1,4
3295,2532,バンコク,バンコク,バ↓ンコク,,Bangkok,N,初級2,1,4
23,2556,青い,あおい,あお↓い,,blue,イA,初級2,2,1
27,2553,赤い,あかい,あかい○／あか↓い,　,red,イA,初級2,2,1
618,2558,男の人,おとこのひと,おとこのひと↓,,man,N,初級2,2,1
817,2548,かける　（めがねをかける）,かける　（めがねをかける）,かけ↓る　（め↓がねをかけ↓る）,,to wear　(e.g. wear glasses),V［2］,初級2,2,1
903,2541,かぶる　（帽子をかぶる）,かぶる　（ぼうしをかぶる）,かぶ↓る　（ぼうしをかぶ↓る）,,to wear　(e.g. wear a hat),V［1］,初級2,2,1
912,2534,髪,かみ,かみ↓,　,hair,N,初級2,2,1
914,2535,髪が長い,かみがながい,かみ↓が　なが↓い,,long-haired,イA,初級2,2,1
915,2536,髪が短い,かみがみじかい,かみ↓が　みじか↓い,,short-haired,イA,初級2,2,1
1004,2555,黄色い,きいろい,きいろい○／きいろ↓い,　,yellow,イA,初級2,2,1
1126,2545,着る,きる,きる○,,to wear (a dress),V［2］,初級2,2,1
1220,2557,黒い,くろい,くろ↓い,,black,イA,初級2,2,1
1735,2551,シャツ,シャツ,シャ↓ツ,,shirt,N,初級2,2,1
1740,2559,ジャンパー,ジャンパー,ジャ↓ンパー,,zip-up jacket,N,初級2,2,1
1945,2554,白い,しろい,しろ↓い,,white,イA,初級2,2,1
2067,2552,ズボン,ズボン,ズボ↓ン／ズ↓ボン,,trousers,N,初級2,2,1
2084,2543,する　（ピアスをする）,する　（ピアスをする）,する○　（ピ↓アスをする）,,to wear　(e.g.wear earrings),V［3］,初級2,2,1
2085,2539,座る,すわる,すわる○,,to sit,V［1］,初級2,2,1
2087,2537,背,せ,せ↓,,height,N,初級2,2,1
2111,2538,背が高い,せがたかい,せ↓が　たか↓い,　,tall,イA,初級2,2,1
2349,2540,立つ,たつ,た↓つ,,to stand,V［1］,初級2,2,1
3173,2546,はく　（くつをはく）,はく　（くつをはく）,はく○　（くつ↓をはく）,,to wear　(e.g. wear shoes),V［1］,初級2,2,1
3271,2550,はやす　（ひげをはやす）,はやす　（ひげをはやす）,はや↓す　（ひげをはや↓す）,,to have　(e.g. have a beard),V［1］,初級2,2,1
3318,2542,ピアス,ピアス,ピ↓アス,,earrings,N,初級2,2,1
3341,2549,ひげ,ひげ,ひげ○,,beard,N,初級2,2,1
3645,2560,ほら,ほら,ほ↓ら, ,Look!,Exp,初級2,2,1
3859,2547,めがね,めがね,め↓がね,　,glasses / spectacles,N,初級2,2,1
4245,2544,ワンピース　,ワンピース,ワンピ↓ース,,dress,N,初級2,2,1
29,2570,赤ちゃん,あかちゃん,あ↓かちゃん,　,baby,N,初級2,2,2
195,2564,忙しい,いそがしい,いそがし↓い,,busy,イA,初級2,2,2
583,2574,遅くまで,おそくまで,おそく↓まで,,until late,,初級2,2,2
1050,2562,きびしい,きびしい,きびし↓い,,strict,イA,初級2,2,2
1266,2566,元気（な）,げんき（な）,げ↓んき（な）,,energetic,ナA,初級2,2,2
1290,2567,恋人,こいびと,こいびと○,,boyfriend / girlfriend,N,初級2,2,2
1428,2569,この間,このあいだ,このあいだ○, ,the other day,N,初級2,2,2
1483,2563,こわい,こわい,こわ↓い, ,scary,イA,初級2,2,2
1496,2572,今度,こんど,こ↓んど,,this time,N,初級2,2,2
1971,2575,心配（な）,しんぱい（な）,しんぱい（な）○,　,concerning,ナA,初級2,2,2
2870,2571,泣く,なく,なく○,,to cry,V［1］,初級2,2,2
3697,2568,孫,まご,まご↓,,grandchild,N,初級2,2,2
3698,2565,まじめ（な）,まじめ（な）,まじめ（な）○,　,sincere,ナA,初級2,2,2
3782,2573,見た目,みため,みため○,,appearance,N,初級2,2,2
3960,2561,やさしい,やさしい,やさしい○／やさし↓い,,kind / friendly,イA,初級2,2,2
119,2591,安室奈美恵,あむろなみえ,あむろなみえ○,,Amuro Namie (Japanese singer),N,初級2,2,3
264,2584,今でも,いまでも,い↓までも,,even now,,初級2,2,3
299,2583,引退する,いんたいする,いんたいする○,,to retire,V［3］,初級2,2,3
339,2577,歌,うた,うた↓,,singing,N,初級2,2,3
388,2588,映画祭,えいがさい,えいがさい○／えいが↓さい,,film festival,N,初級2,2,3
433,2578,演技,えんぎ,え↓んぎ,,acting,N,初級2,2,3
837,2581,歌手,かしゅ,か↓しゅ, ,singer,N,初級2,2,3
868,2576,かっこいい,かっこいい,かっこい↓い,,cool,イA,初級2,2,3
1034,2587,きっかけ,きっかけ,きっかけ○,　,original motivation,N,初級2,2,3
1670,2593,七人の侍,しちにんのさむらい,しち↓にんのさむらい,,Seven Samurai,N,初級2,2,3
1869,2580,上手（な）,じょうず（な）,じょうず↓（な）,,well / good at,ナA,初級2,2,3
2110,2589,世界中,せかいじゅう,せかいじゅう○,　,around the world,N,初級2,2,3
2262,2586,そんな,そんな,そんな○,,such,N,初級2,2,3
2401,2582,だれか,だれか,だ↓れか,,anyone,N,初級2,2,3
2409,2579,ダンス,ダンス,ダ↓ンス,,dance / dancing,N,初級2,2,3
3161,2585,俳優,はいゆう,はいゆう○, ,actor,N,初級2,2,3
3435,2590,ファン,ファン,ファ↓ン,　,fan,N,初級2,2,3
3805,2592,三船敏郎,みふねとしろう,みふねとしろう○,,Mifune Toshiro (Japanese actor),N,初級2,2,3
31,2597,明るい,あかるい,あかるい○／あかる↓い,,bright,イA,初級2,2,4
627,2602,おとなりさん,おとなりさん,おとなりさん○,,neighbor,N,初級2,2,4
632,2596,驚く,おどろく,おどろ↓く,,to be surprised,V［1］,初級2,2,4
984,2603,簡単に,かんたんに,かんたんに○,,simply,,初級2,2,4
1137,2595,金色,きんいろ,きんいろ○, ,golden,N,初級2,2,4
1333,2607,交流協会,こうりゅうきょうかい,こうりゅうきょ↓うかい,,exchange association,N,初級2,2,4
1937,2601,シリーズ,シリーズ,シリ↓ーズ,,series,N,初級2,2,4
2601,2600,できれば,できれば,でき↓れば,　,if possible,,初級2,2,4
3150,2599,ハイキング,ハイキング,ハ↓イキング,,hiking,N,初級2,2,4
3180,2605,パゴダ,パゴダ,パ↓ゴダ,,pagoda,N,初級2,2,4
3357,2598,びっくりする,びっくりする,びっく↓りする,,to be shocked,V［3］,初級2,2,4
3457,2606,増える,ふえる,ふえ↓る,,to increase,V［2］,初級2,2,4
3701,2594,まず,まず,ま↓ず,,first of all,,初級2,2,4
3987,2604,ヤンゴン,ヤンゴン,ヤ↓ンゴン,,Yangon,N,初級2,2,4
5,2615,アイス,アイス,ア↓イス,,iced,N,初級2,3,1
482,2610,大盛り,おおもり,おおもり○,,large serving,N,初級2,3,1
501,2611,おかわり自由,おかわりじゆう,おか↓わり△じゆ↓う,,free refill,N,初級2,3,1
694,2620,親子丼,おやこどん,おやこどん○,,oyako-don (rice bowl with chicken and eggs),N,初級2,3,1
874,2619,かつ丼,かつどん,かつどん○,,katsu-don (rice bowl with pork cutlet),N,初級2,3,1
951,2618,カレーライス,カレーライス,カレーラ↓イス,,curry and rice,N,初級2,3,1
2536,2621,つく　（みそ汁がつく）,つく　（みそしるがつく）,つ↓く　（みそし↓るがつ↓く）,,to be served with　(e.g. served with miso soup),V［1］,初級2,3,1
2579,2608,定食,ていしょく,ていしょく○,,set meal,N,初級2,3,1
3104,2613,～のみ　（平日のみ）,～のみ　（へいじつのみ）,～の↓み　（へいじつの↓み）,,～ only　(e.g. only on weekdays),,初級2,3,1
3306,2617,ハンバーグ,ハンバーグ,ハンバ↓ーグ,,hamburger steak,N,初級2,3,1
3333,2609,日替わり,ひがわり,ひがわり○,,daily special,N,初級2,3,1
3549,2612,平日,へいじつ,へいじつ○,,weekday,N,初級2,3,1
3634,2614,ホット,ホット,ホ↓ット,,hot,N,初級2,3,1
3943,2616,焼き魚,やきざかな,やきざ↓かな,,grilled fish,N,初級2,3,1
142,2634,アレルギー,アレルギー,アレ↓ルギー,,allergy,N,初級2,3,2
834,2646,かしこまりました,かしこまりました,かしこまりま↓した,,Certainly. (polite expression),Exp,初級2,3,2
893,2626,カニ,カニ,カニ○,,crab,N,初級2,3,2
1095,2625,牛肉,ぎゅうにく,ぎゅうにく○,,beef,N,初級2,3,2
1209,2636,来る,くる,く↓る,,to come,V［3］,初級2,3,2
1535,2623,材料,ざいりょう,ざいりょ↓う,,ingredient,N,初級2,3,2
1690,2635,自転車,じてんしゃ,じてんしゃ○／じて↓んしゃ,,bicycle,N,初級2,3,2
1755,2631,宗教,しゅうきょう,しゅ↓うきょう,　,religion,N,初級2,3,2
1847,2632,～上　（宗教上）,～じょう　（しゅうきょうじょう）,～じょう　（しゅうきょうじょう○）,　,in terms of ～　(e.g. because of my religion),,初級2,3,2
2225,2645,そっか,そっか,そ↓っか,,I see. (a very casual way of saying そうですか）,Exp,初級2,3,2
2384,2642,食べられる,たべられる,たべられ↓る,,can eat,,初級2,3,2
2393,2622,だめ（な）,だめ（な）,だめ↓（な）,,cannot have / stand,ナA,初級2,3,2
2472,2639,注文する,ちゅうもんする,ちゅうもんする○,,to order,V［3］,初級2,3,2
2724,2638,豆腐,とうふ,とうふ○,　,tofu,N,初級2,3,2
2876,2627,ナッツ,ナッツ,ナ↓ッツ,,nuts,N,初級2,3,2
3046,2644,～抜き　（わさび抜き）,～ぬき　（わさびぬき）,～ぬ↓き　（わ↓さび△ぬ↓き）,,no ～　(e.g. no wasabi),,初級2,3,2
3055,2629,ねぎ,ねぎ,ね↓ぎ,,bunching onion,N,初級2,3,2
3116,2640,飲める,のめる,のめ↓る,,can drink,,初級2,3,2
3488,2624,豚肉,ぶたにく,ぶたにく○,,pork,N,初級2,3,2
3557,2637,ベジタリアン,ベジタリアン,ベジタ↓リアン,　,vegetarian,N,初級2,3,2
3617,2643,ほかの,ほかの,ほかの○,,other,,初級2,3,2
3810,2630,みりん,みりん,みりん○,,mirin (sweet cooking sake),N,初級2,3,2
3862,2641,メニュー,メニュー,メ↓ニュー,,menu,N,初級2,3,2
4118,2633,理由,りゆう,りゆう○,,reason,N,初級2,3,2
4226,2628,わさび,わさび,わ↓さび,,wasabi (Japanese horseradish),N,初級2,3,2
175,2674,いかが,いかが,いか↓が,　,how about ～ (polite expression for saying どう),,初級2,3,3
176,2679,いかがですか？,いかがですか？,いか↓がですか？,,Would you like? / How about?  (polite expression),Exp,初級2,3,3
190,2681,以上でよろしいですか？,いじょうでよろしいですか？,い↓じょうで　よろし↓いですか？,,Is that all? (polite expression),Exp,初級2,3,3
488,2668,お会計、お願いします,おかいけい、おねがいします,おかいけい○、おねがいしま↓す,,Could we have the check please?,Exp,初級2,3,3
504,2678,お決まりですか？,おきまりですか？,おきまりで↓すか？,,Have you decided? (polite expression),Exp,初級2,3,3
506,2670,お客様,おきゃくさま,おきゃくさ↓ま,　,Ma'am / Sir (polite expression to address a customer),N,初級2,3,3
574,2657,おすすめ,おすすめ,おすすめ○,,recommendation / specialty,N,初級2,3,3
594,2682,お使いください,おつかいください,おつかいくださ↓い,,Please use. (polite expression),Exp,初級2,3,3
739,2650,会計／お会計,かいけい／おかいけい,かいけい○／おかいけい○,,cash register / payment,N,初級2,3,3
774,2647,カウンター,カウンター,カウンター○,　,counter,N,初級2,3,3
820,2677,～がございます,～がございます,～がございま↓す,　,We have ～. (polite expression),Exp,初級2,3,3
1059,2656,決まる,きまる,きまる○,,to make a decision,V［1］,初級2,3,3
1138,2652,禁煙,きんえん,きんえん○,　,no smoking,N,初級2,3,3
1159,2665,クーポン,クーポン,ク↓ーポン,,coupon,N,初級2,3,3
1288,2675,ごいっしょ,ごいっしょ,ごいっしょ○,,together (polite expression),N,初級2,3,3
1400,2673,ご注文,ごちゅうもん,ごちゅうもん○,,order (polite expression),N,初級2,3,3
1545,2663,先に,さきに,さきに○,,first,,初級2,3,3
1558,2648,座敷,ざしき,ざしき↓,　,zashiki (tatami seating),N,初級2,3,3
1631,2666,次回,じかい,じ↓かい,,next time,N,初級2,3,3
1905,2684,食後に,しょくごに,しょくごに○,,after the meal,,初級2,3,3
2009,2683,少なめ,すくなめ,すくなめ○,,smaller amount,N,初級2,3,3
2178,2655,全面,ぜんめん,ぜんめん○,,entirely,N,初級2,3,3
2257,2667,それにします,それにします,それにしま↓す,,I'll have that.,Exp,初級2,3,3
2586,2649,テーブル,テーブル,テーブル○,,table,N,初級2,3,3
2718,2654,当店,とうてん,と↓うてん,,our restaurant,N,初級2,3,3
2721,2680,どうなさいますか？,どうなさいますか？,ど↓うなさいま↓すか？,,How would you prefer? / How much? (polite expression),Exp,初級2,3,3
2937,2671,何名様,なんめいさま,な↓んめいさま,,How many people (polite expression),N,初級2,3,3
3040,2658,人気がある,にんきがある,にんきがあ↓る, ,popular,V［1］,初級2,3,3
3493,2662,普通,ふつう,ふつう○,,regular,N,初級2,3,3
3507,2659,フライ,フライ,フライ○, ,furai (deep-fried food),N,初級2,3,3
3565,2664,別々,べつべつ,べつべつ○,,separate (bills),N,初級2,3,3
3566,2669,別々でお願いします,べつべつでおねがいします,べつべつでおねがいしま↓す,,We'd like to pay separately.,Exp,初級2,3,3
3790,2660,ミックスフライ,ミックスフライ,ミックスフ↓ライ,,assorted fried food,N,初級2,3,3
3845,2653,～名　（2名）,～めい　（にめい）,～めい　（に↓めい）,　,～ people / ～ person(s)　(e.g. 2 people),,初級2,3,3
3847,2672,～名様　（2名様）,～めいさま　（にめいさま）,～めいさま　（に↓めいさま）,,～ person(s) (polite expression)　(e.g. 2 persons) ,,初級2,3,3
4076,2676,よろしいですか？,よろしいですか？,よろし↓いですか？,,Is that right? (polite expression),Exp,初級2,3,3
4122,2661,量,りょう,りょ↓う, ,amount,N,初級2,3,3
4157,2651,レジ,レジ,レ↓ジ,,cash register,N,初級2,3,3
551,2690,お時間,おじかん,おじ↓かん,,time (polite expression),N,初級2,3,4
606,2688,お電話,おでんわ,おで↓んわ,,call (polite expression),N,初級2,3,4
607,2691,お電話番号,おでんわばんごう,おでんわば↓んごう,,phone number (polite expression),N,初級2,3,4
662,2693,おまちがいないでしょうか？,おまちがいないでしょうか？,おまちがいな↓いでしょうか？,,Is that right? (polite expression),Exp,初級2,3,4
1465,2689,ご予約,ごよやく,ごよやく○,,reservation (polite expression),N,初級2,3,4
1577,2692,～様,～さま,～さま,　,Mr. ～ / Ms. ～ (polite expression for saying ～さん),,初級2,3,4
1684,2687,失礼しました,しつれいしました,しつ↓れいしま↓した,,Sorry about that.,Exp,初級2,3,4
3385,2685,日にち／お日にち,ひにち／おひにち,ひにち○／おひにち○,,date,N,初級2,3,4
3724,2686,まちがい,まちがい,まちが↓い,,mistake,N,初級2,3,4
523,2697,おこさま,おこさま,おこさま○,,small children (polite expression),N,初級2,3,5
668,2711,お見せください,おみせください,おみせくださ↓い,,Please show ～. (polite expression),Exp,初級2,3,5
740,2705,会計時,かいけいじ,かいけ↓いじ,,when paying,N,初級2,3,5
795,2707,～限り　（1回限り）,～かぎり　（いっかいかぎり）,～か↓ぎり　（いっかいか↓ぎり）,,～ only　(e.g. only once),,初級2,3,5
1291,2704,ご飲食代,ごいんしょくだい,ごいんしょくだい○,,the cost for a meal (polite expression),N,初級2,3,5
1401,2698,ご注文時,ごちゅうもんじ,ごちゅうも↓んじ,,when ordering (polite expression),N,初級2,3,5
1411,2702,ご提示ください,ごていじください,ごていじくださ↓い,,Please present ～. (polite expression),Exp,初級2,3,5
1471,2703,ご利用できません,ごりようできません,ごりようできませ↓ん,,You cannot use ～. (polite expression),Exp,初級2,3,5
1639,2701,時間帯,じかんたい,じかんたい○,,during a period of time,N,初級2,3,5
1845,2700,使用,しよう,しよう○,,use,N,初級2,3,5
2363,2709,他の,たの,た↓の,,other,,初級2,3,5
2831,2696,ドリンクバー,ドリンクバー,ドリンクバ↓ー,,a self-service soft drink bar,N,初級2,3,5
3289,2694,半額,はんがく,はんがく○,,half-off / half price,N,初級2,3,5
3552,2710,併用,へいよう,へいよう○,,use together with,N,初級2,3,5
3655,2699,本券,ほんけん,ほ↓んけん,,this coupon,N,初級2,3,5
3991,2695,有効期限,ゆうこうきげん,ゆうこうき↓げん,,expiration date,N,初級2,3,5
3992,2708,有効（な）,ゆうこう（な）,ゆうこう（な）○,,valid,ナA,初級2,3,5
4127,2706,利用可能（な）,りようかのう（な）,りようかのう（な）○,,available for use,ナA,初級2,3,5
84,2722,新しく,あたらしく,あたらし↓く,,newly,,初級2,4,1
518,2725,送る,おくる,おくる○,,to send,V［1］,初級2,4,1
709,2719,おれ,おれ,おれ○,,I (usually used by a male person),N,初級2,4,1
896,2715,彼女,かのじょ,か↓のじょ, ,girlfriend,N,初級2,4,1
996,2720,看板,かんばん,かんばん○,,sign,N,初級2,4,1
1429,2726,このあたり,このあたり,このあ↓たり,　,near here,,初級2,4,1
1432,2721,この辺,このへん,このへん○,,around here,N,初級2,4,1
1907,2716,食事,しょくじ,しょくじ○,,meal / eating,N,初級2,4,1
1939,2728,知りませんでした,しりませんでした,しりませ↓んでした,,I did not know.,Exp,初級2,4,1
2446,2724,地図,ちず,ち↓ず,　,map,N,初級2,4,1
2599,2723,できる　（店ができる）  ,できる　（みせができる）,でき↓る　（みせ↓ができ↓る）,,to be newly opened　(e.g. the store has been newly opened),V［2］,初級2,4,1
2761,2718,土地,とち,とち○,,local,N,初級2,4,1
2821,2714,とり,とり,とり○,　,chicken,N,初級2,4,1
3446,2727,夫婦,ふうふ,ふ↓うふ,,married couple,N,初級2,4,1
3570,2717,ベトナム料理,ベトナムりょうり,ベトナムりょ↓うり,,Vietnamese cuisine,N,初級2,4,1
3665,2712,本物,ほんもの,ほんもの○,　,authentic,N,初級2,4,1
4123,2713,量,りょう,りょ↓う,,amount,N,初級2,4,1
58,2743,味がついている,あじがついている,あじがつ↓いている,,seasoned,,初級2,4,2
286,2733,入れる,いれる,いれる○,,to put in / to add,V［2］,初級2,4,2
661,2749,お待たせしました,おまたせしました,おまたせしま↓した,,Thank you for waiting. (polite expression),Exp,初級2,4,2
818,2732,かける　（ソースをかける）,かける　（ソースをかける）,かけ↓る　（ソ↓ースをかけ↓る）,,to pour over / to sprinkle　(e.g. pour the sauce over),V［2］,初級2,4,2
955,2748,皮　（トマトの皮）,かわ　（トマトのかわ）,かわ↓　（ト↓マトのかわ↓）,,skin　(e.g. tomato skin),N,初級2,4,2
1798,2738,シュウマイ,シュウマイ,シュウマイ○,,shumai (Chinese meat dumpling),N,初級2,4,2
1893,2744,しょうゆ,しょうゆ,しょうゆ○,,soy sauce,N,初級2,4,2
2235,2746,そのまま,そのまま,そのまま○,　,as is,,初級2,4,2
2379,2729,食べ方,たべかた,たべか↓た,,how to eat,N,初級2,4,2
2541,2730,つける　（たれにつける）,つける　（たれにつける）,つけ↓る　（たれ↓につけ↓る）,,to dip　(e.g. dip in the sauce),V［2］,初級2,4,2
2561,2745,つゆ,つゆ,つ↓ゆ,,dipping sauce,N,初級2,4,2
2623,2741,手巻きずし,てまきずし,てまき↓ずし,,temaki-zushi (hand-rolled sushi),N,初級2,4,2
2664,2739,天ぷら,てんぷら,てんぷら○,,tempura,N,初級2,4,2
2791,2740,トマト,トマト,ト↓マト,　,tomato,N,初級2,4,2
3094,2735,のせる,のせる,のせる○,,to put on top,V［2］,初級2,4,2
3119,2747,のり,のり,のり↓,,seaweed,N,初級2,4,2
3695,2734,巻く,まく,まく○,,to roll,V［1］,初級2,4,2
3705,2737,混ぜそば,まぜそば,まぜそば○,,mixed soba,N,初級2,4,2
3707,2731,混ぜる,まぜる,まぜ↓る,,to mix,V［2］,初級2,4,2
3825,2736,むく,むく,むく○,,to peel,V［1］,初級2,4,2
3941,2742,焼きいも,やきいも,やきいも○,,yaki-imo (baked sweet potato),N,初級2,4,2
59,2754,味がない,あじがない,あじがな↓い,,tasteless,,初級2,4,3
214,2750,一度に,いちどに,いちど↓に,,at once,,初級2,4,3
1329,2753,こうやって,こうやって,こうやって○,　,like this,N,初級2,4,3
1443,2756,ごまだれ,ごまだれ,ごまだれ○,,sesame sauce,N,初級2,4,3
1738,2752,しゃぶしゃぶ,しゃぶしゃぶ,しゃぶしゃぶ○,,shabu shabu (hot pot),N,初級2,4,3
2265,2751,そんなに,そんなに,そんなに○,,so much,N,初級2,4,3
3175,2757,白菜,はくさい,はく↓さい,,Chinese cabbage,N,初級2,4,3
3658,2755,ポン酢,ポンず,ポンず○,,ponzu vinegar,N,初級2,4,3
48,2772,揚げる,あげる,あげる○,,to deep-fry,V［2］,初級2,4,4
110,2764,油,あぶら,あぶら○,　,oil,N,初級2,4,4
115,2787,甘辛い,あまからい,あまから↓い,,sweet and spicy,イA,初級2,4,4
204,2771,いためる,いためる,いため↓る,,to fry,V［2］,初級2,4,4
856,2788,固い,かたい,かたい○／かた↓い,,hard,イA,初級2,4,4
879,2775,家庭料理,かていりょうり,かていりょ↓うり,,home-cooked dish,N,初級2,4,4
886,2778,ガドガド,ガドガド,ガドガド○,,gado gado (Indonesian dish),N,初級2,4,4
956,2784,皮　（餃子の皮）,かわ　（ぎょうざのかわ）,かわ↓　（ぎょうざのかわ↓）,,wrapper　(e.g. gyoza wrapper),N,初級2,4,4
1109,2774,餃子,ぎょうざ,ぎょうざ○,,stuffed dumpling,N,初級2,4,4
1127,2766,切る,きる,き↓る,,to cut,V［1］,初級2,4,4
1385,2760,こしょう,こしょう,こしょ↓う,,pepper,N,初級2,4,4
1458,2782,小麦粉,こむぎこ,こむぎこ○,,flour,N,初級2,4,4
1574,2759,砂糖,さとう,さと↓う,,sugar,N,初級2,4,4
1582,2773,サラダ,サラダ,サ↓ラダ,,salad,N,初級2,4,4
2051,2761,スパイス,スパイス,スパ↓イス,,spice,N,初級2,4,4
2216,2762,ソース,ソース,ソ↓ース,,sauce,N,初級2,4,4
2399,2763,たれ,たれ,たれ↓,,tare (dipping sauce),N,初級2,4,4
2461,2780,中国,ちゅうごく,ちゅ↓うごく,,China,N,初級2,4,4
2481,2758,調味料,ちょうみりょう,ちょうみ↓りょう,,seasoning,N,初級2,4,4
2485,2765,調理方法,ちょうりほうほう,ちょうりほ↓うほう,,cooking instructions,N,初級2,4,4
2881,2786,～など,～など,～な↓ど,,～ etc.,,初級2,4,4
3034,2768,煮る,にる,にる○,,to simmer / to stew,V［2］,初級2,4,4
3325,2783,ピーナッツソース,ピーナッツソース,ピーナッツソ↓ース,,peanut sauce,N,初級2,4,4
3454,2776,フェイジョアーダ,フェイジョアーダ,フェイジョア↓ーダ,,feijoada (Brazilian dish),N,初級2,4,4
3669,2779,麻花,マーホア,マーホア○,,mahua (Chinese confectionery),N,初級2,4,4
3747,2781,豆,まめ,まめ↓,　,bean,N,初級2,4,4
3828,2770,蒸す,むす,む↓す,,to steam,V［1］,初級2,4,4
3927,2777,モモ,モモ,モ↓モ,,momo (Nepalese dish),N,初級2,4,4
3953,2767,焼く,やく,やく○,,to grill / to cook,V［1］,初級2,4,4
4017,2785,ゆで卵,ゆでたまご,ゆでた↓まご,,boiled egg,N,初級2,4,4
4018,2769,ゆでる,ゆでる,ゆで↓る,,to boil,V［2］,初級2,4,4
575,2798,おすすめする,おすすめする,おすすめする○,,to recommend,V［3］,初級2,4,5
651,2793,おばちゃん,おばちゃん,おばちゃん○,,middle-aged woman,N,初級2,4,5
1638,2800,時間がかかる,じかんがかかる,じかんがかか↓る,,to take time,V［1］,初級2,4,5
2232,2802,その他,そのた,その↓た,,others,N,初級2,4,5
2371,2795,頼む,たのむ,たの↓む,,to order,V［1］,初級2,4,5
2842,2789,どれも,どれも,ど↓れも／どれも○,,any,N,初級2,4,5
2959,2796,煮込みハンバーグ,にこみハンバーグ,にこみハンバ↓ーグ,,stewed hamburger steak,N,初級2,4,5
3060,2801,値段,ねだん,ねだん○, ,price,N,初級2,4,5
3650,2791,ボリューム,ボリューム,ボリューム○,,amount,N,初級2,4,5
3690,2797,～前　（12時前）,～まえ　（じゅうにじまえ）,～まえ　（じゅうにじま↓え）,,before ～　(e.g. before 12 o'clock),,初級2,4,5
3760,2792,満足（な）,まんぞく（な）,ま↓んぞく（な）,,satisfactory,ナA,初級2,4,5
3939,2790,～屋　（定食屋）,～や　（ていしょくや）,～や　（ていしょくや○）,　,～ store / restaurant　(e.g. restaurant specializing in Japanese-style set meals),,初級2,4,5
3975,2799,やっている,やっている,やっている○,,run (a shop),,初級2,4,5
4110,2794,リーズナブル（な）,リーズナブル（な）,リ↓ーズナブル（な）,,reasonable,ナA,初級2,4,5
72,2807,遊ぶ,あそぶ,あそぶ○,,to have fun,V［1］,初級2,5,1
77,2805,暖かい,あたたかい,あたたか↓い,,warm,イA,初級2,5,1
218,2813,一日中,いちにちじゅう,いちにちじゅう○,,all day long,N,初級2,5,1
229,2818,いつか,いつか,い↓つか,　,one day,,初級2,5,1
355,2815,ウニ,ウニ,ウ↓ニ,,sea urchin,N,初級2,5,1
503,2812,沖縄,おきなわ,おきなわ○,,Okinawa,N,初級2,5,1
732,2808,海外,かいがい,か↓いがい,　,overseas,N,初級2,5,1
969,2809,観光客,かんこうきゃく,かんこ↓うきゃく,,tourist,N,初級2,5,1
1493,2806,混んでいる,こんでいる,こ↓んでいる,,crowded,,初級2,5,1
1662,2803,自然,しぜん,しぜん○,,nature,N,初級2,5,1
1828,2816,シュノーケリング,シュノーケリング,シュノーケリング○, ,snorkeling,N,初級2,5,1
1968,2814,新鮮（な）,しんせん（な）,しんせん（な）○, ,fresh,ナA,初級2,5,1
1978,2821,水族館,すいぞくかん,すいぞく↓かん,,aquarium,N,初級2,5,1
3041,2810,人気がある,にんきがある,にんきがあ↓る,,popular,V［1］,初級2,5,1
3292,2817,番組,ばんぐみ,ばんぐみ○,,program,N,初級2,5,1
3633,2811,北海道,ほっかいどう,ほっか↓いどう,,Hokkaido,N,初級2,5,1
3977,2819,やっぱり,やっぱり,やっぱ↓り,　,as expected,,初級2,5,1
4012,2804,豊か（な）,ゆたか（な）,ゆ↓たか（な）,　,abundant,ナA,初級2,5,1
4104,2820,ラッシュ,ラッシュ,ラ↓ッシュ,,rush hour,N,初級2,5,1
178,2826,行き先,いきさき,いきさき○, ,destination,N,初級2,5,2
720,2825,温泉,おんせん,おんせん○,,hot spring,N,初級2,5,2
1463,2831,ごめんなさい,ごめんなさい,ごめんなさ↓い／ごめんなさい○,,Sorry.,Exp,初級2,5,2
1518,2823,サイクリング,サイクリング,サ↓イクリング,　,cycling,N,初級2,5,2
1821,2830,出発する,しゅっぱつする,しゅっぱつする○,,to depart,V［3］,初級2,5,2
2172,2829,先輩,せんぱい,せんぱい○, ,senior co-worker / senior colleague,N,初級2,5,2
3610,2822,ボート,ボート,ボ↓ート,,boat,N,初級2,5,2
3771,2827,湖,みずうみ,みず↓うみ,,lake,N,初級2,5,2
3988,2824,遊園地,ゆうえんち,ゆうえ↓んち, ,amusement park,N,初級2,5,2
4178,2828,レンタサイクル,レンタサイクル,レンタサ↓イクル,,bicycle rentals,N,初級2,5,2
87,2852,厚い,あつい,あつい○／あつ↓い,,thick / heavy,イA,初級2,5,3
373,2853,上着,うわぎ,うわぎ○,,jacket,N,初級2,5,3
766,2864,回転ずし,かいてんずし,かいて↓んずし,,conveyor belt sushi,N,初級2,5,3
891,2851,かなり,かなり,か↓なり, ,quite,,初級2,5,3
1212,2842,車,くるま,くるま○,,car,N,初級2,5,3
1222,2863,くわしい,くわしい,くわし↓い, ,know in details,イA,初級2,5,3
1226,2859,計画,けいかく,けいかく○, ,plan,N,初級2,5,3
1316,2837,交通手段,こうつうしゅだん,こうつうしゅ↓だん,,means of transportation,N,初級2,5,3
1330,2850,紅葉,こうよう,こうよう○,,autumn leaves,N,初級2,5,3
1408,2870,こっち,こっち,こっち↓,,here (a casual way of saying こちら),N,初級2,5,3
1455,2858,混む,こむ,こ↓む,,to be crowded,V［1］,初級2,5,3
1595,2847,サングラス,サングラス,サング↓ラス,　,sunglasses,N,初級2,5,3
1642,2857,時期,じき,じ↓き,,season,N,初級2,5,3
1842,2843,準備する,じゅんびする,じゅ↓んびする,,to prepare,V［3］,初級2,5,3
1933,2861,調べる,しらべる,しらべ↓る,,to check,V［2］,初級2,5,3
1997,2868,スキー,スキー,スキ↓ー,　,ski,N,初級2,5,3
1998,2844,スキー板,スキーいた,スキ↓ーいた／スキーい↓た,,skis,N,初級2,5,3
1999,2845,スキーウェア,スキーウェア,スキーウェ↓ア,,skiwear,N,初級2,5,3
2000,2869,スキー場,スキーじょう,スキーじょう○,,ski resort,N,初級2,5,3
2356,2860,立てる　（計画を立てる）,たてる  （けいかくをたてる）,たて↓る  （けいかくをたて↓る）,,to make　(e.g. put together a plan),V［2］,初級2,5,3
2424,2855,小さな,ちいさな,ち↓いさな,,small,,初級2,5,3
2622,2846,手袋,てぶくろ,てぶ↓くろ, ,gloves,N,初級2,5,3
2652,2839,電車,でんしゃ,でんしゃ○／で↓んしゃ,,train,N,初級2,5,3
2797,2833,泊まる,とまる,とまる○,,to stay,V［1］,初級2,5,3
2807,2862,富山,とやま,と↓やま,　,Toyama,N,初級2,5,3
2865,2866,長野,ながの,な↓がの,,Nagano,N,初級2,5,3
2906,2854,奈良,なら,な↓ら,,Nara,N,初級2,5,3
2908,2865,並ぶ,ならぶ,ならぶ○,,to line up,V［1］,初級2,5,3
2996,2849,日光,にっこう,に↓っこう,,Nikko,N,初級2,5,3
3199,2838,バス,バス,バ↓ス,,bus,N,初級2,5,3
3345,2841,飛行機,ひこうき,ひこ↓うき,,plane,N,初級2,5,3
3393,2867,日焼けする,ひやけする,ひやけする○,,to get a suntan,V［3］,初級2,5,3
3503,2840,船,ふね,ふ↓ね,,ship,N,初級2,5,3
3639,2834,ホテル,ホテル,ホ↓テル,,hotel,N,初級2,5,3
3774,2848,水着,みずぎ,みずぎ○,,swimsuit,N,初級2,5,3
3817,2836,民宿,みんしゅく,みんしゅく○,,private lodging,N,初級2,5,3
3978,2856,宿,やど,や↓ど,,inn,N,初級2,5,3
4140,2835,旅館,りょかん,りょかん○,,Japanese inn,N,初級2,5,3
4145,2832,旅行,りょこう,りょこう○,,travel,N,初級2,5,3
174,2881,意外に,いがいに,いがいに○,,surprisingly,,初級2,5,4
708,2872,オルゴール,オルゴール,オルゴ↓ール,,music box,N,初級2,5,4
776,2890,帰り,かえり,かえり↓,,on the way home,N,初級2,5,4
967,2884,観光,かんこう,かんこう○,,sightseeing,N,初級2,5,4
1177,2887,口コミ,くちコミ,くちコミ○,,word-of-mouth / review,N,初級2,5,4
1214,2885,グルメ,グルメ,グ↓ルメ,,gourmet food,N,初級2,5,4
1812,2883,宿泊,しゅくはく,しゅくはく○,,accommodation,N,初級2,5,4
2239,2876,そば　（湖のそば）,そば　（みずうみのそば）,そ↓ば　（みず↓うみのそ↓ば）,,next to ～　(e.g. next to the lake),N,初級2,5,4
2368,2882,楽しむ,たのしむ,たのし↓む,,to enjoy,V［1］,初級2,5,4
2697,2888,投稿する,とうこうする,とうこうする○,,to post,V［3］,初級2,5,4
2834,2871,撮る,とる,と↓る,,"to take (a photo, video)",V［1］,初級2,5,4
3103,2889,～のまわり　（湖のまわり）,～のまわり　（みずうみのまわり）,～のまわり○　（みず↓うみのまわり）,,around ～　(e.g. around the lake),,初級2,5,4
3328,2878,日帰り,ひがえり,ひがえり○,,day trip,N,初級2,5,4
3349,2873,美術館,びじゅつかん,びじゅつ↓かん,,art museum,N,初級2,5,4
3734,2879,まったく～ない,まったく～ない,まったく○～ない,,not ～ at all,,初級2,5,4
3772,2875,湖,みずうみ,みず↓うみ,,lake,N,初級2,5,4
4075,2880,寄る,よる,よる○,,to stop by,V［1］,初級2,5,4
4143,2886,旅券,りょけん,りょけん○,,transportation pass,N,初級2,5,4
4186,2874,ロープウェイ,ロープウェイ,ロープウェ↓イ,,ropeway,N,初級2,5,4
4204,2877,露天風呂,ろてんぶろ,ろてんぶ↓ろ／ろてんぶろ○,,open-air bath,N,初級2,5,4
33,2897,秋田,あきた,あ↓きた,,Akita,N,初級2,6,1
376,2904,運転見合わせ,うんてんみあわせ,うんてんみあわせ○,,suspended,N,初級2,6,1
519,2901,遅れ,おくれ,おくれ○,,delay,N,初級2,6,1
563,2905,お知らせ,おしらせ,おしらせ○,,notice,N,初級2,6,1
1295,2893,～号,～ごう,～ごう,　,train number ～,,初級2,6,1
1312,2894,～号車,～ごうしゃ,～ご↓うしゃ,,train car number ～,,初級2,6,1
1444,2898,こまち,こまち,こ↓まち,,Komachi (a type of Shinkansen),N,初級2,6,1
2114,2895,～席,～せき,～せき,,～ seat,,初級2,6,1
2116,2907,接近,せっきん,せっきん○,,approach,N,初級2,6,1
2302,2906,台風～号,たいふう～ごう,たいふ↓う　～ごう,,typhoon no. ～,N,初級2,6,1
2450,2892,～着,～ちゃく,～ちゃ↓く,,arrive at ～,,初級2,6,1
2512,2899,通路側,つうろがわ,つうろがわ○,,aisle seat,N,初級2,6,1
2768,2896,特急券,とっきゅうけん,とっきゅ↓うけん,,limited express ticket,N,初級2,6,1
2999,2908,～に伴い　,～にともない,～にともな↓い,,as a result of ～,,初級2,6,1
3227,2891,～発,～はつ,～は↓つ,,depart at ～,,初級2,6,1
3740,2900,窓側,まどがわ,まどがわ○,,window seat,N,初級2,6,1
3761,2909,見合わせる,みあわせる,みあわせる○,,to postpone,V［2］,初級2,6,1
3954,2902,約　（約10分）,やく　（やくじゅっぷん）,や↓く　（や↓く△じゅ↓っぷん）,　,about　(e.g. about 10 minutes),,初級2,6,1
4133,2903,～両編成　（10両編成）,～りょうへんせい　（じゅうりょうへんせい）,～りょうへ↓んせい　（じゅうりょうへ↓んせい）,,made up of ～ carriages　(e.g. made up of 10 carriages),,初級2,6,1
742,2911,外国,がいこく,がいこく○,　,foreign country,N,初級2,6,2
2469,2915,中禅寺湖,ちゅうぜんじこ,ちゅうぜんじ↓こ,,Chuzenji Lake,N,初級2,6,2
2710,2914,東照宮,とうしょうぐう,とうしょ↓うぐう,,Toshogu Shrine,N,初級2,6,2
3174,2912,～泊　（1泊）,～はく　（いっぱく）,～はく　（いっぱく○）,,～ night(s) stay　(e.g. one-night stay),,初級2,6,2
3852,2913,名物,めいぶつ,め↓いぶつ,,local specialty,N,初級2,6,2
4019,2910,ゆば,ゆば,ゆ↓ば,,yuba (tofu skin),N,初級2,6,2
99,2946,アナウンス,アナウンス,アナ↓ウンス,,announcement,N,初級2,6,3
177,2920,～行き,～いき／ゆき,～いき○／ゆき○,,bound for ～,,初級2,6,3
374,2951,運転,うんてん,うんてん○,,(train) operations,N,初級2,6,3
390,2957,影響,えいきょう,えいきょう○,,impact,N,初級2,6,3
455,2952,お急ぎのところ,おいそぎのところ,おいそぎのところ○,,when you may be in a rush (polite expression),,初級2,6,3
498,2934,岡山,おかやま,おか↓やま,,Okayama,N,初級2,6,3
527,2959,お越し,おこし,おこし○,,heading to (polite expression),N,初級2,6,3
528,2941,お越しください,おこしください,おこしくださ↓い,,Please head to ～. (polite expression),Exp,初級2,6,3
534,2954,行っております,おこなっております,おこなっておりま↓す,,～ are conducting. (polite expression for しています),Exp,初級2,6,3
565,2953,お知らせいたします,おしらせいたします,おしらせいたしま↓す,,This is an announcement. (polite expression),Exp,初級2,6,3
603,2935,お出口,おでぐち,おで↓ぐち,,exit (polite expression),N,初級2,6,3
804,2937,各駅,かくえき,か↓くえき,,each station,N,初級2,6,3
889,2930,金沢,かなざわ,かな↓ざわ,,Kanazawa,N,初級2,6,3
1203,2929,グリーン車,グリーンしゃ,グリー↓ンしゃ,,green car (=first class car),N,初級2,6,3
1286,2940,ご案内をいたします,ごあんないをいたします,ごあんないをいたしま↓す,,This is an announcement. (polite expression),Exp,初級2,6,3
1446,2947,困る,こまる,こま↓る,,to be troubled,V［1］,初級2,6,3
1460,2955,ご迷惑をおかけします,ごめいわくをおかけします,ごめ↓いわくをおかけしま↓す,,Sorry for the inconvenience.(polite expression),Exp,初級2,6,3
1469,2960,ご利用ください,ごりようください,ごりようくださ↓い,,Please use.(polite expression),Exp,初級2,6,3
1485,2943,壊れる,こわれる,こわれ↓る,,to break,V［2］,初級2,6,3
1646,2942,事故,じこ,じ↓こ,,accident,N,初級2,6,3
1688,2916,指定席,していせき,して↓いせき,,reserved seat,N,初級2,6,3
1777,2917,自由席,じゆうせき,じゆ↓うせき,,non-reserved seat,N,初級2,6,3
1836,2928,順,じゅん,じゅん○,,in order of,N,初級2,6,3
1864,2932,乗車／ご乗車,じょうしゃ／ごじょうしゃ,じょうしゃ○／ごじょうしゃ○,,get on a train,N,初級2,6,3
1953,2944,信号,しんごう,しんごう○,,traffic lights,N,初級2,6,3
1954,2945,信号故障,しんごうこしょう,しんごうこ↓しょう,,signal failure,N,初級2,6,3
1963,2956,人身事故,じんしんじこ,じんしんじ↓こ,,fatal or serious accident,N,初級2,6,3
2148,2921,～線,～せん,～せん○,,～ Line,,初級2,6,3
2159,2958,全線,ぜんせん,ぜ↓んせん,,all lines,N,初級2,6,3
2687,2949,当駅,とうえき,と↓うえき,,this station,N,初級2,6,3
2715,2924,到着する,とうちゃくする,とうちゃくする○,,to arrive,V［3］,初級2,6,3
2767,2926,特急,とっきゅう,とっきゅう○,,limited express,N,初級2,6,3
2866,2939,中ほど,なかほど,なかほど○,,middle ,N,初級2,6,3
2927,2948,何て言ってましたか？,なんていってましたか？,な↓んていってま↓したか？,,What was it saying?,Exp,初級2,6,3
3095,2950,～のため,～のため,～のため,,due to ～,,初級2,6,3
3122,2925,乗り換える,のりかえる,のりかえる○／のりか↓える,,to transfer,V［2］,初級2,6,3
3234,2923,発車する,はっしゃする,はっしゃする○,,to depart,V［3］,初級2,6,3
3297,2919,～番線,～ばんせん,～ばんせん○,,platform number ～ ,,初級2,6,3
3304,2918,～番乗り場,～ばんのりば,～ばんの↓りば,,platform number ～ / stand number ～,,初級2,6,3
3356,2936,左側,ひだりがわ,ひだりがわ○,,left-hand side,N,初級2,6,3
3607,2922,～方面,～ほうめん,～ほ↓うめん,,towards ～,,初級2,6,3
3640,2933,～ほど　（3分ほど）,～ほど　（さんぷんほど）,～ほど　（さんぷんほど○）,,about ～　(e.g. about 3 minutes),,初級2,6,3
3823,2938,向かい側,むかいがわ,むかいがわ○,,opposite side,N,初級2,6,3
4124,2927,～両　（9両）,～りょう　（きゅうりょう）,～りょう　（きゅ↓うりょう）,,～ -car train　(e.g. nine-car train),,初級2,6,3
4166,2931,列車,れっしゃ,れっしゃ○,,train,N,初級2,6,3
35,2987,あきらめる,あきらめる,あきらめ↓る,,to give up,V［2］,初級2,6,4
49,2977,あげる,あげる,あげる○,,to give,V［2］,初級2,6,4
107,2981,あの辺,あのへん,あのへん○,,around there,N,初級2,6,4
113,2973,あべのハルカス,あべのハルカス,あべのハ↓ルカス,,Abeno Harukas (building name),N,初級2,6,4
135,2984,歩く,あるく,ある↓く,,to walk,V［1］,初級2,6,4
281,2992,イルミネーション,イルミネーション,イルミネ↓ーション,,illumination,N,初級2,6,4
361,2980,ウミネコ,ウミネコ,ウミネコ○,,black-tailed gull,N,初級2,6,4
479,2969,大阪,おおさか,おおさか○,,Osaka,N,初級2,6,4
480,2974,大阪城,おおさかじょう,おおさか↓じょう,,Osaka Castle,N,初級2,6,4
633,2966,驚く,おどろく,おどろ↓く,,to be surprised,V［1］,初級2,6,4
702,2999,オランダ,オランダ,オランダ○,,the Netherlands,N,初級2,6,4
988,2961,感動する,かんどうする,かんどうする○,,to be deeply moved,V［3］,初級2,6,4
1064,2962,気持ちいい,きもちいい,きもちい↓い,,refreshing,イA,初級2,6,4
1122,2996,きらきら,きらきら,き↓らきら,,sparkling,,初級2,6,4
1164,2970,串カツ,くしカツ,くしカツ○,,kushi-katsu (skewered cutlet),N,初級2,6,4
1236,2983,ケーブルカー,ケーブルカー,ケーブル↓カー,,cable car,N,初級2,6,4
1484,2967,こわい,こわい,こわ↓い,,scary,イA,初級2,6,4
1609,2963,残念（な）,ざんねん（な）,ざんね↓ん（な）,,disappointing,ナA,初級2,6,4
1877,2982,浄土ヶ浜,じょうどがはま,じょうどが↓はま,,Jodogahama Beach,N,初級2,6,4
1898,2993,ショー,ショー,ショ↓ー,,show,N,初級2,6,4
2244,2979,空,そら,そ↓ら,,sky,N,初級2,6,4
2314,2989,高尾山,たかおさん,たかお↓さん,,Mt. Takao,N,初級2,6,4
2317,2986,だから,だから,だ↓から,　,that is why,,初級2,6,4
2318,2995,滝,たき,たき○,,waterfalls,N,初級2,6,4
2329,2971,たこ焼き,たこやき,たこやき○,,takoyaki (octopus dumpling balls),N,初級2,6,4
2478,2988,頂上,ちょうじょう,ちょうじょ↓う,,summit,N,初級2,6,4
2508,2975,通天閣,つうてんかく,つうて↓んかく,,Tsutenkaku Tower,N,初級2,6,4
2523,2964,疲れる,つかれる,つかれ↓る,,to get tired,V［2］,初級2,6,4
2566,2978,つり,つり,つり○,,fishing,N,初級2,6,4
2798,2994,泊まる,とまる,とまる○,,to stay,V［1］,初級2,6,4
2822,2976,鳥,とり,とり○,,bird,N,初級2,6,4
3102,2972,登る,のぼる,のぼる○,,to go up,V［1］,初級2,6,4
3169,2998,ハウステンボス,ハウステンボス,ハウステ↓ンボス,,Huis Ten Bosch,N,初級2,6,4
3255,2991,花畑,はなばたけ,はなば↓たけ,,field of flowers,N,初級2,6,4
3332,2997,光る,ひかる,ひか↓る,,to shine,V［1］,初級2,6,4
3358,2965,びっくりする,びっくりする,びっく↓りする,,to be shocked,V［3］,初級2,6,4
3727,2990,町並み,まちなみ,まちなみ○,,streetscape,N,初級2,6,4
4040,2968,よかった,よかった,よ↓かった,,It was good.,Exp,初級2,6,4
4113,2985,リス,リス,リ↓ス,,squirrel,N,初級2,6,4
296,3000,インスタントラーメン,インスタントラーメン,インスタントラ↓ーメン,,instant noodles,N,初級2,6,5
382,3003,絵,え,え↓,,picture,N,初級2,6,5
799,3001,描く,かく,か↓く,,to draw (a picture),V［1］,初級2,6,5
876,3002,カップラーメン,カップラーメン,カップラ↓ーメン,,cup ramen,N,初級2,6,5
2774,3004,トッピング,トッピング,トッピング○,,toppings,N,初級2,6,5
333,3038,動きやすい,うごきやすい,うごきやす↓い,,easy-to-move around,イA,初級2,7,1
352,3027,雨天,うてん,うてん○／う↓てん,,rain,N,初級2,7,1
378,3037,運動靴,うんどうぐつ,うんど↓うぐつ,,athletic shoes,N,初級2,7,1
400,3033,AED訓練,エーイーディーくんれん,エーイーディーく↓んれん,,AED drill,N,初級2,7,1
434,3047,延期する,えんきする,えんきする○,,to postpone,V［3］,初級2,7,1
457,3046,おいでください,おいでください,おいでくださ↓い,,Please come. (polite expression),Exp,初級2,7,1
564,3018,お知らせ,おしらせ,おしらせ○,,notice,N,初級2,7,1
667,3005,おみこし,おみこし,おみ↓こし,,portable shrine,N,初級2,7,1
730,3054,会　（ボランティアの会）,かい　（ボランティアのかい）,か↓い　（ボラ↓ンティアのか↓い）,,group　(e.g. volunteer group),N,初級2,7,1
734,3007,海岸,かいがん,かいがん○, ,beach,N,初級2,7,1
793,3019,下記のとおり,かきのとおり,か↓きのと↓おり,,as follows,,初級2,7,1
831,3012,火事,かじ,か↓じ,,fire,N,初級2,7,1
835,3040,貸し出し,かしだし,かしだし○,,rental,N,初級2,7,1
866,3006,かつぐ,かつぐ,かつ↓ぐ,,to carry over the shoulder,V［1］,初級2,7,1
1055,3041,希望,きぼう,きぼう○,,wish,N,初級2,7,1
1223,3050,軍手,ぐんて,ぐんて○,,cotton work gloves,N,初級2,7,1
1224,3013,訓練,くんれん,く↓んれん,,drill,N,初級2,7,1
1317,3026,校庭,こうてい,こうてい○,,school field,N,初級2,7,1
1336,3035,声をかけあう,こえをかけあう,こ↓えを　かけあ↓う,,to speak to each other,V［1］,初級2,7,1
1358,3023,ご協力お願いいたします,ごきょうりょくおねがいいたします,ごきょうりょくおねがいいたしま↓す,,We ask for your cooperation. (polite expression),Exp,初級2,7,1
1449,3008,ごみ,ごみ,ごみ↓,,garbage,N,初級2,7,1
1547,3052,作業,さぎょう,さ↓ぎょう,,work,N,初級2,7,1
1623,3044,ジーンズ,ジーンズ,ジ↓ーンズ,,jeans,N,初級2,7,1
1654,3011,地震,じしん,じしん○, ,earthquake,N,初級2,7,1
1700,3020,しばらく,しばらく,しば↓らく,,a little while,,初級2,7,1
1759,3043,集合,しゅうごう,しゅうごう○,,assembly,N,初級2,7,1
1853,3032,消火訓練,しょうかくんれん,しょうかく↓んれん,,fire-fighting drill,N,初級2,7,1
1856,3025,小学校,しょうがっこう,しょうが↓っこう,　,elementary school,N,初級2,7,1
1860,3036,条件,じょうけん,じょうけ↓ん,,conditions,N,初級2,7,1
1870,3017,使用する,しようする,しようする○,,to use,V［3］,初級2,7,1
1979,3015,水道工事,すいどうこうじ,すいどうこ↓うじ,,water-service work,N,初級2,7,1
2144,3053,世話役,せわやく,せわやく○,,facilitator,N,初級2,7,1
2337,3021,出す　（水を出す）,だす　（みずをだす）,だ↓す　（みずをだ↓す）,,to run　(e.g. run the water),V［1］,初級2,7,1
2410,3014,断水（する）,だんすい（する）,だんすい（する）○,,water outage　(to cut off the water),N/V［3］,初級2,7,1
2509,3030,通報訓練,つうほうくんれん,つうほうく↓んれん,,reporting drill,N,初級2,7,1
2582,3051,～程度　（2時間程度）,～ていど　（にじかんていど）,～て↓いど　（にじかんて↓いど）,,around ～　(e.g. around two hours),,初級2,7,1
2631,3010,出る　（水が出る）,でる　（みずがでる）,で↓る　（みずがで↓る）,,to be running　(e.g. the water is running),V［2］,初級2,7,1
2702,3045,当日,とうじつ,とうじつ○,,on the day,N,初級2,7,1
2782,3034,隣近所の人,となりきんじょのひと,となりき↓んじょのひと↓,,neighbors,,初級2,7,1
2855,3029,内容,ないよう,ないよう○,,details,N,初級2,7,1
2960,3016,濁る　（水が濁る）,にごる　（みずがにごる）,にご↓る　（みずがにご↓る）,,to become cloudy　(e.g. the water　becomes cloudy),V［1］,初級2,7,1
3132,3028,場合,ばあい,ばあい○,,in case of,N,初級2,7,1
3240,3039,はっぴ,はっぴ,はっぴ○,,happi coat,N,初級2,7,1
3380,3031,避難訓練,ひなんくんれん,ひなんく↓んれん,,evacuation drill,N,初級2,7,1
3419,3009,拾う,ひろう,ひろう○,,to pick up,V［1］,初級2,7,1
3601,3024,防災,ぼうさい,ぼうさい○,,disaster preparedness,N,初級2,7,1
3853,3022,迷惑／ご迷惑,めいわく／ごめいわく,め↓いわく／ごめ↓いわく,,inconvenience,N,初級2,7,1
3878,3042,申し込む,もうしこむ,もうしこ↓む,,to sign up,V［1］,初級2,7,1
3901,3048,持ち物,もちもの,もち↓もの／もちも↓の,,what to bring,N,初級2,7,1
4050,3049,汚れる,よごれる,よごれる○,,to get dirty,V［2］,初級2,7,1
9,3066,間　（14時から15時の間）,あいだ　（じゅうよじからじゅうごじのあいだ）,あいだ○　（じゅうよ↓じから　じゅうご↓じのあいだ）,,between　(e.g. between 2 p.m. and 3 p.m.),N,初級2,7,2
647,3060,お願い,おねがい,おねがい○, ,request,N,初級2,7,2
691,3074,おもちゃ,おもちゃ,おも↓ちゃ,　,toy,N,初級2,7,2
768,3072,～回目　（2回目）,～かいめ　（にかいめ）,～かいめ↓　（にかいめ↓）,,the ～th　(e.g. the second),,初級2,7,2
841,3055,ガス,ガス,ガ↓ス,,gas,N,初級2,7,2
843,3065,ガス会社,ガスがいしゃ,ガスが↓いしゃ,,gas company,N,初級2,7,2
1051,3059,寄付,きふ,き↓ふ,,donation,N,初級2,7,2
1487,3062,今月,こんげつ,こんげつ○,,this month,N,初級2,7,2
1921,3073,食器,しょっき,しょっき○,,tableware,N,初級2,7,2
2327,3069,～だけ,～だけ,～だけ↓,,only ～,,初級2,7,2
2465,3070,中止,ちゅうし,ちゅうし○,,cancel,N,初級2,7,2
2591,3068,手紙,てがみ,てがみ○, ,letter,N,初級2,7,2
2646,3056,点検,てんけん,てんけん○,,inspection,N,初級2,7,2
3256,3061,花火大会,はなびたいかい,はなびた↓いかい,,fireworks display,N,初級2,7,2
3424,3071,広場,ひろば,ひ↓ろば,,plaza / square,N,初級2,7,2
3443,3067,封筒,ふうとう,ふうとう○,,envelope,N,初級2,7,2
3519,3057,フリーマーケット,フリーマーケット,フリーマ↓ーケット,　,flea market,N,初級2,7,2
3626,3064,ポスト,ポスト,ポ↓スト,,mailbox,N,初級2,7,2
3736,3058,祭り／お祭り,まつり／おまつり,まつり○／おまつり○,,festival,N,初級2,7,2
4094,3063,来月,らいげつ,ら↓いげつ,,next month,N,初級2,7,2
65,3093,明日,あす,あす○／あす↓,,tomorrow,N,初級2,7,3
437,3079,演奏,えんそう,えんそう○,,musical performance,N,初級2,7,3
502,3098,お気軽にお越しください,おきがるにおこしください,おきがるにおこしくださ↓い,,Please feel free to stop by. (polite expression),Exp,初級2,7,3
533,3094,行う,おこなう,おこなう○,,to do,V［1］,初級2,7,3
544,3104,お誘い合わせの上、お出かけください,おさそいあわせのうえ、おでかけください,おさそいあわせのうえ○、おでかけくださ↓い,,Please feel free to join us with your family and friends. (polite expression),Exp,初級2,7,3
628,3080,踊り,おどり,おどり○,　,dance,N,初級2,7,3
699,3090,および,および,お↓よび,,and,,初級2,7,3
749,3086,開催する,かいさいする,かいさいする○,,to hold,V［3］,初級2,7,3
936,3077,カラオケ大会,カラオケたいかい,カラオケた↓いかい,,karaoke competition,N,初級2,7,3
937,3091,～からお知らせします,～からおしらせします,～からおしらせしま↓す,,We have an announcement from ～.  (polite expression),Exp,初級2,7,3
944,3097,～からのお知らせです,～からのおしらせです,～から↓のおしらせです,,We have an announcement from ～. (polite expression),Exp,初級2,7,3
1261,3095,見学（する）,けんがくする,けんがくする○,,(to) observe,N/V［3］,初級2,7,3
1328,3083,公民館,こうみんかん,こうみ↓んかん,,local community center,N,初級2,7,3
1489,3075,コンサート,コンサート,コ↓ンサート,,concert,N,初級2,7,3
1711,3084,市民センター,しみんセンター,しみんセ↓ンター,,civic center,N,初級2,7,3
1722,3105,地元,じもと,じもと○,,local,N,初級2,7,3
2095,3107,生産する,せいさんする,せいさんする○,,to produce,V［3］,初級2,7,3
2780,3096,どなたでも,どなたでも,ど↓なたで↓も／どなたでも○,　,anyone (polite expression),,初級2,7,3
2942,3085,～において,～において,～にお↓いて,,in ～,,初級2,7,3
2992,3099,～について,～について,～につ↓いて,,about ～,,初級2,7,3
2993,3103,～についてお知らせします,～についておしらせします,～につ↓いておしらせしま↓す,,We are pleased to announce that ～. (polite expression),Exp,初級2,7,3
3021,3087,入場券,にゅうじょうけん,にゅうじょ↓うけん,,entrance ticket,N,初級2,7,3
3084,3106,農家,のうか,の↓うか,,farmer,N,初級2,7,3
3308,3076,販売会,はんばいかい,はんば↓いかい,,marketing event,N,初級2,7,3
3311,3088,販売中,はんばいちゅう,はんばいちゅう○,,on sale,N,初級2,7,3
3320,3089,ピアノの夕べ,ピアノのゆうべ,ピアノのゆうべ↓,,an evening of piano music,,初級2,7,3
3412,3101,開く,ひらく,ひら↓く,,to hold,V［1］,初級2,7,3
3513,3078,ブラスバンド,ブラスバンド,ブラスバ↓ンド,,brass band,N,初級2,7,3
3657,3100,本日,ほんじつ,ほ↓んじつ,　,today,N,初級2,7,3
3728,3108,町役場,まちやくば,まちや↓くば,,town hall,N,初級2,7,3
3786,3082,道の駅,みちのえき,みちのえ↓き,,Michi-no-eki (roadside stations),N,初級2,7,3
3799,3092,皆様のご来場をお待ちしています,みなさまのごらいじょうをおまちしています,みな↓さまの　ごらいじょう○を　おまちしていま↓す,,We look forward to your visit. (polite expression),Exp,初級2,7,3
4057,3102,予定する,よていする,よていする○,,to be scheduled,V［3］,初級2,7,3
4176,3081,練習,れんしゅう,れんしゅう○,,practice,N,初級2,7,3
2347,3113,～たち　（娘たち）,～たち　（むすめたち）,～たち　（むすめ↓たち）,　,plural for people　(e.g. my daughters),,初級2,7,4
2402,3112,だれでも,だれでも,だ↓れでも／だれでも○,,anyone,,初級2,7,4
2940,3111,～に合わせて　（音楽に合わせて）,～にあわせて　（おんがくにあわせて）,～にあわ↓せて　（お↓んがくにあわ↓せて）,,along to the ～　(e.g. to the music),,初級2,7,4
3377,3114,1人で,ひとりで,ひと↓りで,,by oneself,,初級2,7,4
3654,3109,盆踊り,ぼんおどり,ぼんお↓どり,,Bon Odori dance,N,初級2,7,4
4238,3110,輪になる,わになる,わ↓にな↓る,,to form a circle,V［1］,初級2,7,4
2,3125,合気道,あいきどう,あいき↓どう,,aikido,N,初級2,8,1
69,3128,遊び,あそび,あそび○,,game,N,初級2,8,1
257,3115,イベント会場,イベントかいじょう,イベントか↓いじょう,,event venue,N,初級2,8,1
725,3150,ガーナ,ガーナ,ガ↓ーナ,,Ghana,N,初級2,8,1
746,3152,外国人支援ネットワーク,がいこくじんしえんネットワーク,がいこくじんしえんネットワ↓ーク,,foreign resident support network,N,初級2,8,1
935,3123,カラオケ,カラオケ,カラオケ○,,karaoke,N,初級2,8,1
970,3119,観光紹介,かんこうしょうかい,かんこうしょ↓うかい,　,tourist information corner,N,初級2,8,1
1117,3137,協力,きょうりょく,きょうりょく○,,cooperation,N,初級2,8,1
1167,3154,くす玉割り,くすだまわり,くすだま↓わり,,opening the confetti ball,N,初級2,8,1
1334,3135,交流プラザ,こうりゅうプラザ,こうりゅうプ↓ラザ,,exchange plaza,N,初級2,8,1
1347,3120,～コーナー,～コーナー,～コ↓ーナー,,～ corner,N,初級2,8,1
1361,3133,国際交流,こくさいこうりゅう,こくさいこ↓うりゅう,,international exchange,N,初級2,8,1
1494,3122,～コンテスト,～コンテスト,～コ↓ンテスト,,～ contest,N,初級2,8,1
1566,3146,雑貨,ざっか,ざっか○,,sundry goods,N,初級2,8,1
1813,3149,手芸品,しゅげいひん,しゅげいひん○,,handicraft,N,初級2,8,1
1814,3136,主催,しゅさい,しゅさい○,,organizer,N,初級2,8,1
1899,3131,～ショー,～ショー,～ショー,,～ show,N,初級2,8,1
2032,3132,スタンプラリー,スタンプラリー,スタンプラ↓リー,,stamp collecting,N,初級2,8,1
2039,3117,ステージ,ステージ,ステ↓ージ,　,stage,N,初級2,8,1
2055,3121,スピーチコンテスト,スピーチコンテスト,スピーチコ↓ンテスト,　,speech contest,N,初級2,8,1
2109,3127,世界,せかい,せ↓かい,　,world,N,初級2,8,1
2277,3124,～大会,～たいかい,～た↓いかい,,～ competition,N,初級2,8,1
2281,3129,～体験,～たいけん,～た↓いけん,,hands-on ～,N,初級2,8,1
2414,3147,団体紹介,だんたいしょうかい,だんたいしょ↓うかい,,introduction to organizations,N,初級2,8,1
2463,3155,中国ゴマ,ちゅうごくゴマ,ちゅうごくゴ↓マ,,diabolo,N,初級2,8,1
2612,3157,手作り,てづくり,てづ↓くり,,hand-made,N,初級2,8,1
2627,3126,～デモンストレーション,～デモンストレーション,～デモンストレ↓ーション,　,～ demonstration,N,初級2,8,1
2837,3144,トルコ,トルコ,ト↓ルコ,,Turkey,N,初級2,8,1
3024,3134,入場料,にゅうじょうりょう,にゅうじょ↓うりょう,,admission fee / entry fee,N,初級2,8,1
3263,3118,パフォーマンス,パフォーマンス,パフォ↓ーマンス,,performance,N,初級2,8,1
3386,3153,ピニャータ,ピニャータ,ピニャ↓ータ,,pinata,N,初級2,8,1
3434,3130,ファッションショー,ファッションショー,ファッショ↓ンショー／ファッションショ↓ー,,fashion show,N,初級2,8,1
3453,3151,フェアトレード,フェアトレード,フェアトレ↓ード,,fair trade,N,初級2,8,1
3514,3141,フランダンス,フラダンス,フラダ↓ンス,,hula dance,N,初級2,8,1
3531,3140,ふれあい,ふれあい,ふれあい○,,hands-on experience,N,初級2,8,1
3575,3145,ペルー,ペルー,ペ↓ルー,,Peru,N,初級2,8,1
3664,3139,本部,ほんぶ,ほ↓んぶ,,main office,N,初級2,8,1
3755,3156,回す,まわす,まわす○,,to spin,V［1］,初級2,8,1
3816,3148,民芸品,みんげいひん,みんげいひん○,,folk craft,N,初級2,8,1
3818,3138,民族衣装,みんぞくいしょう,みんぞくい↓しょう,,traditional dress,N,初級2,8,1
3972,3116,屋台,やたい,や↓たい,　,food stalls,N,初級2,8,1
4207,3143,ワールドマーケット,ワールドマーケット,ワールドマ↓ーケット,,world market,N,初級2,8,1
4232,3142,和太鼓,わだいこ,わだ↓いこ,,Japanese drums,N,初級2,8,1
89,3161,あっち,あっち,あっち↓,,over there,N,初級2,8,2
323,3160,受け付け,うけつけ,うけつけ○,,reception,N,初級2,8,2
1506,3165,さあ,さあ,さ↓あ,,Hmmm. (expresses you are not very sure about something),Exp,初級2,8,2
2377,3163,たぶん,たぶん,た↓ぶん,,probably,,初級2,8,2
2528,3162,つきあたり,つきあたり,つきあたり○,,at the end of,N,初級2,8,2
3712,3159,まだ,まだ,ま↓だ,,still,,初級2,8,2
3838,3164,無理ですか？,むりですか？,む↓りですか？,,Is there no way?,Exp,初級2,8,2
3976,3158,やっている,やっている,やっている○,,holding,,初級2,8,2
201,3182,いただく,いただく,いただく○,,to receive (polite expression for もらう),V［1］,初級2,8,3
445,3168,遠慮する,えんりょする,えんりょする○,,to be asked not to,V［3］,初級2,8,3
865,3174,楽器,がっき,がっき○, ,musical instrument,N,初級2,8,3
1119,3175,曲,きょく,きょく○,,song,N,初級2,8,3
1593,3170,参加費,さんかひ,さんか↓ひ,　,entry fee,N,初級2,8,3
1839,3181,順番に,じゅんばんに,じゅんばんに○,,in order,,初級2,8,3
1886,3172,賞品,しょうひん,しょうひん○,,award,N,初級2,8,3
2054,3183,スピーチ,スピーチ,スピ↓ーチ, ,speech,N,初級2,8,3
2170,3180,先着順,せんちゃくじゅん,せんちゃくじゅん○,,first-come and first-served basis,N,初級2,8,3
2204,3176,相談する,そうだんする,そうだんする○,,to consult,V［3］,初級2,8,3
2459,3166,中学生,ちゅうがくせい,ちゅうが↓くせい, ,junior high school student,N,初級2,8,3
2588,3184,テーマ,テーマ,テ↓ーマ,,topic,N,初級2,8,3
2632,3169,出る　（カラオケ大会に出る）,でる　（カラオケたいかいにでる）,で↓る　（カラオケた↓いかいに　で↓る）,,to participate in　(e.g. participate in a karaoke competition),V［2］,初級2,8,3
2633,3173,出る　（賞品が出る）,でる　（しょうひんがでる）,で↓る　（しょうひんがで↓る）,,to be offered　(e.g. awards are offered),V［2］,初級2,8,3
3362,3178,必要事項,ひつようじこう,ひつようじ↓こう,,necessary information,N,初級2,8,3
3534,3167,プロ,プロ,プ↓ロ,,professional,N,初級2,8,3
3874,3179,申し込み,もうしこみ,もうしこみ○,,application　/　registration,N,初級2,8,3
3877,3177,申込書,もうしこみしょ,もうしこみしょ○／もうしこみしょ↓,,application form,N,初級2,8,3
3993,3171,優勝する,ゆうしょうする,ゆうしょうする○,,to win first prize,V［3］,初級2,8,3
293,3187,飲食,いんしょく,いんしょく○, ,eating and drinking,N,初級2,8,4
453,3202,お忙しい中,おいそがしいなか,おいそがし↓い△な↓か／おいそがしいな↓か,,despite being busy (polite expression),,初級2,8,4
458,3203,おいでくださって、ありがとうございます,おいでくださって、ありがとうございます,おいでくださ↓って、あり↓がとうございます,,Thank you for coming. (polite expression),Exp,初級2,8,4
524,3192,お子様,おこさま,おこさま○,,small children (polite expression),N,初級2,8,4
641,3214,お並びください,おならびください,おならびくださ↓い,,Please line up. (polite expression),Exp,初級2,8,4
666,3194,お見えです,おみえです,おみえで↓す,,～is / are present. (polite expression),Exp,初級2,8,4
693,3213,お求めの,おもとめの,おもとめの○,,wishing to buy (polite expression),,初級2,8,4
794,3211,限られている,かぎられている,かぎら↓れている,,limited,,初級2,8,4
908,3204,かまいません,かまいません,かまいませ↓ん,,～doesn't matter.,Exp,初級2,8,4
1118,3191,協力（する）,きょうりょく（する）,きょうりょく（する）○,,(to) cooperate,N/V［3］,初級2,8,4
1128,3198,切る　（電源を切る）,きる　（でんげんをきる）,き↓る　（でんげんをき↓る）,,to turn off　(e.g. turn the power off),N,初級2,8,4
1147,3206,禁止,きんし,きんし○,　,prohibited,N,初級2,8,4
1232,3189,携帯電話,けいたいでんわ,けいたいで↓んわ, ,mobile phone,N,初級2,8,4
1341,3195,ご遠慮ください（ませ）,ごえんりょください（ませ）,ごえんりょくださ↓い／ごえんりょくださいま↓せ,,Please refrain ～. (polite expression),Exp,初級2,8,4
1359,3196,ご協力よろしくお願いいたします,ごきょうりょくよろしくおねがいいたします,ごきょうりょく○　よろしくおねがいいたしま↓す,,We ask for your kind cooperation. (polite expression),Exp,初級2,8,4
1388,3210,個数,こすう,こす↓う,,quantity,N,初級2,8,4
1564,3186,撮影,さつえい,さつえい○,　,photography / filming,N,初級2,8,4
1805,3209,終了する,しゅうりょうする,しゅうりょうする○,,to end,V［3］,初級2,8,4
2122,3200,設定する,せっていする,せっていする○,,to set,V［3］,初級2,8,4
2514,3201,通話（する）,つうわ（する）,つうわ（する）○,,(to) talk on the phone,N/V［3］,初級2,8,4
2648,3197,電源,でんげん,でんげん○,,power,N,初級2,8,4
2689,3185,動画,どうが,どうが○,,video,N,初級2,8,4
2852,3190,～内　（公園内）,～ない　（こうえんない）,～ない　（こうえ↓んない）,,inside ～　(e.g. inside the park),,初級2,8,4
3307,3188,販売,はんばい,はんばい○,,selling,N,初級2,8,4
3744,3199,マナーモード,マナーモード,マナーモ↓ード,,silent mode,N,初級2,8,4
3798,3193,皆様にお願いいたします,みなさまにおねがいいたします,みな↓さまに　おねがいいたしま↓す,,We would like to request everyone. (polite expression),Exp,初級2,8,4
3897,3205,持ち込み,もちこみ,もちこみ○,,bring in,N,初級2,8,4
4165,3212,列,れつ,れ↓つ,,line,N,初級2,8,4
4187,3208,ロールケーキ,ロールケーキ,ロールケ↓ーキ,,roll cake,N,初級2,8,4
4205,3207,ロビー,ロビー,ロ↓ビー,　,lobby,N,初級2,8,4
1572,3220,サテー,サテー,サ↓テー,,satay (Indonesian food）,N,初級2,8,5
2284,3215,太鼓,たいこ,たいこ○,,drums,N,初級2,8,5
2345,3216,たたく,たたく,たた↓く,,to beat,V［1］,初級2,8,5
3293,3219,バングラデシュ,バングラデシュ,バングラデ↓シュ,,Bangladesh,N,初級2,8,5
3313,3218,バンブーダンス,バンブーダンス,バンブーダ↓ンス,,Tinikling (a traditional Filipino dance),N,初級2,8,5
4097,3217,来年,らいねん,らいねん○,,next year,N,初級2,8,5
116,3242,甘酒,あまざけ,あまざけ○,,amazake (a sweet drink made from rice),N,初級2,9,1
136,3245,アルコール,アルコール,アルコール○,,alcohol,N,初級2,9,1
464,3247,お祝いする,おいわいする,おいわいする○,,to celebrate,V［3］,初級2,9,1
536,3244,お米,おこめ,おこめ○,,rice,N,初級2,9,1
561,3249,おしゃれをする,おしゃれをする,おしゃ↓れをする,,to dress up,V［3］,初級2,9,1
800,3241,書く,かく,か↓く,,to write,V［1］,初級2,9,1
827,3234,飾り,かざり,かざり○,,decoration,N,初級2,9,1
890,3253,必ず,かならず,かならず○, ,always,,初級2,9,1
1022,3221,季節,きせつ,き↓せつ,,season,N,初級2,9,1
1066,3236,着物,きもの,きもの○,,kimono (traditional Japanese clothing),N,初級2,9,1
1111,3222,行事,ぎょうじ,ぎょ↓うじ,　,event,N,初級2,9,1
1206,3228,クリスマス,クリスマス,クリス↓マス,　,Christmas,N,初級2,9,1
1311,3243,こうして,こうして,こうして○,,like this,N,初級2,9,1
1421,3226,こどもの日,こどものひ,こどものひ↓,　,Kodomo-no-hi (Children's Day),N,初級2,9,1
1557,3233,笹の葉,ささのは,ささのは○,,bamboo leaf,N,初級2,9,1
1641,3229,式,しき,しき↓, ,ceremony,N,初級2,9,1
1673,3230,市長,しちょう,し↓ちょう,,city mayor,N,初級2,9,1
1855,3223,正月／お正月,しょうがつ／おしょうがつ,しょうがつ↓／おしょうがつ↓, ,New Year's Day,N,初級2,9,1
2018,3254,過ごす,すごす,すご↓す,,to spend,V［1］,初級2,9,1
2096,3248,成人式,せいじんしき,せいじ↓んしき,,Coming-of-Age ceremony,N,初級2,9,1
2097,3224,成人の日,せいじんのひ,せいじんのひ↓, ,Coming-of-Age Day,N,初級2,9,1
2362,3227,七夕,たなばた,たなばた○,　,Tanabata (Star Festival),N,初級2,9,1
2404,3239,短冊,たんざく,たんざく○, ,tanzaku (paper strip used on Tanabata),N,初級2,9,1
2441,3232,チキン,チキン,チ↓キン,,chicken,N,初級2,9,1
2460,3250,中学校,ちゅうがっこう,ちゅうが↓っこう,　,junior high school,N,初級2,9,1
2499,3237,ちらしずし,ちらしずし,ちらし↓ずし,,chirashi-zushi (sushi rice decorated with toppings),N,初級2,9,1
2542,3235,つける　（飾りをつける）,つける　（かざりをつける）,つけ↓る　（かざりをつけ↓る）,,to attach　(e.g. attach decorations),V［2］,初級2,9,1
2584,3238,デートする,デートする,デ↓ートする,,to go out on a date,V［3］,初級2,9,1
3054,3240,願い事,ねがいごと,ねがいごと○,　,wish,N,初級2,9,1
3250,3231,話,はなし,はなし↓,,speech,N,初級2,9,1
3378,3225,ひな祭り,ひなまつり,ひなま↓つり,　,Hinamatsuri (Doll Festival),N,初級2,9,1
3508,3252,フライドチキン,フライドチキン,フライドチ↓キン,,fried chicken,N,初級2,9,1
3931,3251,盛り上がる,もりあがる,もりあが↓る,,to have a blast,V［1］,初級2,9,1
4211,3246,若い,わかい,わか↓い,,young,イA,初級2,9,1
42,3266,あけましておめでとうございます,あけましておめでとうございます,あけま↓して△おめでとうございま↓す,,Happy New Year.,Exp,初級2,9,2
91,3262,集まる,あつまる,あつま↓る,,to get together,V［1］,初級2,9,2
448,3264,甥,おい,おい○,,nephew,N,初級2,9,2
620,3258,お年玉,おとしだま,おとしだま○,　,otoshidama (New Year's gift money),N,初級2,9,2
1415,3260,今年,ことし,ことし○,,this year,N,初級2,9,2
1480,3257,ごろごろする,ごろごろする,ご↓ろごろする,,to laze around,V［3］,初級2,9,2
1674,3256,実家,じっか,じっか○,,parents' home,N,初級2,9,2
1964,3261,親戚,しんせき,しんせき○,　,relative,N,初級2,9,2
2574,3255,DVD,ディーブイディー,ディーブイディ↓ー,,DVD,N,初級2,9,2
3123,3259,乗り物,のりもの,のりもの○,,ride,N,初級2,9,2
3680,3263,毎年,まいとし,まいとし○,,every year,N,初級2,9,2
3846,3265,姪,めい,めい○,,niece,N,初級2,9,2
25,3297,赤,あか,あ↓か,,red,N,初級2,9,3
28,3287,赤い,あかい,あかい○／あか↓い,,red,イA,初級2,9,3
40,3276,～明け　（断食明け）,～あけ　（だんじきあけ）,～あけ　（だんじきあけ○）,,after ～　(e.g. after fasting),,初級2,9,3
193,3300,イスラム教,イスラムきょう,イスラムきょう○,,Islam,N,初級2,9,3
251,3268,田舎,いなか,いなか○,,hometown (in the countryside),N,初級2,9,3
287,3299,色,いろ,いろ↓,,color,N,初級2,9,3
291,3296,祝う,いわう,いわ↓う,,to celebrate,V［1］,初級2,9,3
341,3272,歌う,うたう,うたう○,,to sing,V［1］,初級2,9,3
463,3279,お祝い,おいわい,おいわい○,,celebration,N,初級2,9,3
496,3274,お金,おかね,おかね○,,money,N,初級2,9,3
631,3273,踊る,おどる,おどる○,,to dance,V［1］,初級2,9,3
673,3298,おめでたい,おめでたい,おめでたい○／おめでた↓い,　,celebratory,イA,初級2,9,3
733,3286,海外旅行,かいがいりょこう,かいがいりょ↓こう,,overseas trip,N,初級2,9,3
812,3288,かけ合う,かけあう,かけあ↓う,,to throw / to splash on each other,V［1］,初級2,9,3
828,3303,飾りつけ,かざりつけ,かざりつけ○,　,decorations,N,初級2,9,3
830,3269,飾る,かざる,かざる○,,to display,V［1］,初級2,9,3
1104,3277,旧暦,きゅうれき,きゅうれき○,,old lunar calendar,N,初級2,9,3
1110,3290,餃子,ぎょうざ,ぎょうざ○,,stuffed dumpling,N,初級2,9,3
1123,3278,キリスト教,キリストきょう,キリストきょう○,,Christianity / Christian,N,初級2,9,3
1182,3293,クッキー,クッキー,ク↓ッキー, ,cookie,N,初級2,9,3
1184,3289,クトゥパット,クトゥパット,ク↓トゥパット,,ketupat (Indonesian food: rice wrapped in palm leaf),N,初級2,9,3
1838,3283,春節,しゅんせつ,しゅんせつ○,,Lunar New Year (the new year in the lunar calendar),N,初級2,9,3
2261,3284,ソンクラーン,ソンクラーン,ソ↓ンクラーン,,Songkran (Thai New Year),N,初級2,9,3
2293,3294,大切（な）,たいせつ（な）,たいせつ（な）○,　,important,ナA,初級2,9,3
2360,3302,例えば,たとえば,たと↓えば,　,for example,,初級2,9,3
2405,3275,断食,だんじき,だんじき○,,fasting,N,初級2,9,3
2748,3270,特別（な）,とくべつ（な）,とくべつ（な）○,　,special,ナA,初級2,9,3
2757,3281,年,とし,とし↓, ,year,N,初級2,9,3
2849,3295,どんなふうに,どんなふうに,ど↓んなふ↓うに／どんなふ↓うに,,how,,初級2,9,3
3032,3282,～によって　（年によって）,～によって　（としによって）,～によって　（とし↓によって）,,depending on ～　(e.g. depending on the year),,初級2,9,3
3137,3271,パーティー,パーティー,パ↓ーティー,,party,N,初級2,9,3
3315,3304,半分,はんぶん,はんぶ↓ん／はんぶん○,,half,N,初級2,9,3
3484,3291,豚,ぶた,ぶた○,, pig,N,初級2,9,3
3737,3267,祭り,まつり,まつり○,,festival,N,初級2,9,3
3754,3292,丸焼き,まるやき,まるやき○,,whole roast,N,初級2,9,3
3773,3280,水かけ祭り,みずかけまつり,みずかけま↓つり,,Water Festival (Thai festival),N,初級2,9,3
4107,3301,ラマダン,ラマダン,ラマダン○,,Ramadan,N,初級2,9,3
4170,3285,レバラン,レバラン,レバラン○,,Lebaran (Islamic festival),N,初級2,9,3
63,3308,味わう,あじわう,あじわ↓う,,to taste,V［1］,初級2,9,4
147,3320,あんこ,あんこ,あ↓んこ,,anko (red bean paste),N,初級2,9,4
626,3307,大人,おとな,おとな○, ,adult,N,初級2,9,4
684,3318,お餅,おもち,おもち○,,mochi (rice cakes),N,初級2,9,4
692,3324,思ったより（も）,おもったより（も）,おも↓ったよ↓り（も）,,more than expected,,初級2,9,4
863,3312,語る,かたる,かたる○,,to talk,V［1］,初級2,9,4
873,3313,活動報告,かつどうほうこく,かつどうほ↓うこく,,activity report,N,初級2,9,4
981,3311,感想,かんそう,かんそう○, ,impressions,N,初級2,9,4
1039,3319,きなこ,きなこ,き↓なこ,,kinako (soybean flour),N,初級2,9,4
1044,3315,杵,きね,き↓ね,,mallet,N,初級2,9,4
1677,3314,実際に,じっさいに,じっさいに○,,actually,,初級2,9,4
2283,3316,体験する,たいけんする,たいけんする○,,to experience,V［3］,初級2,9,4
2430,3322,チームワーク,チームワーク,チームワ↓ーク,,teamwork,N,初級2,9,4
2529,3317,つきたて,つきたて,つきたて○,,freshly made,N,初級2,9,4
2661,3309,伝統的（な）,でんとうてき（な）,でんとうてき（な）○,　,traditional,ナA,初級2,9,4
2703,3306,当日,とうじつ,とうじつ○,,on the day,N,初級2,9,4
2769,3323,トック,トック,ト↓ック,,tteok (Korean rice cakes),N,初級2,9,4
3542,3310,文化,ぶんか,ぶ↓んか,　,culture,N,初級2,9,4
3899,3305,餅つき,もちつき,もち↓つき,,rice cake pounding,N,初級2,9,4
3904,3321,餅をつく,もちをつく,もちをつ↓く,,to pound,V［1］,初級2,9,4
41,3328,あけおめ,あけおめ,あけおめ○,,(a short way of saying あけましておめでとう),Exp,初級2,9,5
73,3331,遊ぼう,あそぼう,あそぼ↓う,,let's hang out,,初級2,9,5
1140,3330,謹賀新年,きんがしんねん,きんがし↓んねん,,Happy New Year (New Year's greeting used in New Year's cards),Exp,初級2,9,5
1416,3327,今年もよろしくお願いします,ことしもよろしくおねがいします,ことしもよろしくおねがいしま↓す,,I look forward to seeing / working with you again this year.,Exp,初級2,9,5
1422,3329,ことよろ,ことよろ,ことよろ○,,(a short way of saying ことしもよろしく),Exp,初級2,9,5
1549,3325,昨年,さくねん,さくねん○, ,last year,N,初級2,9,5
1550,3326,昨年はいろいろお世話になりました,さくねんはいろいろおせわになりました,さくねん○は　いろいろ○　おせ↓わに　なりま↓した,,Thank you for so many things last year.,Exp,初級2,9,5
3714,3332,また遊ぼうね,またあそぼうね,またあそぼ↓うね,,I'm looking forward to having fun with you again!,Exp,初級2,9,5
124,3358,あら,あら,あ↓ら,,Oh my! (expresses mild surprise),Exp,初級2,10,1
267,3354,イメージ,イメージ,イメ↓ージ／イ↓メージ,,image,N,初級2,10,1
615,3364,オトーリ,オトーリ,オトーリ○,,"otoori (way of drinking alcohol in Miyako Island, Okinawa Prefecture)",N,初級2,10,1
707,3351,折る　（骨を折る）,おる　（ほねをおる）,お↓る　（ほね↓をお↓る）,,to break　(e.g. break a bone),V［1］,初級2,10,1
838,3344,カジュアル（な）,カジュアル（な）,カ↓ジュアル（な）,,casual,ナA,初級2,10,1
974,3345,感じ,かんじ,かんじ○,,appearance,N,初級2,10,1
1189,3335,暗い,くらい,くらい○／くら↓い,,dark,イA,初級2,10,1
1205,3363,くり返す,くりかえす,くりか↓えす／くりかえす○,,to repeat,V［1］,初級2,10,1
1318,3338,香典／お香典,こうでん／おこうでん,こうでん○／おこうでん○,,condolence money for a funeral,N,初級2,10,1
1319,3339,香典袋,こうでんぶくろ,こうでんぶ↓くろ,,envelope for condolence money,N,初級2,10,1
1709,3336,地味（な）,じみ（な）,じみ↓（な）,,conservative in a dark color,ナA,初級2,10,1
1728,3337,ジャケット,ジャケット,ジャケット○／ジャケ↓ット,,jacket,N,初級2,10,1
1753,3361,習慣,しゅうかん,しゅうかん○, ,custom,N,初級2,10,1
1872,3342,招待状,しょうたいじょう,しょうたいじょう○,,invitation letter,N,初級2,10,1
1942,3346,白,しろ,し↓ろ,,white,N,初級2,10,1
1969,3360,新築祝い,しんちくいわい,しんちくい↓わい,,housewarming,N,初級2,10,1
1989,3334,スーツ,スーツ,ス↓ーツ,,suits,N,初級2,10,1
2150,3362,全員,ぜんいん,ぜんいん○,,everyone,N,初級2,10,1
2190,3333,葬式／お葬式,そうしき／おそうしき,そうしき○／おそうしき○,,funeral,N,初級2,10,1
2351,3343,だったら,だったら,だ↓ったら,,if so,,初級2,10,1
2711,3359,どうすればいいですか？,どうすればいいですか？,ど↓うすればい↓いですか？,,What should I do?,Exp,初級2,10,1
2729,3349,同僚,どうりょう,どうりょう○,,co-worker,N,初級2,10,1
3018,3352,入院する,にゅういんする,にゅういんする○,,to admit to hospital,V［3］,初級2,10,1
3216,3353,鉢植え,はちうえ,はちうえ○,,container-grown plant,N,初級2,10,1
3253,3355,花束,はなたば,はな↓たば,,flower bouquet,N,初級2,10,1
3258,3347,花嫁,はなよめ,はな↓よめ,,bride,N,初級2,10,1
3420,3341,披露宴,ひろうえん,ひろ↓うえん,,reception banquet,N,初級2,10,1
3644,3350,骨,ほね,ほね↓,,bone,N,初級2,10,1
3662,3356,本人,ほんにん,ほ↓んにん,,the person,N,初級2,10,1
3668,3357,まあ,まあ,ま↓あ,,Wow! (expresses surprise or deep emotion),Exp,初級2,10,1
3806,3348,見舞い／お見舞い,みまい／おみまい,みまい○／おみまい○,,get-well visit,N,初級2,10,1
4025,3340,～用　（お葬式用）,～よう　（おそうしきよう）,～よう　（おそうしきよう○）, ,for ～　(e.g. for funerals),,初級2,10,1
370,3384,うるさい,うるさい,うるさ↓い,,loud / noisy,イA,初級2,10,2
715,3385,～終わる　（食べ終わる）,～おわる　（たべおわる）,～おわ↓る　（たべおわ↓る）,,to finish ～　(e.g. finish eating),V［1］,初級2,10,2
860,3370,片付ける,かたづける,かたづけ↓る,,to clean up,V［2］,初級2,10,2
887,3389,～かな？,～かな？,～かな？,,I wonder if ～ ? (expresses that the speaker is asking themselves a question),Exp,初級2,10,2
1162,3382,臭い,くさい,くさ↓い,,smells bad,イA,初級2,10,2
1452,3367,ごみ箱,ごみばこ,ごみば↓こ,,garbage can,N,初級2,10,2
2045,3368,捨てる,すてる,すてる○,,to throw away,V［2］,初級2,10,2
2115,3386,席,せき,せ↓き,　,seat,N,初級2,10,2
2194,3371,掃除の人,そうじのひと,そうじのひと↓,,cleaner,N,初級2,10,2
2249,3381,それじゃあ,それじゃあ,それじゃ↓あ,　,then,,初級2,10,2
2334,3387,確かにねえ,たしかにねえ,た↓しかにねえ,,That's very true.,Exp,初級2,10,2
2555,3380,つまる,つまる,つま↓る,,to clog,V［1］,初級2,10,2
2668,3369,電話,でんわ,でんわ○,,phone,N,初級2,10,2
2708,3388,どうしてかなあ,どうしてかなあ,ど↓うしてかなあ,,I wonder why?,Exp,初級2,10,2
2863,3366,流す,ながす,なが↓す,,to flush,V［1］,初級2,10,2
3277,3378,貼り紙,はりがみ,はりがみ○, ,sign,N,初級2,10,2
3478,3372,不思議（な）,ふしぎ（な）,ふしぎ（な）○,,strange,ナA,初級2,10,2
3494,3383,普通に,ふつうに,ふつうに○,,normally,,初級2,10,2
3699,3374,まじめ（な）,まじめ（な）,まじめ（な）○,,serious,ナA,初級2,10,2
3730,3365,待つ,まつ,ま↓つ,,to wait,V［1］,初級2,10,2
3746,3375,まねをする,まねをする,まねをする○,,to imitate,V［3］,初級2,10,2
3749,3377,守る　（ルールを守る）,まもる　（ルールをまもる）,まも↓る　（ル↓ールを　まも↓る）,,to follow　(e.g. follow the rules),V［1］,初級2,10,2
3867,3373,めんどくさい,めんどくさい,めんどくさ↓い,,bothersome,イA,初級2,10,2
3903,3379,もちろん,もちろん,もち↓ろん,,of course,,初級2,10,2
4150,3376,ルール,ルール,ル↓ール,,rules,N,初級2,10,2
95,3401,あとから,あとから,あ↓とから,,afterwards,N,初級2,10,3
268,3399,イメージ,イメージ,イメ↓ージ／イ↓メージ,,impression / image,N,初級2,10,3
537,3395,怒る,おこる,おこ↓る,,to get angry,V［1］,初級2,10,3
819,3391,かご,かご,かご○,,basket,N,初級2,10,3
926,3392,空,から,から↓,,empty,N,初級2,10,3
2183,3404,そうかなあ,そうかなあ,そ↓うかなあ,,I'm not so sure. (expresses that the speaker is disagreeing with the other person),Exp,初級2,10,3
2193,3394,そうしたら,そうしたら,そうした↓ら,,and then,,初級2,10,3
2209,3403,そうなの？,そうなの？,そ↓うなの？,,Is that really true…,Exp,初級2,10,3
2453,3396,ちゃんと,ちゃんと,ちゃんと○,,properly,,初級2,10,3
2658,3397,店長,てんちょう,て↓んちょう,,store manager,N,初級2,10,3
2700,3402,どうしたの？,どうしたの？,ど↓うしたの？,,What's wrong?,Exp,初級2,10,3
2844,3398,泥棒,どろぼう,どろぼう○,,thief,N,初級2,10,3
3098,3390,のどが渇く,のどがかわく,の↓どがかわ↓く,,to get thirsty,V［1］,初級2,10,3
3475,3400,袋,ふくろ,ふくろ↓,,bag,N,初級2,10,3
3642,3393,ボトル,ボトル,ボトル○,,bottle,N,初級2,10,3
271,3420,嫌（な）,いや（な）,いや↓（な）,,dislike,ナA,初級2,10,4
497,3409,お金を取る,おかねをとる,おかねをと↓る,,to charge money,V［1］,初級2,10,4
500,3422,おかわり,おかわり,おか↓わり,,refills,N,初級2,10,4
553,3423,おしぼり,おしぼり,おし↓ぼり,,wet hand towel,N,初級2,10,4
634,3416,音を立てる,おとをたてる,おと↓をたて↓る,,to make noise,V［2］,初級2,10,4
1040,3406,気に入る,きにいる,きにいる○,　,to come to like,V［1］,初級2,10,4
1179,3419,口を付ける,くちをつける,くちをつけ↓る,,to put to one's mouth,V［2］,初級2,10,4
1297,3426,こういう,こういう,こういう○,,such a ～,N,初級2,10,4
1396,3427,ごちそうさま,ごちそうさま,ごちそうさま↓,,Thank you for the meal. (phrase said after finishing a meal),Exp,初級2,10,4
1634,3425,しかも,しかも,しか↓も,,on top of that,,初級2,10,4
1961,3411,信じられない,しんじられない,しんじられ↓ない,,unbelievable,,初級2,10,4
1962,3412,信じる,しんじる,しんじ↓る,,to believe,V［2］,初級2,10,4
2024,3415,ズズズズ,ズズズズ,ズズズズ↓,,slurp (sound made when eating soba),,初級2,10,4
2415,3405,だんだん,だんだん,だんだん○, ,gradually,,初級2,10,4
2448,3413,チップ,チップ,チ↓ップ,,tip,N,初級2,10,4
2488,3407,直接,ちょくせつ,ちょくせつ○,,directly,N,初級2,10,4
2587,3424,テーブルチャージ,テーブルチャージ,テーブルチャ↓ージ,,cover charge,N,初級2,10,4
2765,3428,どちらでもない,どちらでもない,どちらでもな↓い／ど↓ちらでも　な↓い,,neither,,初級2,10,4
2850,3417,どんぶり,どんぶり,どんぶり○,,bowl,N,初級2,10,4
2934,3421,何杯でも,なんばいでも,な↓んばいで↓も／なんばいでも○,,any number (of drinks),,初級2,10,4
3145,3408,～杯,～はい,～はい,,～ glass(es),,初級2,10,4
3368,3410,ひどい,ひどい,ひど↓い,　,terrible,イA,初級2,10,4
3743,3414,マナー,マナー,マ↓ナー,,etiquette / manners,N,初級2,10,4
3895,3418,持ち上げる,もちあげる,もちあげる○,,to lift,V［2］,初級2,10,4
21,3432,青,あお,あ↓お,,blue,N,初級2,11,1
26,3431,赤,あか,あ↓か,,red,N,初級2,11,1
288,3429,色,いろ,いろ↓,,color,N,初級2,11,1
411,3442,S,エス,エ↓ス,,small,N,初級2,11,1
418,3445,XL,エックスエル,エックスエ↓ル,,extra large,N,初級2,11,1
425,3443,M,エム,エ↓ム,,medium,N,初級2,11,1
429,3444,L,エル,エ↓ル,,large,N,初級2,11,1
724,3441,カーキ,カーキ,カ↓ーキ,,khaki,N,初級2,11,1
1003,3434,黄色,きいろ,きいろ○,,yellow,N,初級2,11,1
1215,3440,グレー,グレー,グレ↓ー,,gray,N,初級2,11,1
1218,3435,黒,くろ,く↓ろ,,black,N,初級2,11,1
1284,3457,ご案内いたします,ごあんないいたします,ごあんないいたしま↓す,,I'll show you where it is. (polite expression),Exp,初級2,11,1
1464,3456,ごゆっくりごらんください,ごゆっくりごらんください,ごゆっく↓りごらんくださ↓い,,Please take your time looking around. (polite expression),Exp,初級2,11,1
1527,3430,サイズ,サイズ,サ↓イズ／サイズ○,,size,N,初級2,11,1
1671,3452,試着室,しちゃくしつ,しちゃく↓しつ,,fitting room,N,初級2,11,1
1672,3454,試着（する）,しちゃく（する）,しちゃく（する）○,,(to) try on,N/V［3］,初級2,11,1
1943,3436,白,しろ,し↓ろ,,white,N,初級2,11,1
2106,3451,セーター,セーター,セ↓ーター,　,sweater,N,初級2,11,1
2168,3447,～ｃｍ　（24.5㎝）,～センチ　（にじゅうよんてんごセンチ）,～セ↓ンチ　（に↓じゅう△よ↓んてん△ごセ↓ンチ）,　,～ cm　(e.g. 24.5 cm),,初級2,11,1
2175,3449,全品,ぜんぴん,ぜ↓んぴん,,all items,N,初級2,11,1
2344,3448,ただいま,ただいま,ただ↓いま,,currently,N,初級2,11,1
2449,3439,茶色,ちゃいろ,ちゃいろ○,,brown,N,初級2,11,1
3134,3450,～％オフ　（10%オフ）,～パーセントオフ　（じゅっパーセントオフ）,～パーセントオ↓フ　（じゅっパーセントオ↓フ）,,～% off　(e.g. 10% off),,初級2,11,1
3244,3453,派手（な）,はで（な）,はで↓（な）,,flashy,ナA,初級2,11,1
3426,3438,ピンク,ピンク,ピ↓ンク,,pink,N,初級2,11,1
3518,3446,フリー,フリー,フリ↓ー,,one size / one size fits all,N,初級2,11,1
3555,3437,ベージュ,ベージュ,ベージュ○,,beige,N,初級2,11,1
3795,3433,緑,みどり,み↓どり,,green,N,初級2,11,1
4078,3455,よろしければ,よろしければ,よろし↓ければ,,if you want (polite expression),,初級2,11,1
249,3466,移動する,いどうする,いどうする○,,to move to,V［3］,初級2,11,2
305,3459,インフォメーション,インフォメーション,インフォメ↓ーション,,information counter,N,初級2,11,2
490,3480,お書きください,おかきください,おかきくださ↓い,,Please write ～. (polite expression),Exp,初級2,11,2
572,3474,押す　（スタンプを押す）,おす　（スタンプをおす）,おす○　（スタ↓ンプをおす）,,to put　(e.g. put a stamp),V［1］,初級2,11,2
687,3476,お持ちください,おもちください,おもちくださ↓い,,Please bring ～. (polite expression),Exp,初級2,11,2
731,3479,会員証,かいいんしょう,かいいんしょう○,,membership card,N,初級2,11,2
1054,3478,気分が悪い,きぶんがわるい,き↓ぶんが　わる↓い,,feel sick,イA,初級2,11,2
1079,3463,救急車,きゅうきゅうしゃ,きゅうきゅ↓うしゃ,,ambulance,N,初級2,11,2
1093,3467,急に,きゅうに,きゅうに○,　,suddenly,,初級2,11,2
1229,3477,警察,けいさつ,けいさつ○,,police,N,初級2,11,2
1538,3461,探す,さがす,さがす○,,to look for,V［1］,初級2,11,2
1568,3469,さっき,さっき,さ↓っき,　,a short while ago,,初級2,11,2
2031,3473,スタンプ,スタンプ,スタ↓ンプ,,stamp,N,初級2,11,2
2241,3468,ソファ,ソファ,ソ↓ファ,,sofa,N,初級2,11,2
2473,3458,駐輪場,ちゅうりんじょう,ちゅうりんじょう○,,bicycle parking area,N,初級2,11,2
2720,3475,どうなさいましたか？,どうなさいましたか？,ど↓うなさいま↓したか？,,Is something the matter? (polite expression),Exp,初級2,11,2
2722,3481,どうなさいますか？,どうなさいますか？,ど↓うなさいま↓すか？,,What would you like to do? (polite expression),Exp,初級2,11,2
2800,3465,停める,とめる,とめる○,,to park,V［2］,初級2,11,2
2835,3471,とる,とる,と↓る,,to steal,V［1］,初級2,11,2
3050,3464,盗む,ぬすむ,ぬす↓む,,to steal,V［1］,初級2,11,2
3445,3460,フードコート,フードコート,フードコ↓ート,,food court,N,初級2,11,2
3597,3472,ポイントカード,ポイントカード,ポイントカ↓ード,,point card,N,初級2,11,2
3893,3470,もしかしたら,もしかしたら,も↓しかした↓ら,,maybe,,初級2,11,2
4158,3462,レシート,レシート,レシート○／レシ↓ート,,receipt,N,初級2,11,2
187,3495,遺失物届,いしつぶつとどけ,いしつぶつと↓どけ,,lost property report,N,初級2,11,3
568,3497,お調べいたします,おしらべいたします,おしらべいたしま↓す,,I'll check. (polite expression),Exp,初級2,11,3
770,3490,買い物する,かいものする,かいものする○,,to shop,V［3］,初級2,11,3
897,3488,カバー,カバー,カ↓バー,,cover,N,初級2,11,3
1017,3484,機種,きしゅ,き↓しゅ,,model,N,初級2,11,3
1035,3491,気づく,きづく,きづ↓く,,to notice,V［1］,初級2,11,3
2068,3487,スマートフォン／スマホ,スマートフォン／スマホ,スマート↓フォン／スマホ○,,smartphone,N,初級2,11,3
2236,3492,そのような,そのような,そのよ↓うな,,such a ～,N,初級2,11,3
2501,3489,ついている,ついている,つ↓いている,,have ～ / with ～,,初級2,11,3
2549,3493,つながる,つながる,つながる○,,to connect,V［1］,初級2,11,3
2744,3482,特徴,とくちょう,とくちょう○, ,feature,N,初級2,11,3
2777,3486,届く,とどく,とど↓く,,to be handed in,V［1］,初級2,11,3
2871,3485,なくす,なくす,なくす○,,to lose,V［1］,初級2,11,3
3061,3483,値段,ねだん,ねだん○,,price,N,初級2,11,3
3788,3494,見つかる,みつかる,みつかる○,,to find,V［1］,初級2,11,3
4184,3496,連絡をとる,れんらくをとる,れんらくをと↓る,,to get in touch,V［1］,初級2,11,3
34,3524,秋の味覚,あきのみかく,あ↓きのみかく,,autumn food,N,初級2,11,4
151,3499,案内,あんない,あんな↓い,,information,N,初級2,11,4
306,3520,インフォメーションカウンター,インフォメーションカウンター,インフォメーションカ↓ウンター,,information counter,N,初級2,11,4
362,3522,海の幸,うみのさち,う↓みのさ↓ち,,seafood,N,初級2,11,4
367,3511,～売り場　（婦人服売り場）,～うりば　（ふじんふくうりば）,～う↓りば　（ふじんふくう↓りば）,,sales area　（e.g. women's clothing sales area）,N,初級2,11,4
394,3501,営業時間,えいぎょうじかん,えいぎょうじ↓かん,,opening hours,N,初級2,11,4
395,3504,営業する,えいぎょうする,えいぎょうする○,,to open / to do business,V［3］,初級2,11,4
439,3503,延長する,えんちょうする,えんちょうする○,,to extend,V［3］,初級2,11,4
486,3512,お買い上げ,おかいあげ,おかいあげ○,,purchase (polite expression),N,初級2,11,4
529,3516,お越しください,おこしください,おこしくださ↓い,,Please go to ～. (polite expression),Exp,初級2,11,4
584,3513,恐れ入りますが,おそれいりますが,おそ↓れいりま↓すが,,my apologies for the inconvenience but ～ (polite expression),,初級2,11,4
598,3515,お伝えしたいことがございます,おつたえしたいことがございます,おつたえしたいこと↓がございま↓す,,I have some information for you. (polite expression),Exp,初級2,11,4
622,3498,落とし物,おとしもの,おとしもの○,,lost and found item,N,初級2,11,4
700,3514,お呼び出しを申し上げます,およびだしをもうしあげます,およびだしをもうしあげま↓す,,I would like to call ～. (polite expression),Exp,初級2,11,4
750,3506,開催中,かいさいちゅう,かいさいちゅう○,,in progress,N,初級2,11,4
790,3518,かぎ,かぎ,かぎ↓,　,key,N,初級2,11,4
796,3525,～限り　（1週間限り）,～かぎり　（いっしゅうかんかぎり）,～か↓ぎり　（いっしゅうかんか↓ぎり）,,～ only　(e.g. for one week only),,初級2,11,4
1007,3527,機会,きかい,きか↓い,,opportunity,N,初級2,11,4
1204,3508,くり返しご案内いたします,くりかえしごあんないいたします,くりかえしごあんないいたしま↓す,,Once again… (polite expression),Exp,初級2,11,4
1377,3519,心当たり,こころあたり,こころあ↓たり,,any idea,N,初級2,11,4
1466,3528,ご来場を心からお待ちしております,ごらいじょうをこころからおまちしております,ごらいじょう○を　こころ↓から　おまちしておりま↓す,,We look forward to seeing you. (polite expression),Exp,初級2,11,4
1546,3509,先ほど,さきほど,さきほど○,,just a little while ago,N,初級2,11,4
1571,3526,札幌,さっぽろ,さっぽろ○,,Sapporo,N,初級2,11,4
1974,3523,スイーツ,スイーツ,スイ↓ーツ,,sweets,N,初級2,11,4
2108,3502,セール,セール,セ↓ール,,sale,N,初級2,11,4
2413,3517,男性用,だんせいよう,だんせいよう○,,for men,N,初級2,11,4
2506,3507,通常どおり,つうじょうどおり,つうじょうど↓おり,,as usual,,初級2,11,4
3452,3521,～フェア　（北海道フェア）,～フェア　（ほっかいどうフェア）,～フェ↓ア　（ほっかいどうフェ↓ア）,,～ fair　(e.g. Hokkaido fair),N,初級2,11,4
3481,3510,婦人服,ふじんふく,ふじ↓んふく,,women's clothing,N,初級2,11,4
4063,3500,呼び出し,よびだし,よびだし○,,call,N,初級2,11,4
4163,3505,レストラン街,レストランがい,レストラ↓ンがい,,restaurant area,N,初級2,11,4
15,3542,アイロン,アイロン,アイロン○,　,iron,N,初級2,12,1
273,3537,イヤホン,イヤホン,イ↓ヤホン,,earphones,N,初級2,12,1
372,3557,売れる,うれる,うれる○,,to be able to sell,V［2］,初級2,12,1
609,3544,音,おと,おと↓,,sound,N,初級2,12,1
669,3549,お店の人,おみせのひと,おみせのひと↓,,store staff,N,初級2,12,1
765,3565,開店　（開店セール）,かいてん　（かいてんセール）,かいてん○　（かいてんセ↓ール）,,opening　(e.g. opening sale),N,初級2,12,1
983,3559,簡単（な）,かんたん（な）,かんたん（な）○,,easy / simple,ナA,初級2,12,1
1213,3566,車を出す,くるまをだす,くるまをだ↓す,,to give a ride,V［1］,初級2,12,1
1365,3564,国道沿い,こくどうぞい,こくどうぞい○,,along the National Route,N,初級2,12,1
1887,3546,商品,しょうひん,しょ↓うひん,,product,N,初級2,12,1
2007,3554,すぐ,すぐ,す↓ぐ,,immediately,,初級2,12,1
2046,3539,ストーブ,ストーブ,スト↓ーブ,,heating stove,N,初級2,12,1
2166,3531,洗濯機,せんたくき,せんたく↓き,,washing machine,N,初級2,12,1
2177,3538,扇風機,せんぷうき,せんぷ↓うき,　,electric fan,N,初級2,12,1
2191,3533,掃除機,そうじき,そうじ↓き,　,vacuum cleaner,N,初級2,12,1
2205,3550,相談（する）,そうだん（する）,そうだん（する）○,,(to) consult,N/V［3］,初級2,12,1
2214,3547,送料,そうりょう,そ↓うりょう,　,shipping cost,N,初級2,12,1
2315,3556,高く,たかく,たか↓く／た↓かく,,high price,,初級2,12,1
2375,3536,タブレット,タブレット,タ↓ブレット／タブレ↓ット,,tablet,N,初級2,12,1
2607,3545,デザイン,デザイン,デザ↓イン,,design,N,初級2,12,1
2616,3558,手続き,てつづき,てつ↓づき,,procedure,N,初級2,12,1
2626,3562,手元,てもと,てもと↓,,me (literally in one's possession / on hand),N,初級2,12,1
2638,3552,店員,てんいん,てんいん○,,store staff,N,初級2,12,1
2643,3529,電気製品,でんきせいひん,でんきせ↓いひん,　,electric appliance,N,初級2,12,1
2644,3563,電気屋,でんきや,でんきや○,,electric appliance store,N,初級2,12,1
2655,3532,電子レンジ,でんしレンジ,でんしレ↓ンジ,,microwave,N,初級2,12,1
2778,3551,届く,とどく,とど↓く,,to be delivered,V［1］,初級2,12,1
2812,3541,ドライヤー,ドライヤー,ドライヤー○,,hair-dryer,N,初級2,12,1
3209,3535,パソコン,パソコン,パソコン○,,personal computer,N,初級2,12,1
3322,3540,ヒーター,ヒーター,ヒ↓ーター,,heater,N,初級2,12,1
3522,3567,フリマサイト,フリマサイト,フリマサ↓イト,,flea market website,N,初級2,12,1
3594,3553,便利（な）,べんり（な）,べ↓んり（な）,,convenient,ナA,初級2,12,1
3635,3534,ポット,ポット,ポ↓ット,,hot water dispenser,N,初級2,12,1
3789,3555,見つかる,みつかる,みつかる○,,to find,V［1］,初級2,12,1
3841,3548,無料,むりょう,むりょう○,,free of charge,N,初級2,12,1
3855,3560,メーカー,メーカー,メーカー○,,manufacturer,N,初級2,12,1
3917,3543,モデル,モデル,モデル○／モ↓デル,　,model,N,初級2,12,1
4153,3530,冷蔵庫,れいぞうこ,れいぞ↓うこ,,refrigerator,N,初級2,12,1
4209,3561,ワイヤレス,ワイヤレス,ワ↓イヤレス,,wireless,N,初級2,12,1
516,3597,奥行,おくゆき,おくゆき○,,depth,N,初級2,12,2
679,3599,重さ,おもさ,おもさ○,,weight,N,初級2,12,2
781,3579,価格,かかく,かかく○,,price,N,初級2,12,2
881,3569,カテゴリー,カテゴリー,カテ↓ゴリー／カ↓テゴリー,,category,N,初級2,12,2
883,3568,家電,かでん,かでん○,,household appliances　,N,初級2,12,2
1001,3585,完了,かんりょう,かんりょう○,,confirm,N,初級2,12,2
1019,3587,傷,きず,きず○,,scratch,N,初級2,12,2
1296,3590,～合　（5.5合）,～ごう　（ごてんごごう）,～ごう　（ご↓ーてん△ご↓ごう）,,"～ cups (Japanese unit of volume for rice, about 180 ml)　(e.g. 5.5 cups=990ml)",,初級2,12,2
1322,3586,購入（する）,こうにゅう（する）,こうにゅう（する）○,,(to) buy,N/V［3］,初級2,12,2
1323,3602,購入手続き,こうにゅうてつづき,こうにゅうてつ↓づき,,purchase procedure,N,初級2,12,2
1447,3589,～込み　（送料込み）,～こみ　（そうりょうこみ）,～こみ↓　（そ↓うりょう　こみ↓）／～こ↓み　（そ↓うりょう　こ↓み）,,including ～　(e.g. including postage),,初級2,12,2
1687,3583,指定する,していする,していする○,,to specify,V［3］,初級2,12,2
1704,3575,絞り込み,しぼりこみ,しぼりこみ○,,narrow down,N,初級2,12,2
1822,3572,出品,しゅっぴん,しゅっぴん○,,submit,N,初級2,12,2
1823,3591,出品する,しゅっぴんする,しゅっぴんする○,,to put up for sale ,V［3］,初級2,12,2
1837,3578,～順　（安い順）,～じゅん　（やすいじゅん）,～じゅん　（やすいじゅん○）,,in order of ～　(e.g. from lowest to highest price),,初級2,12,2
1862,3594,詳細,しょうさい,しょうさい○,,details,N,初級2,12,2
1871,3580,状態,じょうたい,じょうたい○,,condition,N,初級2,12,2
2069,3574,住まい,すまい,す↓まい,,for the home,N,初級2,12,2
2088,3595,～製　（2018製）,～せい　（にせんじゅうはち（ねん）せい）,～せい　（にせ↓ん△じゅうはちねんせい○）,,made in ～　(e.g. made in 2018),,初級2,12,2
2130,3600,説明書,せつめいしょ,せつめいしょ○／せつめいしょ↓,,instruction booklet,N,初級2,12,2
2316,3598,高さ,たかさ,た↓かさ,,height,N,初級2,12,2
2328,3593,炊ける　（ご飯が炊ける）,たける　（ごはんがたける）,たける○　（ご↓はんがたける）,,to be cooked　(e.g. rice cooks),V［2］,初級2,12,2
2525,3601,～つき　（説明書つき）,～つき　（せつめいしょつき）,～つき　（せつめいしょつき○）,,with ～　(e.g. with an instruction booklet),,初級2,12,2
2826,3584,取り消し,とりけし,とりけし○,,cancel,N,初級2,12,2
3154,3581,配送料,はいそうりょう,はいそ↓うりょう,,delivery charges,N,初級2,12,2
3262,3596,幅,はば,はば○,,width,N,初級2,12,2
3310,3582,販売状況,はんばいじょうきょう,はんばいじょ↓うきょう,,sale status,N,初級2,12,2
3312,3576,販売中,はんばいちゅう,はんばいちゅう○,,on sale,N,初級2,12,2
3404,3577,表示,ひょうじ,ひょうじ○,,display,N,初級2,12,2
3517,3570,ブランド,ブランド,ブランド○,,brand,N,初級2,12,2
3611,3571,ホーム,ホーム,ホ↓ーム,,homepage,N,初級2,12,2
3686,3573,マイページ,マイページ,マイペ↓ージ,,my page (user's personal page),N,初級2,12,2
3938,3592,問題なく,もんだいなく,もんだいな↓く,,without problems,,初級2,12,2
4049,3588,汚れ,よごれ,よごれ○,,dirt,N,初級2,12,2
601,3613,お手入れ,おていれ,おて↓いれ,,maintenance,N,初級2,12,3
680,3603,重さ,おもさ,おもさ○,　,weight,N,初級2,12,3
1057,3624,希望小売価格,きぼうこうりかかく,きぼうこうりか↓かく,,suggested retail price,N,初級2,12,3
1074,3614,吸引（する）,きゅういん（する）,きゅういん（する）○,,suction　(to suck up),N/V［3］,初級2,12,3
1075,3615,吸引力,きゅういんりょく,きゅうい↓んりょく,,suction power,N,初級2,12,3
1308,3621,広告の品,こうこくのしな,こうこくのしな○,,advertised item,N,初級2,12,3
1345,3623,コードレス,コードレス,コ↓ードレス,,cordless,N,初級2,12,3
1497,3608,こんな　（こんな人）,こんな　（こんなひと）,こんな○　（こんなひと↓）,,this / these　(e.g. these people),N,初級2,12,3
1500,3616,コンパクト（な）,コンパクト（な）,コ↓ンパクト（な）,,compact,ナA,初級2,12,3
1675,3606,しっかり,しっかり,しっか↓り, ,thoroughly,,初級2,12,3
1768,3618,重視する,じゅうしする,じゅ↓うしする,,to prioritize,V［3］,初級2,12,3
1780,3605,充電,じゅうでん,じゅうでん○,,charge,N,初級2,12,3
1863,3607,使用時間,しようじかん,しようじ↓かん,,usable time,N,初級2,12,3
2073,3619,すみずみ,すみずみ,すみ↓ずみ,,all the way into the corners,N,初級2,12,3
2103,3620,税別,ぜいべつ,ぜいべつ○,,price before tax,N,初級2,12,3
2320,3610,多機能,たきのう,たき↓のう,,multifunctional,N,初級2,12,3
2475,3612,超軽量,ちょうけいりょう,ちょ↓うけいりょう,,ultralight,N,初級2,12,3
2747,3622,特別価格,とくべつかかく,とくべつか↓かく,,special price,N,初級2,12,3
2868,3611,長持ち,ながもち,なが↓もち／ながも↓ち,,long-lasting,N,初級2,12,3
3889,3609,モード　（強モード）,モード　（きょうモード）,モ↓ード　（きょうモ↓ード）,,mode　(e.g. strong mode),N,初級2,12,3
3900,3617,持ち運ぶ,もちはこぶ,もちはこぶ○／もちはこ↓ぶ,,to carry,V［1］,初級2,12,3
4177,3604,連続,れんぞく,れんぞく○,,continuous,N,初級2,12,3
144,3645,合わせて,あわせて,あわ↓せて,,add up to,,初級2,12,4
331,3626,動かす,うごかす,うごか↓す,,to move around,V［1］,初級2,12,4
409,3634,エコモード,エコモード,エコモ↓ード,,eco mode,N,初級2,12,4
449,3650,おいくらぐらいでお探しですか？,おいくらぐらいでおさがしですか？,おいくらぐ↓らいでおさがしで↓すか？,,How much is your budget? (polite expression),Exp,初級2,12,4
676,3638,重い,おもい,おもい○／おも↓い,　,heavy,イA,初級2,12,4
726,3632,カーペット,カーペット,カ↓ーペット,,carpet,N,初級2,12,4
946,3625,軽い,かるい,かるい○／かる↓い, ,lightweight,イA,初級2,12,4
960,3648,変わる,かわる,かわる○,,to change,V［1］,初級2,12,4
1047,3630,機能,きのう,き↓のう,　,function,N,初級2,12,4
1199,3628,比べる,くらべる,くらべる○,,to compare,V［2］,初級2,12,4
1472,3652,ご利用になりますか？,ごりようになりますか？,ごりようになりま↓すか？,,Will you be using ～ ? (polite expression),Exp,初級2,12,4
1883,3641,消費税,しょうひぜい,しょうひ↓ぜい,,consumption tax,N,初級2,12,4
1972,3640,シンプル（な）,シンプル（な）,シ↓ンプル（な）,,simple,ナA,初級2,12,4
2346,3633,畳,たたみ,たたみ○,,tatami,N,初級2,12,4
2390,3647,貯まる,たまる,たまる○,,to accumulate,V［1］,初級2,12,4
2537,3631,つく　（機能がつく）,つく　（きのうがつく）,つ↓く　（き↓のうがつ↓く）,,to include / to attach　(e.g. included functions),V［1］,初級2,12,4
2611,3635,ですから,ですから,で↓すから,,and so / therefore,,初級2,12,4
2766,3651,どちらにお住まいですか？,どちらにおすまいですか？,ど↓ちらにおすまいで↓すか？,,Where do you live? (polite expression),Exp,初級2,12,4
2941,3636,～に合わせて　（部屋に合わせて）,～にあわせて　（へやにあわせて）,～にあわ↓せて　（へや↓にあわ↓せて）,,in a way that suits ～　(e.g. in a way that suits the room),,初級2,12,4
3047,3642,～抜き　（消費税抜き）,～ぬき　（しょうひぜいぬき）,～ぬ↓き　（しょうひ↓ぜい△ぬ↓き）,,without ～　(e.g. without consumption tax),,初級2,12,4
3153,3644,配送,はいそう,はいそう○,,delivery,N,初級2,12,4
3284,3629,パワフル（な）,パワフル（な）,パ↓ワフル（な）,,powerful,ナA,初級2,12,4
3334,3643,～引き　（2000円引き）,～びき　（にせんえんびき）,～びき　（にせんえんびき○）,,"～ discount　(e.g. 2,000 yen discount)",,初級2,12,4
3469,3637,複雑（な）,ふくざつ（な）,ふくざつ（な）○,　,complicated,ナA,初級2,12,4
3596,3646,ポイント,ポイント,ポイント○,,point,N,初級2,12,4
3907,3627,持つ,もつ,も↓つ,,to carry,V［1］,初級2,12,4
3963,3649,安くなりますか？,やすくなりますか？,や↓すく　なりま↓すか？,,Can you lower the price?,Exp,初級2,12,4
4052,3639,予算オーバー,よさんオーバー,よさんオ↓ーバー,,over budget,N,初級2,12,4
307,3662,インフォメーションコーナー,インフォメーションコーナー,インフォメーションコ↓ーナー,,information corner,N,初級2,13,1
657,3660,お風呂,おふろ,おふ↓ろ,,bath house,N,初級2,13,1
743,3667,外国語,がいこくご,がいこくご○,,foreign language,N,初級2,13,1
1302,3653,公共,こうきょう,こうきょう○,,public,N,初級2,13,1
1619,3668,CD,シーディー,シーディ↓ー,　,CD,N,初級2,13,1
1660,3654,施設,しせつ,し↓せつ,,facility,N,初級2,13,1
1698,3665,市内,しない,し↓ない,,within the city,N,初級2,13,1
1785,3675,自由に,じゆうに,じゆ↓うに,,freely,,初級2,13,1
2062,3659,スポーツジム,スポーツジム,スポーツジ↓ム,,sports gym,N,初級2,13,1
2274,3658,体育館,たいいくかん,たいいく↓かん,,gym ,N,初級2,13,1
2357,3672,建てる,たてる,たて↓る,,to build,V［2］,初級2,13,1
2650,3676,展示する,てんじする,てんじする○,,to display,V［3］,初級2,13,1
2695,3670,道具,どうぐ,どうぐ↓,,tools,N,初級2,13,1
2758,3655,図書館,としょかん,としょ↓かん, ,library,N,初級2,13,1
3029,3661,入浴施設,にゅうよくしせつ,にゅうよくし↓せつ,,bathing facilities,N,初級2,13,1
3314,3666,パンフレット,パンフレット,パ↓ンフレット, ,pamphlet,N,初級2,13,1
3321,3674,ＰＣ,ピーシー,ピーシ↓ー,,personal computer,N,初級2,13,1
3350,3656,美術館,びじゅつかん,びじゅつ↓かん,,art museum,N,初級2,13,1
3498,3664,物産コーナー,ぶっさんコーナー,ぶっさんコ↓ーナー,,products corner,N,初級2,13,1
3516,3663,プラネタリウム,プラネタリウム,プラネタリ↓ウム,,planetarium,N,初級2,13,1
3543,3671,文化施設,ぶんかしせつ,ぶんかし↓せつ,,cultural center,N,初級2,13,1
3819,3657,民俗資料館,みんぞくしりょうかん,みんぞくしりょ↓うかん,,folk museum,N,初級2,13,1
3824,3669,昔,むかし,むかし○,　,in the past,N,初級2,13,1
3854,3673,メイン,メイン,メ↓イン,,main,N,初級2,13,1
4156,3677,歴史,れきし,れきし○,　,history,N,初級2,13,1
13,3703,IT,アイティー,アイティ↓ー,,IT,N,初級2,13,2
14,3708,空いている,あいている,あいている○,,unoccupied　,,初級2,13,2
297,3706,インターネット,インターネット,インターネ↓ット,,internet,N,初級2,13,2
326,3692,受けていただきます,うけていただきます,う↓けていただきま↓す,,We ask you to please take ～. (polite expression),Exp,初級2,13,2
330,3689,受ける,うける,うけ↓る,,to receive,V［2］,初級2,13,2
383,3693,絵,え,え↓,,picture,N,初級2,13,2
441,3681,延長料金,えんちょうりょうきん,えんちょうりょ↓うきん,,extension fee,N,初級2,13,2
703,3680,オリエンテーション,オリエンテーション,オリエンテ↓ーション,,orientation,N,初級2,13,2
706,3684,下りる,おりる,おり↓る,,to go down,V［2］,初級2,13,2
780,3696,画家,がか,がか○,　,painter,N,初級2,13,2
787,3683,かかる,かかる,かか↓る,,to cost (a fee),V［1］,初級2,13,2
1081,3701,休憩室,きゅうけいしつ,きゅうけ↓いしつ,,lounge,N,初級2,13,2
1279,3700,券売機,けんばいき,けんば↓いき,,ticket machine,N,初級2,13,2
1338,3690,声をかける,こえをかける,こ↓えを　かけ↓る,,to speak to,V［2］,初級2,13,2
1470,3691,ご了承ください,ごりょうしょうください,ごりょうしょうくださ↓い,,Please be reminded. (polite expression),Exp,初級2,13,2
1578,3694,さまざま（な）,さまざま（な）,さま↓ざま（な）,,all kinds of,ナA,初級2,13,2
1680,3679,室内用,しつないよう,しつないよう○,,for indoor use,N,初級2,13,2
1774,3685,シューズ,シューズ,シュ↓ーズ,,shoes,N,初級2,13,2
2127,3698,セット券,セットけん,セット↓けん,,set ticket,N,初級2,13,2
2476,3695,彫刻,ちょうこく,ちょうこく○,,sculpture,N,初級2,13,2
2502,3702,ついている　（タオルがついている）,ついている　（タオルがついている）,つ↓いている　（タ↓オルが　つ↓いている）,,～be provided / come with ～　(e.g. a towel is provided),,初級2,13,2
2839,3687,トレーナー,トレーナー,トレーナー○, ,trainer,N,初級2,13,2
2994,3682,～につき　（30分につき）,～につき　（さんじゅっぷんにつき）,～につ↓き　（さんじゅ↓っぷんにつ↓き）,,every ～ / for each ～　(e.g. every 30 minutes),,初級2,13,2
3515,3699,フラッシュ,フラッシュ,フラ↓ッシュ,　,flash,N,初級2,13,2
3524,3707,プリンター,プリンター,プリンター○, ,printer,N,初級2,13,2
3525,3705,プリントアウト,プリントアウト,プリントア↓ウト,,print-out,N,初級2,13,2
3641,3688,～ほど　（30分ほど）,～ほど　（さんじゅっぷんほど）,～ほど　（さんじゅっぷんほど○）,,about ～　(e.g. about 30 minutes),,初級2,13,2
3700,3686,マシン,マシン,マシ↓ン, ,machine,N,初級2,13,2
4130,3704,利用者カード,りようしゃカード,りようしゃカ↓ード,,user card,N,初級2,13,2
4132,3678,利用（する）,りよう（する）,りよう（する）○,,(to) use,N/V［3］,初級2,13,2
4246,3697,～を中心に,～をちゅうしんに,～をちゅうしんに○,,mainly,,初級2,13,2
36,3719,開く,あく,あく○,,to open,V［1］,初級2,13,3
145,3713,合わせて,あわせて,あわ↓せて,,in total,,初級2,13,3
294,3715,飲食禁止,いんしょくきんし,いんしょくきんし○,,no eating or drinking,N,初級2,13,3
701,3721,お読みください,およみください,およみくださ↓い,,Please read it. (polite expression),Exp,初級2,13,3
775,3716,返す,かえす,か↓えす,,to return,V［1］,初級2,13,3
809,3709,確認する,かくにんする,かくにんする○,,to check,V［3］,初級2,13,3
1533,3710,在留カード,ざいりゅうカード,ざいりゅうカ↓ード,,residence card,N,初級2,13,3
1563,3712,～冊  （10冊）,～さつ　（じゅっさつ）,～さつ　（じゅっさつ↓）,,～ book(s)　(e.g. 10 books),,初級2,13,3
1706,3717,閉まる,しまる,しま↓る,,to close,V［1］,初級2,13,3
2637,3714,～点　（3点） ,～てん　（さんてん）,～てん　（さ↓んてん）,,～ item(s)　(e.g. 3 items),,初級2,13,3
2925,3711,何冊,なんさつ,な↓んさつ,,how many books,N,初級2,13,3
3579,3720,返却,へんきゃく,へんきゃく○,,return,N,初級2,13,3
3580,3718,返却ポスト,へんきゃくポスト,へんきゃくポ↓スト,,return box,N,初級2,13,3
850,3724,カセットテープ,カセットテープ,カセットテ↓ープ,,cassette tape,N,初級2,13,4
3086,3723,～のうち　（15点のうち）,～のうち　（じゅうごてんのうち）,～のうち　（じゅうご↓てんのうち）,,within ～ / up to ～　(e.g. up to 15 items),,初級2,13,4
3099,3722,延ばす,のばす,のば↓す,,to extend,V［1］,初級2,13,4
67,3729,預ける,あずける,あずけ↓る,,to leave,V［2］,初級2,13,5
172,3728,～以外　（関係者以外）,～いがい　（かんけいしゃいがい）,～い↓がい　（かんけいしゃい↓がい／かんけ↓いしゃ△い↓がい）,,except ～　(e.g. except authorized personnel),,初級2,13,5
282,3736,入れ墨,いれずみ,いれずみ○,,(Japanese-style) tattoo,N,初級2,13,5
447,3730,お預けください,おあずけください,おあずけくださ↓い,,Please leave ～. (polite expression),Exp,初級2,13,5
532,3740,お断りしています,おことわりしています,おことわりしていま↓す,,We refuse ～. (polite expression),Exp,初級2,13,5
653,3734,お控えください,おひかえください,おひかえくださ↓い,,Please refrain ～. (polite expression),Exp,初級2,13,5
966,3727,関係者,かんけいしゃ,かんけ↓いしゃ,,authorized personnel,N,初級2,13,5
990,3731,館内,かんない,か↓んない,,inside the building,N,初級2,13,5
1148,3725,～禁止　（撮影禁止）,～きんし　（さつえいきんし）,～きんし　（さつえいきんし○）,,no ～　(e.g. no photography),N,初級2,13,5
1340,3733,ご遠慮ください,ごえんりょください,ごえんりょくださ↓い,,Please refrain ～. (polite expression),Exp,初級2,13,5
1621,3738,シール,シール,シ↓ール,,tattoo sticker,N,初級2,13,5
2348,3726,立入禁止,たちいりきんし,たちいりきんし○,,no entry,N,初級2,13,5
2359,3737,タトゥー,タトゥー,タトゥ↓ー,,tattoo,N,初級2,13,5
2513,3732,通話,つうわ,つうわ○,,phone call,N,初級2,13,5
3019,3735,入館,にゅうかん,にゅうかん○,,entry,N,初級2,13,5
3637,3739,ボディペイント,ボディペイント,ボディペ↓イント,,body paint,N,初級2,13,5
111,3769,油を差す,あぶらをさす,あぶらをさ↓す,,to oil,V［1］,初級2,14,1
148,3785,暗証番号,あんしょうばんごう,あんしょうば↓んごう,,personal identification number (PIN),N,初級2,14,1
224,3791,一部,いちぶ,いち↓ぶ,,part of,N,初級2,14,1
328,3774,受け取る,うけとる,うけとる○,,to receive,V［1］,初級2,14,1
436,3790,～円札　（1万円札）,～えんさつ　（いちまんえんさつ）,～え↓んさつ　（いちまんえ↓んさつ）,,"～ yen bill　(e.g. 10,000 yen bill)",,初級2,14,1
446,3780,お預かりします,おあずかりします,おあずかりしま↓す,,We accept your package. (polite expression),Exp,初級2,14,1
592,3756,落ちる　（汚れが落ちる）,おちる　（よごれがおちる）,おち↓る　（よごれがおち↓る）,,to be removed　(e.g. dirt is removed),V［2］,初級2,14,1
624,3779,お届け,おとどけ,おとどけ○,,delivery (polite expression),N,初級2,14,1
629,3795,お取りください,おとりください,おとりくださ↓い,,Please take ～. (polite expression),Exp,初級2,14,1
654,3783,お引き出し,おひきだし,おひきだし○,,withdraw (polite expression),N,初級2,14,1
713,3759,お渡し,おわたし,おわたし○,,handover (polite expression),N,初級2,14,1
902,3767,かぶせる,かぶせる,かぶせ↓る,,to cover,V［2］,初級2,14,1
1067,3782,キャッシュカード,キャッシュカード,キャッシュカ↓ード,,cash card,N,初級2,14,1
1069,3764,キャップ,キャップ,キャップ○,,cap,N,初級2,14,1
1139,3789,金額,きんがく,きんがく○,,amount,N,初級2,14,1
1156,3760,空気,くうき,く↓うき,　,air,N,初級2,14,1
1157,3761,空気入れ,くうきいれ,くうき↓いれ,,pump,N,初級2,14,1
1201,3754,クリーニング,クリーニング,クリ↓ーニング,,dry cleaning,N,初級2,14,1
1202,3747,クリーニング店,クリーニングてん,クリーニング↓てん,,dry cleaner,N,初級2,14,1
1231,3751,携帯ショップ,けいたいショップ,けいたいショ↓ップ,,mobile phone shop,N,初級2,14,1
1249,3787,～桁　（4桁）,～けた　（よんけた）,～けた　（よ↓んけた）,,～ digit(s)　(e.g. four digits),,初級2,14,1
1292,3748,コインランドリー,コインランドリー,コインラ↓ンドリー,,laundromat,N,初級2,14,1
1393,3777,午前中,ごぜんちゅう,ごぜんちゅう○, ,in the morning,N,初級2,14,1
1468,3796,ご利用ありがとうございました,ごりようありがとうございました,ごりよう○　あり↓がとうございま↓した,,Thank you for using our services. (polite expression),Exp,初級2,14,1
1509,3741,サービス,サービス,サ↓ービス,,service,N,初級2,14,1
1686,3776,指定,してい,してい○,,specify,N,初級2,14,1
1691,3750,自転車店,じてんしゃてん,じてんしゃ↓てん,,bicycle shop,N,初級2,14,1
1703,3794,紙幣,しへい,し↓へい,,banknote,N,初級2,14,1
1707,3755,シミ,シミ,シミ○,,stain,N,初級2,14,1
1710,3757,シミ抜き,シミぬき,シミぬき○／シミぬ↓き,,stain removal,N,初級2,14,1
2072,3752,スマホ修理店,スマホしゅうりてん,スマホしゅうり↓てん,,smartphone repair shop,N,初級2,14,1
2307,3763,タイヤ,タイヤ,タイヤ○,,tire,N,初級2,14,1
2326,3771,宅配便,たくはいびん,たくはいびん○,,parcel delivery service,N,初級2,14,1
2451,3772,着払い,ちゃくばらい,ちゃくば↓らい,,cash on delivery,N,初級2,14,1
2464,3749,中古車店,ちゅうこしゃてん,ちゅうこしゃ↓てん,,used car shop,N,初級2,14,1
2503,3768,ついでに,ついでに,ついでに○,,in addition,,初級2,14,1
2530,3784,次に,つぎに,つぎ↓に,,next,,初級2,14,1
2662,3775,伝票,でんぴょう,でんぴょう○,,slip,N,初級2,14,1
2755,3745,床屋,とこや,とこや○,,barbershop,N,初級2,14,1
2841,3770,どれどれ,どれどれ,ど↓れ△ど↓れ,,Let me see.,Exp,初級2,14,1
3031,3786,入力する,にゅうりょくする,にゅうりょくする○,,to enter,V［3］,初級2,14,1
3166,3762,入る　（空気が入る）,はいる　（くうきがはいる）,は↓いる　（く↓うきが　は↓いる）,,to go into　(e.g. air goes into / inflates),V［1］,初級2,14,1
3184,3766,はさむ,はさむ,はさ↓む,,to clamp,V［1］,初級2,14,1
3201,3765,はずす,はずす,はずす○,,to remove,V［1］,初級2,14,1
3400,3746,美容院,びよういん,びよ↓ういん,,beauty salon,N,初級2,14,1
3406,3781,表示する,ひょうじする,ひょうじする○,,to display,V［3］,初級2,14,1
3500,3743,不動産屋,ふどうさんや,ふどうさんや○,,real estate agent,N,初級2,14,1
3567,3758,別料金,べつりょうきん,べつりょ↓うきん,,extra charge,N,初級2,14,1
3796,3788,緑色,みどりいろ,みどりいろ○,,green,N,初級2,14,1
3916,3778,最も,もっとも,もっと↓も,,most,,初級2,14,1
3919,3773,元払い,もとばらい,もとば↓らい,,prepayment,N,初級2,14,1
3998,3742,郵便局,ゆうびんきょく,ゆうび↓んきょく,,post office,N,初級2,14,1
4111,3753,リサイクルショップ,リサイクルショップ,リサイクルショ↓ップ, ,recycle shop,N,初級2,14,1
4114,3744,理髪店,りはつてん,りはつ↓てん,,barbershop,N,初級2,14,1
4126,3792,両替（する）,りょうがえ（する）,りょうがえ（する）○,,(to) change money,N/V［3］,初級2,14,1
4135,3793,利用明細／ご利用明細,りようめいさい／ごりようめいさい,りようめ↓いさい／ごりようめ↓いさい,,usage statement,N,初級2,14,1
292,3807,印鑑,いんかん,いんか↓ん,,inkan (seal),N,初級2,14,2
298,3798,インターネット,インターネット,インターネ↓ット,,internet,N,初級2,14,2
327,3806,受取り／お受け取り,うけとり／おうけとり,うけとり○／おうけとり○,,receipt,N,初級2,14,2
567,3819,お知らせ番号,おしらせばんごう,おしらせば↓んごう,,notice number,N,初級2,14,2
792,3817,書留,かきとめ,かきとめ○,,registered mail,N,初級2,14,2
1149,3823,近所,きんじょ,き↓んじょ,　,neighbor,N,初級2,14,2
1233,3812,携帯電話,けいたいでんわ,けいたいで↓んわ,,mobile phone,N,初級2,14,2
1360,3816,国際,こくさい,こくさい○,,international,N,初級2,14,2
1409,3818,小包,こづつみ,こづ↓つみ,,small parcel,N,初級2,14,2
1412,3813,固定電話,こていでんわ,こていで↓んわ,,landline phone,N,初級2,14,2
1530,3803,再配達,さいはいたつ,さいは↓いたつ,,redelivery,N,初級2,14,2
1693,3804,自動　（24時間自動受付）,じどう　（にじゅうよじかんじどううけつけ）,じどう○　（に↓じゅう△よじ↓かん△じどうう↓けつけ）,,automatic　(e.g. 24-hour automatic reception),N,初級2,14,2
1834,3815,種類番号,しゅるいばんごう,しゅるいば↓んごう,,mail type number,N,初級2,14,2
2548,3822,勤め先／お勤め先,つとめさき／おつとめさき,つとめさき○／おつとめさき○,,where you work,N,初級2,14,2
2704,3811,当日　（当日配達分）,とうじつ　（とうじつはいたつぶん）,とうじつ○　（とうじつはいたつぶん○）,,same day / today　(e.g. mail to be delivered today),N,初級2,14,2
3155,3824,配達希望日,はいたつきぼうび,はいたつきぼ↓うび,,requested delivery date,N,初級2,14,2
3156,3825,配達先,はいたつさき,はいたつさき○,,delivery destination,N,初級2,14,2
3157,3820,配達日,はいたつび,はいたつ↓び,,delivery date,N,初級2,14,2
3477,3801,不在／ご不在,ふざい／ごふざい,ふざい○／ごふざい○,,absence,N,初級2,14,2
3618,3821,保管期限,ほかんきげん,ほかんき↓げん,,storage deadline,N,初級2,14,2
3621,3809,保険証,ほけんしょう,ほけんしょう○,,health insurance card,N,初級2,14,2
3627,3797,ポストに入れる,ポストにいれる,ポ↓ストにいれる,,to post / to mail,V［2］,初級2,14,2
3682,3810,マイナンバーカード,マイナンバーカード,マイナンバーカ↓ード,,Individual Number Card,N,初級2,14,2
3741,3802,窓口,まどぐち,まど↓ぐち,,window / counter,N,初級2,14,2
3865,3808,免許証,めんきょしょう,めんきょしょう○／めんきょ↓しょう,,(driver's) license,N,初級2,14,2
3879,3799,申し込む,もうしこむ,もうしこ↓む,,to request,V［1］,初級2,14,2
3999,3814,郵便番号,ゆうびんばんごう,ゆうびんば↓んごう,,zip code,N,初級2,14,2
4000,3800,郵便物,ゆうびんぶつ,ゆうび↓んぶつ,,delivery,N,初級2,14,2
4183,3805,連絡票,れんらくひょう,れんらくひょう○,,notice,N,初級2,14,2
66,3838,預かる,あずかる,あずか↓る,,to receive,V［1］,初級2,14,3
126,3836,洗う,あらう,あらう○,,to wash,V［1］,初級2,14,3
337,3833,後ろのほう,うしろのほう,うしろのほ↓う,,the back,N,初級2,14,3
432,3841,～円からお預かりします,～えんからおあずかりします,～えんからおあずかりしま↓す,,Out of ～ yen. (polite expression),Exp,初級2,14,3
489,3839,お返し,おかえし,おかえし○,,change (polite expression),N,初級2,14,3
663,3846,お待ちしておりました,おまちしておりました,おまちしておりま↓した,,We have been waiting for you. (polite expression),Exp,初級2,14,3
783,3832,鏡,かがみ,かがみ↓,,mirror,N,初級2,14,3
872,3837,カット,カット,カ↓ット,,haircut,N,初級2,14,3
923,3847,かゆいところはございませんか？,かゆいところはございませんか？,かゆ↓いところ↓は　ございませ↓んか？,,Does it itch anywhere? (polite expression),Exp,初級2,14,3
929,3849,カラー,カラー,カ↓ラー,,coloring,N,初級2,14,3
1498,3834,こんな感じ,こんなかんじ,こんなかんじ○,,like this,,初級2,14,3
1742,3844,シャンプー台,シャンプーだい,シャンプーだい○,,shampoo station,N,初級2,14,3
2162,3827,全体的に,ぜんたいてきに,ぜんたいてきに○,,all over,,初級2,14,3
2179,3835,洗面台,せんめんだい,せんめんだい○,,sink,N,初級2,14,3
2716,3848,どうでしょうか？,どうでしょうか？,ど↓うでしょうか？,,What do you think? (polite expression),Exp,初級2,14,3
2788,3842,どのような,どのような,ど↓のよ↓うな／どのよ↓うな,,how,,初級2,14,3
2789,3826,どのように,どのように,ど↓のよ↓うに／どのよ↓うに,,how,,初級2,14,3
2824,3851,トリートメント,トリートメント,トリ↓ートメント,,treatment,N,初級2,14,3
2862,3843,長さ,ながさ,な↓がさ／ながさ○,,length,N,初級2,14,3
2873,3840,なさいますか？,なさいますか？,なさいま↓すか？,,Would you like ～ ? (polite expression),Exp,初級2,14,3
3143,3850,パーマ,パーマ,パ↓ーマ,,perm,N,初級2,14,3
3278,3830,バリカン,バリカン,バリカン○,,clippers,N,初級2,14,3
3342,3831,ひげ剃り,ひげそり,ひげそ↓り／ひげそり○,,shave,N,初級2,14,3
3691,3845,前髪,まえがみ,まえがみ○,,bangs,N,初級2,14,3
3756,3829,まわり,まわり,まわり○,,around,N,初級2,14,3
3809,3828,～mm,～ミリ,～ミリ,,～ mm (millimeter(s)),,初級2,14,3
744,3853,外国語,がいこくご,がいこくご○,,foreign language,N,初級2,14,4
745,3852,外国人,がいこくじん,がいこく↓じん,,foreign resident,N,初級2,14,4
1196,3870,暮らす,くらす,くらす○,,to live a life,V［1］,初級2,14,4
1240,3866,けが,けが,けが↓,　,injury,N,初級2,14,4
1270,3858,健康診断,けんこうしんだん,けんこうし↓んだん,,health checkup,N,初級2,14,4
1332,3861,交流イベント,こうりゅうイベント,こうりゅうイ↓ベント,,social event,N,初級2,14,4
1387,3874,個人レッスン,こじんレッスン,こじんレ↓ッスン,,private lesson,N,初級2,14,4
1683,3862,質問,しつもん,しつもん○,,question,N,初級2,14,4
1859,3873,上級,じょうきゅう,じょうきゅう○,,advanced,N,初級2,14,4
1888,3865,情報,じょうほう,じょうほう○,,information,N,初級2,14,4
2091,3859,生活ガイドブック,せいかつガイドブック,せいかつガイドブ↓ック,,living guidebook,N,初級2,14,4
2161,3871,センター,センター,セ↓ンター, ,center,N,初級2,14,4
2203,3855,相談,そうだん,そうだん○,,consultation,N,初級2,14,4
2340,3868,助かる,たすかる,たすか↓る,,to be helpful,V［1］,初級2,14,4
2510,3857,通訳,つうやく,つ↓うやく,,interpretation,N,初級2,14,4
3013,3860,日本語教室,にほんごきょうしつ,にほんごきょ↓うしつ,,Japanese language class,N,初級2,14,4
3028,3872,入門,にゅうもん,にゅうもん○,,introductory,N,初級2,14,4
3033,3854,～による　（外国語による相談）,～による　（がいこくごによるそうだん）,～による　（がいこくごによるそうだん○）,,by ～ / using ～　(e.g. consultation using a foreign language),,初級2,14,4
3346,3863,ビザ,ビザ,ビ↓ザ,,visa,N,初級2,14,4
3616,3864,ほかにも,ほかにも,ほかに↓も,,there are also / in addition,,初級2,14,4
3666,3856,翻訳,ほんやく,ほんやく○,,translation,N,初級2,14,4
4004,3867,有料,ゆうりょう,ゆうりょう○,,fee-based,N,初級2,14,4
4098,3869,楽に,らくに,らく↓に,,easily,,初級2,14,4
1160,3877,クールビズ,クールビズ,クールビ↓ズ,,"""Cool Biz""",N,初級2,15,1
1230,3879,軽装,けいそう,けいそう○,,light clothing,N,初級2,15,1
1246,3875,消す　（電気を消す）,けす　（でんきをけす）,けす○　（で↓んきをけす）,,to turn off　(e.g. turn off the light),V［1］,初級2,15,1
1467,3882,ご理解とご協力のほど、よろしくお願いします,ごりかいとごきょうりょくのほど、よろしくおねがいします,ごり↓かいと　ごきょうりょくのほど○、よろしくおねがいしま↓す,,We ask for your kind understanding and cooperation. (polite expression),Exp,初級2,15,1
1651,3888,持参,じさん,じさん○,,bringing,N,初級2,15,1
1678,3878,実施中,じっしちゅう,じっしちゅう○,,in effect / underway,N,初級2,15,1
2120,3881,設定,せってい,せってい○,,setting,N,初級2,15,1
2124,3883,節電,せつでん,せつでん○,,saving electricity,N,初級2,15,1
3087,3880,ノー ～　（ノーネクタイ）,ノー ～　（ノーネクタイト）,ノー ～　（ノーネ↓クタイト）,,no ～　(e.g. no neckties),,初級2,15,1
3685,3885,マイバッグ,マイバッグ,マイバ↓ッグ,,reusable shopping bag,N,初級2,15,1
4005,3887,有料化,ゆうりょうか,ゆうりょうか○,,charge for ～,N,初級2,15,1
4137,3884,両面印刷,りょうめんいんさつ,りょうめんい↓んさつ,,double-sided printing,N,初級2,15,1
4160,3886,レジ袋,レジぶくろ,レジぶ↓くろ,,disposable plastic shopping bag,N,初級2,15,1
4228,3876,忘れずに,わすれずに,わすれずに○,,Don't forget to ～,Exp,初級2,15,1
408,3890,エコ,エコ,エ↓コ,　,eco-friendly,N,初級2,15,2
913,3893,紙,かみ,かみ↓,,paper,N,初級2,15,2
962,3902,缶,かん,か↓ん,　,can,N,初級2,15,2
965,3889,環境,かんきょう,かんきょう○,　,environment,N,初級2,15,2
1450,3896,ごみ,ごみ,ごみ↓,,waste,N,初級2,15,2
1556,3900,下げる,さげる,さげ↓る,,to lower,V［2］,初級2,15,2
2022,3907,すすぐ,すすぐ,すすぐ○,,to rinse,V［1］,初級2,15,2
2049,3908,ストロー,ストロー,スト↓ロー,,straw,N,初級2,15,2
2118,3892,節水する,せっすいする,せっすいする○,,to save water,V［3］,初級2,15,2
2121,3899,設定温度,せっていおんど,せっていお↓んど,,set temperature,N,初級2,15,2
2125,3891,節電する,せつでんする,せつでんする○,,to save electricity,V［3］,初級2,15,2
2133,3894,節約する,せつやくする,せつやくする○,,to save,V［3］,初級2,15,2
2154,3905,洗剤,せんざい,せんざい○,,detergent,N,初級2,15,2
2338,3904,出す　（水を出す）,だす　（みずをだす）,だ↓す　（みずをだ↓す）,,to run　(e.g. use water / turn the tap on),V［1］,初級2,15,2
2801,3906,止める　（水を止める）,とめる　（みずをとめる）,とめる○　（みずをとめる○）,,to stop　(e.g. stop the water),V［2］,初級2,15,2
3546,3897,分別する,ぶんべつする,ぶんべつする○,,to sort,V［3］,初級2,15,2
3561,3912,ペットボトル,ペットボトル,ペットボ↓トル, ,plastic bottles,N,初級2,15,2
3573,3898,減らす,へらす,へらす○,,to reduce,V［1］,初級2,15,2
3673,3909,マイ～　（マイストロー）,マイ～　（マイストロー）,マイ～　（マイスト↓ロー）,,personal ～　(e.g. a personal straw),,初級2,15,2
3687,3911,マイボトル,マイボトル,マイボ↓トル,,personal bottle ,N,初級2,15,2
3742,3903,まとめる,まとめる,まとめる○,,to gather,V［2］,初級2,15,2
3896,3910,持ち歩く,もちあるく,もちある↓く／もちあるく○,,to carry,V［1］,初級2,15,2
3909,3901,もったいない,もったいない,もったいな↓い,　,wasteful,イA,初級2,15,2
4112,3895,リサイクルする,リサイクルする,リサ↓イクルする,,to recycle,V［3］,初級2,15,2
137,3961,アルミ製品,アルミせいひん,アルミせ↓いひん,,aluminum items,N,初級2,15,3
316,3942,植木,うえき,うえき○,,plants,N,初級2,15,3
416,3943,枝,えだ,えだ○,,branches,N,初級2,15,3
802,3965,家具,かぐ,か↓ぐ,,furniture,N,初級2,15,3
861,3938,固める,かためる,かためる○,,to solidify,V［2］,初級2,15,3
884,3963,家電製品,かでんせいひん,かでんせ↓いひん,,electric appliances,N,初級2,15,3
895,3933,可燃ごみ,かねんごみ,かね↓んごみ,,burnable waste,N,初級2,15,3
918,3930,紙パック,かみパック,かみパ↓ック,,drink cartons,N,初級2,15,3
939,3958,ガラス,ガラス,ガラス○,,glass,N,初級2,15,3
986,3956,乾電池,かんでんち,かんで↓んち,,dry cell battery,N,初級2,15,3
1015,3955,危険,きけん,きけん○,,danger,N,初級2,15,3
1070,3927,キャップ,キャップ,キャップ○,,(plastic bottle) tops,N,初級2,15,3
1098,3967,牛乳パック,ぎゅうにゅうパック,ぎゅうにゅうパ↓ック,,milk carton,N,初級2,15,3
1108,3946,凝固剤,ぎょうこざい,ぎょうこざい○／ぎょうこ↓ざい,,coagulant,N,初級2,15,3
1124,3931,切り開く,きりひらく,きりひら↓く,,to cut open,V［1］,初級2,15,3
1150,3962,金属,きんぞく,き↓んぞく,,metals,N,初級2,15,3
1528,3940,再生（する）,さいせい（する）,さいせい（する）○,,(to) recycle / regenerate,N/V［3］,初級2,15,3
1570,3924,雑誌,ざっし,ざっし○,,magazine,N,初級2,15,3
1643,3913,資源,しげん,し↓げん,,recyclables,N,初級2,15,3
1644,3918,資源ごみ,しげんごみ,しげ↓んごみ,,recyclable waste,N,初級2,15,3
1701,3922,しばる,しばる,しば↓る,,to tie,V［1］,初級2,15,3
1708,3937,しみこませる,しみこませる,しみこませ↓る,,to soak up,V［2］,初級2,15,3
1771,3917,収集日,しゅうしゅうび,しゅうしゅ↓うび,,collection day,N,初級2,15,3
1778,3916,集積所,しゅうせきじょ,しゅうせきじょ○／しゅうせきじょ↓,,collection point,N,初級2,15,3
1833,3919,～種類　（4種類）,～しゅるい　（よんしゅるい）,～しゅ↓るい　（よんしゅ↓るい）,,～ type(s)　(e.g. four types),,初級2,15,3
1896,3941,少量,しょうりょう,しょうりょ↓う／しょうりょう○,,small quantity,N,初級2,15,3
1915,3932,食品トレイ,しょくひんトレイ,しょくひんト↓レイ,,food trays,N,初級2,15,3
1950,3966,寝具,しんぐ,し↓んぐ,,bedding,N,初級2,15,3
1973,3923,新聞,しんぶん,しんぶん○,,newspaper,N,初級2,15,3
2222,3964,粗大ごみ,そだいごみ,そだ↓いごみ,,large waste,N,初級2,15,3
2332,3915,出し方,だしかた,だしか↓た,,how to put out,N,初級2,15,3
2515,3968,使い切る,つかいきる,つかいき↓る,,to use up,V［1］,初級2,15,3
2517,3945,使い古し,つかいふるし,つかいふるし○,,used,N,初級2,15,3
2547,3954,包む,つつむ,つつ↓む,,to wrap up,V［1］,初級2,15,3
2551,3929,つぶす　,つぶす,つぶす○,,to break down,V［1］,初級2,15,3
2645,3960,電球,でんきゅう,でんきゅう○,,light bulbs,N,初級2,15,3
2699,3959,陶磁器,とうじき,とうじ↓き,,ceramics,N,初級2,15,3
2867,3925,中身,なかみ,なか↓み,,content,N,初級2,15,3
2904,3934,生ごみ,なまごみ,なま↓ごみ,,food waste,N,初級2,15,3
3051,3936,布,ぬの,ぬの○,,cloths,N,初級2,15,3
3130,3944,葉,は,は○,,leaves,N,初級2,15,3
3243,3951,発泡スチロール,はっぽうスチロール,はっぽうスチロ↓ール,,styrofoam,N,初級2,15,3
3266,3957,刃物,はもの,は↓もの,,knives,N,初級2,15,3
3384,3947,ビニール,ビニール,ビニ↓ール,,vinyl,N,初級2,15,3
3388,3921,ひも,ひも,ひも○,,string,N,初級2,15,3
3425,3926,びん,びん,び↓ん,,bottle,N,初級2,15,3
3504,3952,不燃ごみ,ふねんごみ,ふね↓んごみ,,non-burnable waste,N,初級2,15,3
3512,3939,プラスチック,プラスチック,プラスチ↓ック,,plastic,N,初級2,15,3
3776,3935,水を切る,みずをきる,みずをき↓る,,to dry,V［1］,初級2,15,3
3888,3969,燃える　（燃えるごみ）,もえる　（もえるごみ）,もえる○　（もえるごみ↓）,,burnable　(e.g. burnable waste),V［2］,初級2,15,3
4028,3950,容器,ようき,よ↓うき,,container,N,初級2,15,3
4105,3949,ラップ,ラップ,ラップ○,,cellophane wrap,N,初級2,15,3
4106,3928,ラベル,ラベル,ラベル○／ラ↓ベル,,label,N,初級2,15,3
4149,3948,～類　（ビニール類）,～るい　（ビニールるい）,～るい　（ビニール↓るい）,,type(s) of 〜　(e.g. types of vinyl),,初級2,15,3
4222,3914,分け方,わけかた,わけか↓た,,how to separate,N,初級2,15,3
4223,3920,分ける,わける,わけ↓る,,to separate,V［2］,初級2,15,3
4243,3953,割れる,われる,われる○,,to break,V［2］,初級2,15,3
475,3973,大きさ,おおきさ,おおきさ○,　,size,N,初級2,15,4
1622,3974,シール,シール,シ↓ール,,sticker,N,初級2,15,4
2223,3972,粗大ごみ受付センター,そだいごみうけつけセンター,そだ↓いごみ△うけつけセ↓ンター,,bulky garbage reception center,N,初級2,15,4
2339,3971,出す　（ごみを出す）,だす　（ごみをだす）,だ↓す　（ごみ↓をだ↓す）,,to put out　(e.g. put out trash),V［1］,初級2,15,4
2836,3970,取る,とる,と↓る,,to take off / to peel of,V［1］,初級2,15,4
3280,3975,貼る,はる,はる○,,to paste,V［1］,初級2,15,4
146,3995,あわてる,あわてる,あわてる○,,to panic,V［2］,初級2,16,1
149,4008,安全（な）,あんぜん（な）,あんぜん（な）○,,safe,ナA,初級2,16,1
192,4012,伊豆諸島,いずしょとう,いずしょ↓とう,,Izu Islands,N,初級2,16,1
483,3981,大雪,おおゆき,おおゆき○, ,heavy snow,N,初級2,16,1
538,3983,起こる　（地震が起こる）,おこる　（じしんがおこる）,おこ↓る　（じしんがおこ↓る）,,to occur　(e.g. an earthquake occurs),V［1］,初級2,16,1
587,3996,落ち着く,おちつく,おちつく○,,to be calm,V［1］,初級2,16,1
735,4001,海岸,かいがん,かいがん○,,coast,N,初級2,16,1
763,4025,海底,かいてい,かいてい○,,bottom of the ocean,N,初級2,16,1
784,4015,係員,かかりいん,かかり↓いん,,attendant,N,初級2,16,1
788,4033,香川,かがわ,か↓がわ,,Kagawa,N,初級2,16,1
803,4023,家具,かぐ,か↓ぐ,,furniture,N,初級2,16,1
810,4000,確認する,かくにんする,かくにんする○,,to check,V［3］,初級2,16,1
811,3994,隠れる,かくれる,かくれ↓る,,to take cover,V［2］,初級2,16,1
823,3980,火災,かさい,かさい○,,fire,N,初級2,16,1
832,3979,火事,かじ,か↓じ,,fire,N,初級2,16,1
836,3985,火事になる,かじになる,か↓じにな↓る,,to turn into a fire,V［1］,初級2,16,1
927,4009,～から～にかけて,～から～にかけて,～から～にか↓けて,,from ～ to ～,,初級2,16,1
976,4035,感じる,かんじる,かんじる○,,to feel,V［2］,初級2,16,1
989,4010,関東（地方）,かんとう（ちほう）,か↓んとう／かんとうち↓ほう,,Kanto (region),N,初級2,16,1
1120,4014,局地的に,きょくちてきに,きょくちてきに○,,in a certain area,,初級2,16,1
1141,4034,近畿地方,きんきちほう,きんきち↓ほう,,Kinki region,N,初級2,16,1
1142,4027,緊急地震速報,きんきゅうじしんそくほう,きんきゅうじしんそ↓くほう,,earthquake early warning,N,初級2,16,1
1143,3989,緊急速報,きんきゅうそくほう,きんきゅうそ↓くほう,,emergency report,N,初級2,16,1
1225,4021,警戒する,けいかいする,けいかいする○,,to exercise caution,V［3］,初級2,16,1
1321,3997,行動する,こうどうする,こうどうする○,,to act,V［3］,初級2,16,1
1514,3976,災害,さいがい,さいがい○,,disaster,N,初級2,16,1
1525,3999,最新,さいしん,さいしん○,,latest,N,初級2,16,1
1630,4028,滋賀,しが,し↓が,,Shiga,N,初級2,16,1
1652,4016,指示,しじ,し↓じ,,instructions,N,初級2,16,1
1655,3978,地震,じしん,じしん○,,earthquake,N,初級2,16,1
1666,4017,従う　（指示に従う）,したがう　（しじにしたがう）,したがう○　（し↓じにしたがう）,,to follow　(e.g. follow instructions),V［1］,初級2,16,1
1895,4002,上陸する,じょうりくする,じょうりくする○,,to land,V［3］,初級2,16,1
1951,4024,震源,しんげん,しんげん○,,seismic center,N,初級2,16,1
2119,4006,絶対に,ぜったいに,ぜったいに○, ,at any cost,,初級2,16,1
2301,3977,台風,たいふう,たいふ↓う,,typhoon,N,初級2,16,1
2311,3991,倒れる,たおれる,たおれ↓る,,to fall down,V［2］,初級2,16,1
2437,3993,近づく,ちかづく,ちかづく○／ちかづ↓く,,to approach,V［1］,初級2,16,1
2550,3982,津波,つなみ,つなみ○,,tsunami,N,初級2,16,1
2559,3987,積もる　（雪が積もる）,つもる　（ゆきがつもる）,つも↓る　（ゆき↓が　つも↓る）,,to pile up　(e.g. snow piles up),V［1］,初級2,16,1
2634,3998,出る　（外に出る）,でる　（そとにでる）,で↓る　（そ↓とに　で↓る）,,to leave / to go out　(e.g. go outside),V［2］,初級2,16,1
2690,4013,東海,とうかい,とうかい○,,Tokai (region),N,初級2,16,1
2759,4018,年寄り／お年寄り,としより／おとしより,としよ↓り／おとしより○,,elderly,N,初級2,16,1
3025,3988,ニュース,ニュース,ニュ↓ース,　,news,N,初級2,16,1
3088,4026,～のおそれがある,～のおそれがある,～のおそれ↓があ↓る,,there is a threat of ～,,初級2,16,1
3178,4004,激しい,はげしい,はげし↓い,,strong,イA,初級2,16,1
3259,3992,離れる,はなれる,はなれ↓る,,to move away,V［2］,初級2,16,1
3331,3986,火が出る,ひがでる,ひ↓がで↓る,,to catch fire / to be on fire,V［2］,初級2,16,1
3353,4003,非常に,ひじょうに,ひじょうに○,,extremely,,初級2,16,1
3383,3990,避難する,ひなんする,ひ↓なんする,,to evacuate / to take shelter,V［3］,初級2,16,1
3403,4029,兵庫,ひょうご,ひょ↓うご,,Hyogo,N,初級2,16,1
3468,4030,福井,ふくい,ふ↓くい,,Fukui,N,初級2,16,1
3750,4022,守る　（身を守る）,まもる　（みをまもる）,まも↓る　（みをまも↓る）,,to protect　(e.g. protect oneself),V［1］,初級2,16,1
3762,4031,三重,みえ,み↓え,,Mie,N,初級2,16,1
3767,4011,見込み,みこみ,みこみ○,,expected (to),N,初級2,16,1
3982,4007,やめる,やめる,やめる○,,to stop,V［2］,初級2,16,1
3995,4019,優先,ゆうせん,ゆうせん○,,priority,N,初級2,16,1
4022,4020,揺れ,ゆれ,ゆれ○,,shake,N,初級2,16,1
4023,3984,揺れる,ゆれる,ゆれる○,,to shake,V［2］,初級2,16,1
4033,4005,様子,ようす,ようす○,,what is happening,N,初級2,16,1
4215,4032,和歌山,わかやま,わか↓やま,,Wakayama,N,初級2,16,1
46,4042,開ける,あける,あける○,,to open,V［2］,初級2,16,2
92,4048,集まる,あつまる,あつま↓る,,to get together,V［1］,初級2,16,2
150,4081,安全ピン,あんぜんピン,あんぜ↓んピン,,safety pin,N,初級2,16,2
545,4061,おさまる　（揺れがおさまる）,おさまる　（ゆれがおさまる）,おさま↓る　（ゆれがおさま↓る）,,to stop　(e.g. the shaking has stopped),V［1］,初級2,16,2
753,4063,開始する,かいしする,かいしする○,,to start,V［3］,初級2,16,2
824,4058,火災報知器,かさいほうちき,かさいほうち↓き,,fire alarm,N,初級2,16,2
904,4040,かぶる　（ヘルメットをかぶる）,かぶる　（ヘルメットをかぶる）,かぶ↓る　（ヘ↓ルメットを　かぶ↓る）,,to wear　(e.g. wear a helmet),V［1］,初級2,16,2
1005,4092,消える,きえる,きえる○,,to extinguish,V［2］,初級2,16,2
1178,4057,口に当てる,くちにあてる,くちにあてる○,,to put over one's mouth,V［2］,初級2,16,2
1247,4044,消す　（火を消す）,けす　（ひをけす）,けす○　（ひ↓を　けす○）,,to extinguish　(e.g. extinguish a fire),V［1］,初級2,16,2
1256,4072,煙,けむり,けむり○,,smoke,N,初級2,16,2
1257,4071,煙体験,けむりたいけん,けむりた↓いけん,,smoke simulation,N,初級2,16,2
1335,4078,声,こえ,こ↓え,,voice / call,N,初級2,16,2
1337,4079,声をかけ合う,こえをかけあう,こ↓えを　かけあ↓う,,to speak to each other,V［1］,初級2,16,2
1414,4065,～ごと　（チームごと）,～ごと　（チームごと）,～ご↓と　（チームご↓と）,,each ～　(e.g. each team),,初級2,16,2
1543,4085,先,さき,さき○,,tip,N,初級2,16,2
1580,4090,左右,さゆう,さ↓ゆう,,right and left,N,初級2,16,2
1659,4053,姿勢,しせい,しせい○,,posture / position,N,初級2,16,2
1725,4055,しゃがむ,しゃがむ,しゃがむ○,,to crouch,V［1］,初級2,16,2
1800,4073,充満する,じゅうまんする,じゅうまんする○,,to fill,V［3］,初級2,16,2
1852,4067,消火器,しょうかき,しょうか↓き,,fire extinguisher,N,初級2,16,2
1854,4045,消火する,しょうかする,しょうかする○,,to put out fire,V［3］,初級2,16,2
1889,4046,消防署,しょうぼうしょ,しょうぼうしょ○／しょうぼうしょ↓,,fire station / fire department,N,初級2,16,2
1900,4066,初期消火,しょきしょうか,しょきしょ↓うか,,extinguishing a fire in the early stages,N,初級2,16,2
1932,4052,知らせる,しらせる,しらせる○,,to inform,V［2］,初級2,16,2
1970,4060,震度,しんど,し↓んど,,earthquake intensity,N,初級2,16,2
1987,4077,吸う　（煙を吸う）,すう　（けむりをすう）,すう○　（けむりをすう○）,,to breath   (e.g. breath smoke),V［1］,初級2,16,2
2025,4075,進む,すすむ,すすむ○,,to move forward,V［1］,初級2,16,2
2458,4076,注意点,ちゅういてん,ちゅうい↓てん,,things to pay attention to,N,初級2,16,2
2649,4050,点呼する,てんこする,て↓んこする,,to call the roll,V［3］,初級2,16,2
2676,4041,ドア,ドア,ド↓ア, ,door,N,初級2,16,2
2762,4087,途中,とちゅう,とちゅう○,,middle,N,初級2,16,2
2864,4064,中庭,なかにわ,なかにわ○,,courtyard,N,初級2,16,2
2909,4049,並ぶ,ならぶ,ならぶ○,,to line up,V［1］,初級2,16,2
2914,4059,鳴る,なる,なる○,,to ring / to sound,V［1］,初級2,16,2
2953,4088,握る,にぎる,にぎる○,,to take hold,V［1］,初級2,16,2
2956,4068,逃げ遅れる,にげおくれる,にげおくれ↓る／にげおくれる○,,to fail to escape,V［2］,初級2,16,2
2957,4074,逃げる,にげる,にげ↓る,,to escape,V［2］,初級2,16,2
3048,4084,抜く,ぬく,ぬく○,,to pull,V［1］,初級2,16,2
3076,4091,狙う,ねらう,ねらう○,,to aim at,V［1］,初級2,16,2
3291,4056,ハンカチ,ハンカチ,ハンカチ○／ハンカ↓チ,,handkerchief,N,初級2,16,2
3316,4043,火,ひ,ひ↓,,fire,N,初級2,16,2
3340,4054,低くする,ひくくする,ひく↓くする,,to lower,V［3］,初級2,16,2
3371,4069,一つ一つ,ひとつひとつ,ひとつひと↓つ,,one by one,,初級2,16,2
3379,4062,避難,ひなん,ひ↓なん,,evacuation,N,初級2,16,2
3381,4037,避難訓練,ひなんくんれん,ひなんく↓んれん,,evacuation drill,N,初級2,16,2
3392,4047,119番,ひゃくじゅうきゅうばん,ひゃくじゅうきゅ↓うばん,,phone number 119,N,初級2,16,2
3397,4094,～秒　（20秒）,～びょう　（にじゅうびょう）,～びょう　（にじゅ↓うびょう）,,～ second(s)　(e.g. 20 seconds),,初級2,16,2
3545,4089,噴射する,ふんしゃする,ふんしゃする○,,to spray,V［3］,初級2,16,2
3576,4039,ヘルメット,ヘルメット,ヘ↓ルメット／ヘルメ↓ット,,helmet,N,初級2,16,2
3600,4051,報告する,ほうこくする,ほうこくする○,,to report,V［3］,初級2,16,2
3602,4036,防災訓練,ぼうさいくんれん,ぼうさいく↓んれん,,emergency drill,N,初級2,16,2
3603,4038,防災頭巾,ぼうさいずきん,ぼうさいず↓きん,,protective hood,N,初級2,16,2
3608,4083,ホース,ホース,ホ↓ース,,hose,N,初級2,16,2
3793,4070,見て回る,みてまわる,み↓てまわる,,to look around,V［1］,初級2,16,2
3826,4086,向ける,むける,むける○,,to direct at,V［2］,初級2,16,2
3856,4093,～m　（4m）,～メートル　（よんメートル）,～メ↓ートル　（よんメ↓ートル）, ,～ meter(s)　(e.g. 4 meters),,初級2,16,2
4006,4080,床,ゆか,ゆか○,,floor,N,初級2,16,2
4169,4082,レバー,レバー,レ↓バー,,lever,N,初級2,16,2
109,4103,危ない,あぶない,あぶない○／あぶな↓い,　,dangerous,イA,初級2,16,3
513,4105,屋外,おくがい,おく↓がい,,outdoors,N,初級2,16,3
593,4096,落ちる,おちる,おち↓る,,to fall,V［2］,初級2,16,3
844,4099,ガスコンロ,ガスコンロ,ガスコ↓ンロ,,stove burner,N,初級2,16,3
940,4106,ガラス,ガラス,ガラス○,　,glass,N,初級2,16,3
977,4095,感じる,かんじる,かんじる○,,to feel,V［2］,初級2,16,3
2653,4101,天井,てんじょう,てんじょう○,,ceiling,N,初級2,16,3
2779,4102,届く,とどく,とど↓く,,to reach,V［1］,初級2,16,3
3361,4100,～必要がある／ない,～ひつようがある／ない,～ひつようがあ↓る／な↓い,,it is necessary to ～ / it is not necessary to ～,,初級2,16,3
3726,4104,町中,まちなか,まちなか○, ,on the street,N,初級2,16,3
3842,4098,無理をする,むりをする,む↓りをする,,to force oneself,V［3］,初級2,16,3
4008,4097,ゆがむ,ゆがむ,ゆがむ○,,to get distorted,V［1］,初級2,16,3
391,4107,影響,えいきょう,えいきょう○,,impact,N,初級2,16,4
762,4120,懐中電灯,かいちゅうでんとう,かいちゅうで↓んとう,,torch,N,初級2,16,4
842,4112,ガス,ガス,ガ↓ス,,gas,N,初級2,16,4
849,4137,仮設,かせつ,かせつ○,,temporary,N,初級2,16,4
1086,4115,給水車,きゅうすいしゃ,きゅうす↓いしゃ,,water tank truck,N,初級2,16,4
1486,4130,今回,こんかい,こ↓んかい, ,this time,N,初級2,16,4
1782,4126,充電（する）,じゅうでん（する）,じゅうでん（する）○,,(to) charge,N/V［3］,初級2,16,4
1857,4127,小学校,しょうがっこう,しょうが↓っこう,,elementary school,N,初級2,16,4
1927,4129,ショップ,ショップ,ショップ○／ショ↓ップ,　,shop,N,初級2,16,4
2187,4128,総合福祉センター,そうごうふくしセンター,そうごうふくしセ↓ンター,,general welfare center,N,初級2,16,4
2319,4116,炊き出し,たきだし,たきだし○,,emergency food distribution,N,初級2,16,4
2411,4108,断水する,だんすいする,だんすいする○,,to have a water outage ,V［3］,初級2,16,4
2505,4113,通行止め,つうこうどめ,つうこうどめ○,,road closed,N,初級2,16,4
2545,4135,続く,つづく,つづく○,,to continue,V［1］,初級2,16,4
2581,4110,停電する,ていでんする,ていでんする○,,to have a power outage,V［3］,初級2,16,4
2642,4111,電気,でんき,で↓んき,,electricity,N,初級2,16,4
2799,4109,止まる　（水が止まる）,とまる　（みずがとまる）,とまる○　（みずがとまる○）,,to stop　(e.g. the water has stopped),V［1］,初級2,16,4
3071,4124,寝袋,ねぶくろ,ねぶ↓くろ／ねぶくろ○,,sleeping bag,N,初級2,16,4
3272,4134,早め,はやめ,はやめ○,,ahead of time,N,初級2,16,4
3352,4119,非常食,ひじょうしょく,ひじょ↓うしょく,,emergency food,N,初級2,16,4
3364,4117,必要（な）,ひつよう（な）,ひつよう（な）○,,necessary,ナA,初級2,16,4
3375,4132,一人暮らし,ひとりぐらし,ひとりぐ↓らし,,living alone,N,初級2,16,4
3382,4114,避難所,ひなんじょ,ひなんじょ○／ひなんじょ↓,,evacuation center,N,初級2,16,4
3649,4125,ポリタンク,ポリタンク,ポリタ↓ンク,,plastic container,N,初級2,16,4
3770,4118,水,みず,みず○,,water ,N,初級2,16,4
3887,4123,毛布,もうふ,も↓うふ,,blanket,N,初級2,16,4
3922,4133,戻る,もどる,もど↓る,,to come back,V［1］,初級2,16,4
4029,4136,容器,ようき,よ↓うき,,container,N,初級2,16,4
4102,4122,ラジオ,ラジオ,ラ↓ジオ,,radio,N,初級2,16,4
4171,4131,レベル,レベル,レベル○／レ↓ベル,,level,N,初級2,16,4
4185,4121,ろうそく,ろうそく,ろうそ↓く,,candle,N,初級2,16,4
19,4159,アウトドア用品,アウトドアようひん,アウトドアよ↓うひん,,outdoor goods,N,初級2,16,5
295,4170,インスタント食品,インスタントしょくひん,インスタントしょ↓くひん,,instant food,N,初級2,16,5
317,4151,ウェットティッシュ,ウェットティッシュ,ウェットティ↓ッシュ,,wet wipes,N,初級2,16,5
672,4155,おむつ,おむつ,おむ↓つ,,diaper,N,初級2,16,5
747,4168,外国人登録証,がいこくじんとうろくしょう,がいこくじんとうろくしょう○,,alien registration card,N,初級2,16,5
845,4157,ガスボンベ,ガスボンベ,ガスボ↓ンベ,,gas cylinder,N,初級2,16,5
848,4160,かぜ薬,かぜぐすり,かぜぐ↓すり,,cold medication,N,初級2,16,5
985,4169,缶づめ,かんづめ,かんづ↓め,,canned food,N,初級2,16,5
1031,4144,貴重品,きちょうひん,きちょうひん○,,valuables,N,初級2,16,5
1134,4142,切れる　（賞味期限が切れる）,きれる　（しょうみきげんがきれる）,きれ↓る　（しょうみき↓げんが　きれ↓る）,,to expire / to pass　(e.g. the expiration date has passed),V［2］,初級2,16,5
1135,4143,切れる　（電池が切れる）,きれる　（でんちがきれる）,きれ↓る　（で↓んちが　きれ↓る）,,to run out　(e.g. the battery has run out),V［2］,初級2,16,5
1234,4146,携帯ラジオ,けいたいラジオ,けいたいラ↓ジオ,,portable radio,N,初級2,16,5
1267,4164,現金,げんきん,げんき↓ん,,cash,N,初級2,16,5
1271,4167,健康保険証,けんこうほけんしょう,けんこうほけんしょう○,,health insurance card,N,初級2,16,5
1423,4154,粉ミルク,こなミルク,こなミ↓ルク,,powdered milk,N,初級2,16,5
1667,4149,下着,したぎ,したぎ○,,underwear,N,初級2,16,5
1858,4141,使用期限,しようきげん,しようき↓げん,,expiration date,N,初級2,16,5
1878,4162,消毒液,しょうどくえき,しょうどく↓えき,,antiseptic solution,N,初級2,16,5
1891,4140,賞味期限,しょうみきげん,しょうみき↓げん,,best-before date,N,初級2,16,5
2092,4148,生活（する）,せいかつ（する）,せいかつ（する）○,,(to) live,N/V［3］,初級2,16,5
2104,4150,生理用品,せいりようひん,せいりよ↓うひん,,menstrual hygiene products,N,初級2,16,5
2325,4156,卓上コンロ,たくじょうコンロ,たくじょうコ↓ンロ,,tabletop stove,N,初級2,16,5
2439,4138,力,ちから,ちから↓／ちか↓ら,,force,N,初級2,16,5
2516,4153,使い捨てカイロ,つかいすてカイロ,つかいすてカ↓イロ,,disposable heating pad,N,初級2,16,5
2660,4145,電灯,でんとう,でんとう○,,electrical light,N,初級2,16,5
2900,4158,なべ,なべ,な↓べ,,pot,N,初級2,16,5
3206,4166,パスポート,パスポート,パスポ↓ート,,passport,N,初級2,16,5
3298,4161,ばんそうこう,ばんそうこう,ばんそうこう○,,adhesive bandage / band-aid,N,初級2,16,5
3354,4147,非常持ち出し品,ひじょうもちだしひん,ひじょうもちだしひん○,,items to take in an emergency,N,初級2,16,5
3898,4139,持ち出す,もちだす,もちだす○／もちだ↓す,,to take out,V［1］,初級2,16,5
3925,4163,モバイルバッテリー,モバイルバッテリー,モバイルバ↓ッテリー,,portable charger,N,初級2,16,5
4043,4165,預金通帳,よきんつうちょう,よきんつ↓うちょう,,bank account passbook,N,初級2,16,5
4096,4152,ライター,ライター,ラ↓イター,,lighter,N,初級2,16,5
12,4185,アイディア,アイディア,ア↓イディア,,idea,N,初級2,17,1
173,4180,～以外　（仕事以外）,～いがい　（しごといがい）,～い↓がい　（しごとい↓がい）,,besides ～ / outside of ～　(e.g. outside of work),,初級2,17,1
356,4181,うまい,うまい,うま↓い, ,good at,イA,初級2,17,1
412,4178,SNS,エスエヌエス,エスエヌエ↓ス,,social media (literally social networking service),N,初級2,17,1
492,4175,おかげで,おかげで,おかげで○,,fortunately / thanks to ～,,初級2,17,1
1248,4177,ゲストハウス,ゲストハウス,ゲストハ↓ウス,,guest house,N,初級2,17,1
1507,4172,サークル,サークル,サークル○,,club,N,初級2,17,1
1562,4174,誘う,さそう,さそう○,,to invite,V［1］,初級2,17,1
2142,4184,セリフ,セリフ,セリフ○,,lines,N,初級2,17,1
2816,4182,ドラマ,ドラマ,ドラマ○／ド↓ラマ,　,drama,N,初級2,17,1
3167,4173,入る　（サークルに入る）,はいる　（サークルにはいる）,は↓いる　（サークルには↓いる）,,to join　(e.g. join a circle),V［1］,初級2,17,1
3458,4176,増える,ふえる,ふえ↓る,,to increase,V［2］,初級2,17,1
3643,4183,ほとんど,ほとんど,ほと↓んど,,mostly,,初級2,17,1
3984,4179,やりとり,やりとり,やり↓とり,,communication,N,初級2,17,1
4233,4171,和太鼓,わだいこ,わだ↓いこ,,Japanese drums,N,初級2,17,1
4239,4186,笑う,わらう,わらう○,,to laugh,V［1］,初級2,17,1
1221,4189,苦労する,くろうする,く↓ろうする,,to have hard time,V［3］,初級2,17,2
1721,4190,締め日,しめび,しめ↓び,,accounting deadline,N,初級2,17,2
2260,4187,そろそろ,そろそろ,そ↓ろそろ,,by now,,初級2,17,2
3085,4191,納期,のうき,の↓うき,,delivery deadline,N,初級2,17,2
3093,4188,～のころ　（最初のころ）,～のころ　（さいしょのころ）,～のこ↓ろ　（さいしょのこ↓ろ）,　,around ～　(e.g. around the beginning),,初級2,17,2
975,4196,感謝する,かんしゃする,か↓んしゃする,,to appreciate,V［3］,初級2,17,3
1809,4194,授業,じゅぎょう,じゅ↓ぎょう,,class,N,初級2,17,3
1881,4193,承認する,しょうにんする,しょうにんする○,,to approve,V［3］,初級2,17,3
2805,4192,友だちリクエスト,ともだちリクエスト,ともだちリクエ↓スト,,friend request,N,初級2,17,3
3937,4195,問題,もんだい,もんだい○,　,problem,N,初級2,17,3
357,4226,うまくいく,うまくいく,う↓まくいく, ,to go well,V［1］,初級2,18,1
767,4215,ガイド,ガイド,ガ↓イド, ,guide,N,初級2,18,1
847,4203,稼ぐ　（お金を稼ぐ）,かせぐ　（おかねをかせぐ）,かせ↓ぐ　（おかねをかせ↓ぐ）,,to earn　(e.g. earn money),V［1］,初級2,18,1
995,4224,がんばる,がんばる,がんば↓る,,to work hard,V［1］,初級2,18,1
1018,4223,技術,ぎじゅつ,ぎ↓じゅつ,,technique,N,初級2,18,1
1056,4199,希望,きぼう,きぼう○,,hope / wish,N,初級2,18,1
1193,4225,暮らし,くらし,くらし○,,life,N,初級2,18,1
1197,4210,暮らす,くらす,くらす○,,to live a life,V［1］,初級2,18,1
1253,4205,結婚する,けっこんする,けっこんする○,,to marry / to get married,V［3］,初級2,18,1
1694,4219,自動車,じどうしゃ,じどうしゃ○／じど↓うしゃ, ,automobile,N,初級2,18,1
1773,4201,就職する,しゅうしょくする,しゅうしょくする○,,to get a job in a company,V［3］,初級2,18,1
1894,4197,将来,しょうらい,しょ↓うらい,　,future,N,初級2,18,1
1913,4214,職人,しょくにん,しょくにん○,,craftsperson / artisan,N,初級2,18,1
1948,4207,進学する,しんがくする,しんがくする○,,to go on to higher education,V［3］,初級2,18,1
2036,4211,ずっと,ずっと,ずっと○,,forever,,初級2,18,1
2080,4212,住む,すむ,す↓む,,to live,V［1］,初級2,18,1
2101,4220,整備,せいび,せ↓いび,,maintenance,N,初級2,18,1
2226,4229,卒業する,そつぎょうする,そつぎょうする○,,to graduate,V［3］,初級2,18,1
2233,4222,そのために,そのために,そのため↓に,,to accomplish that,,初級2,18,1
2358,4206,建てる　（家を建てる）,たてる　（いえをたてる）,たて↓る　（いえ↓を　たて↓る）,,to build　(e.g. build a house),V［2］,初級2,18,1
2487,4204,貯金する,ちょきんする,ちょきんする○,,to save money,V［3］,初級2,18,1
2511,4216,通訳,つうやく,つ↓うやく,,interpreter,N,初級2,18,1
2540,4200,作る　（会社を作る）,つくる　（かいしゃをつくる）,つく↓る　（かいしゃをつく↓る）,,to make / to start　(e.g. start a company),V［1］,初級2,18,1
2915,4218,なる　（職人になる）,なる　（しょくにんになる）,な↓る　（しょくにんにな↓る）,,to become　(e.g. become a professional),V［1］,初級2,18,1
3012,4217,日本語教師,にほんごきょうし,にほんごきょ↓うし,,Japanese language teacher,N,初級2,18,1
3127,4209,のんびり,のんびり,のんび↓り, ,in a relaxed manner,,初級2,18,1
3214,4213,働く,はたらく,はたらく○,,to work,V［1］,初級2,18,1
3421,4231,広げる,ひろげる,ひろげる○,,to expand,V［2］,初級2,18,1
3563,4230,別の,べつの,べつの○,,another ～,,初級2,18,1
3757,4227,周りの人,まわりのひと,まわりのひと↓,,the people around oneself,N,初級2,18,1
3908,4202,持つ　（店を持つ）,もつ　（みせをもつ）,も↓つ　（みせ↓を　も↓つ）,,to have　(e.g. have one's own shop),V［1］,初級2,18,1
3956,4221,役に立つ,やくにたつ,やく↓にた↓つ,　,useful,V［1］,初級2,18,1
4021,4198,夢,ゆめ,ゆめ↓, ,dream,N,初級2,18,1
4119,4208,留学する,りゅうがくする,りゅうがくする○,,to go abroad to study,V［3］,初級2,18,1
4214,4228,若者,わかもの,わかもの○,,young people,N,初級2,18,1
470,4234,応募する,おうぼする,おうぼする○,,to apply for,V［3］,初級2,18,2
1935,4238,知り合う,しりあう,しりあ↓う,,to become acquainted,V［1］,初級2,18,2
2047,4237,ストレス,ストレス,スト↓レス,　,stress,N,初級2,18,2
2546,4235,続ける,つづける,つづける○,,to continue,V［2］,初級2,18,2
2783,4236,とにかく,とにかく,と↓にかく,,anyhow,,初級2,18,2
3624,4233,募集,ぼしゅう,ぼしゅう○,　,recruiting,N,初級2,18,2
3920,4232,もともと,もともと,もともと○,,originally,,初級2,18,2
1303,4244,工業,こうぎょう,こ↓うぎょう,,industry,N,初級2,18,3
1520,4239,最後,さいご,さ↓いご,　,last,N,初級2,18,3
1681,4243,失敗する,しっぱいする,しっぱいする○,,to make mistakes,V［3］,初級2,18,3
1967,4245,親切にする,しんせつにする,し↓んせつにする,,to be kind to,V［3］,初級2,18,3
2341,4246,助ける,たすける,たすけ↓る,,to help,V［2］,初級2,18,3
3194,4241,～始める　（働き始める）,～はじめる　（はたらきはじめる）,～はじめ↓る　（はたらきはじめ↓る）,,to start ～　(e.g.start working),V［2］,初級2,18,3
3369,4240,ひとこと,ひとこと,ひと↓こと,,a word,N,初級2,18,3
3558,4242,下手（な）,へた（な）,へた↓（な）,,not good at,ナA,初級2,18,3
,,幼稚園,ようちえん,,yoochien,Taman kanak-kanak,N,Custom 1,,
,,保育園,ほいくえん,,hoikuen,Penitipan anak (daycare),N,Custom 1,,
,,認定こども園,にんていこどもえん,,ninteekodomoen,Kodomo-en terakreditasi (gabungan TK dan daycare),N,Custom 1,,
,,入園,にゅうえん,,nyuuen,Masuk TK (penerimaan),N,Custom 1,,
,,入園願書,にゅうえんがんしょ,,nyuuegansho,Formulir pendaftaran,N,Custom 1,,
,,願書提出,がんしょていしゅつ,,ganshoteeshutsu,Pengumpulan formulir,N,Custom 1,,
,,募集要項,ぼしゅうようこう,,boshuuyo-okoo,Panduan pendaftaran,N,Custom 1,,
,,入園説明会,にゅうえんせつめいかい,,nyuuensetsumeekai,Sesi penjelasan masuk TK,N,Custom 1,,
,,見学,けんがく,,kengaku,Kunjungan observasi,N,Custom 1,,
,,体験入園,たいけんにゅうえん,,taikennyuuen,Trial masuk TK,N,Custom 1,,
,,面接,めんせつ,,mensetsu,Wawancara,N,Custom 1,,
,,面談,めんだん,,mendan,Percakapan dengan guru (konsultasi),N,Custom 1,,
,,選考,せんこう,,senkoo,Seleksi,N,Custom 1,,
,,抽選,ちゅうせん,,chuusen,Undian (lotre),N,Custom 1,,
,,合格,ごうかく,,gookaku,Lulus,N,Custom 1,,
,,不合格,ふごうかく,,fugookaku,Tidak lulus,N,Custom 1,,
,,合否通知,ごうひつうち,,goohitsuuchi,Pemberitahuan hasil,N,Custom 1,,
,,入園手続き,にゅうえんてつづき,,nyuuentetsuzuki,Prosedur pendaftaran,N,Custom 1,,
,,必要書類,ひつようしょるい,,hitsuyooshorui,Dokumen yang dibutuhkan,N,Custom 1,,
,,提出書類,ていしゅつしょるい,,teeshutsushorui,Dokumen yang diserahkan,N,Custom 1,,
,,住民票,じゅうみんひょう,,juuminhyoo,Surat domisili (registrasi penduduk),N,Custom 1,,
,,母子健康手帳,ぼしけんこうてちょう,,boshikenkootechoo,Buku Kesehatan Ibu dan Anak,N,Custom 1,,
,,予防接種証明,よぼうせっしゅしょうめい,,yoboosesshushoomee,Bukti imunisasi,N,Custom 1,,
,,健康診断,けんこうしんだん,,kenkooshindan,Pemeriksaan kesehatan,N,Custom 1,,
,,入園金,にゅうえんきん,,nyuuenkin,Biaya pendaftaran,N,Custom 1,,
,,保育料,ほいくりょう,,hoikuryoo,Biaya pendidikan/daycare,N,Custom 1,,
,,施設費,しせつひ,,shisetsuhi,Biaya fasilitas,N,Custom 1,,
,,納付,のうふ,,noofu,Pembayaran,N,Custom 1,,
,,口座振替,こうざふりかえ,,koozafurikae,Debet otomatis rekening,N,Custom 1,,
,,銀行振込,ぎんこうふりこみ,,ginkoofurikomi,Transfer bank,N,Custom 1,,
,,保護者,ほごしゃ,,hogosha,Orang tua/Wali murid,N,Custom 1,,
,,提出期限,ていしゅつきげん,,teeshutsukigen,Batas waktu pengumpulan,N,Custom 1,,
,,締切,しめきり,,shimekiri,Tenggat,N,Custom 1,,
,,定員,ていいん,,teein,Kapasitas,N,Custom 1,,
,,年少,ねんしょう,,nenshoo,Kelas kecil (usia 3–4),N,Custom 1,,
,,年中,ねんちゅう,,nenchuu,Kelas tengah (usia 4–5),N,Custom 1,,
,,年長,ねんちょう,,nenchoo,Kelas besar (usia 5–6),N,Custom 1,,
,,満3歳児,まんさんさいじ,,mansansaiji,Anak genap 3 tahun,N,Custom 1,,
,,慣らし保育,ならしほいく,,narashihoiku,Masa adaptasi (pengenalan),N,Custom 1,,
,,延長保育,えんちょうほいく,,enchoohoiku,Perpanjangan jam asuh,N,Custom 1,,
,,預かり保育,あずかりほいく,,azukarihoiku,Titip anak (aftercare),N,Custom 1,,
,,通園,つうえん,,tsuuen,Pergi ke/pulang dari TK,N,Custom 1,,
,,登園,とうえん,,tooen,Datang ke TK,N,Custom 1,,
,,降園,こうえん,,kooen,Pulang dari TK,N,Custom 1,,
,,通園バス,つうえんバス,,tsuuenbasu,Bus antar jemput TK,N,Custom 1,,
,,バス停,バスてい,,basutee,Halte bus,N,Custom 1,,
,,制服,せいふく,,seefuku,Seragam,N,Custom 1,,
,,体操服,たいそうふく,,taisoofuku,Pakaian olahraga,N,Custom 1,,
,,通園帽,つうえんぼう,,tsuuenboo,Topi TK,N,Custom 1,,
,,お道具箱,おどうぐばこ,,odoogubako,Kotak alat (perlengkapan),N,Custom 1,,
,,名前シール,なまえシール,,namaeshiiru,Stiker nama,N,Custom 1,,
,,連絡帳,れんらくちょう,,renrakuchoo,Buku komunikasi,N,Custom 1,,
,,アレルギー,あれるぎー,,arerugii,Alergi,N,Custom 1,,
,,アレルギー申請,あれるぎーしんせい,,arerugiishinsee,Pengajuan alergi,N,Custom 1,,
,,給食,きゅうしょく,,kyuushoku,Makan siang sekolah,N,Custom 1,,
,,弁当,べんとう,,bentoo,Bekal makan siang,N,Custom 1,,
,,入園オリエンテーション,にゅうえんおりえんてーしょん,,nyuuenorienteeshon,Orientasi masuk,N,Custom 1,,
,,保護者会,ほごしゃかい,,hogoshakai,Pertemuan orang tua,N,Custom 1,,
,,用品注文,ようひんちゅうもん,,yoohinchuumon,Pemesanan perlengkapan,N,Custom 1,,
,,持ち物,もちもの,,mochimono,Barang bawaan,N,Custom 1,,
,,受付,うけつけ,,uketsuke,Penerimaan/pendaftaran,N,Custom 1,,
,,受付時間,うけつけじかん,,uketsukejikan,Jam pendaftaran,N,Custom 1,,
,,願書配布,がんしょはいふ,,ganshohaifu,Pembagian formulir,N,Custom 1,,
,,願書配布開始日,がんしょはいふかいしび,,ganshohaifukaishibi,Tanggal mulai pembagian formulir,N,Custom 1,,
,,入園案内,にゅうえんあんない,,nyuuenannai,Panduan masuk TK,N,Custom 1,,
,,書類不備,しょるいふび,,shoruifubi,Dokumen tidak lengkap,N,Custom 1,,
,,追加提出,ついかていしゅつ,,tsuikateeshutsu,Penyerahan tambahan,N,Custom 1,,
,,すみません,すみません,,sumimasen,Permisi/Maaf,Exp,Custom 1,,
,,失礼します,しつれいします,,shitsureeshimasu,Permisi (masuk/keluar),Exp,Custom 1,,
,,はじめまして,はじめまして,,hajimemashite,Salam kenal,Exp,Custom 1,,
,,よろしくお願いします,よろしくおねがいします,,yoroshiku onegaishimasu,Mohon bantuannya,Exp,Custom 1,,
,,お世話になっております,おせわになっております,,osewa ni natte orimasu,Salam pembuka formal (telepon/email),Exp,Custom 1,,
,,お忙しいところ恐れ入りますが,おいそがしいところおそれいりますが,,oisogashii tokoro osoreirimasu ga,Maaf mengganggu, mohon bantuannya,Exp,Custom 1,,
,,少々お時間よろしいでしょうか,しょうしょうおじかんよろしいでしょうか,,shooshoo ojikan yoroshii deshoo ka,Boleh minta sedikit waktu?,Exp,Custom 1,,
,,入園について伺いたいのですが,にゅうえんについてうかがいたいのですが,,nyuuen ni tsuite ukagaitai no desu ga,Saya ingin menanyakan tentang masuk TK,Exp,Custom 1,,
,,申込方法を教えてください,もうしこみほうほうをおしえてください,,mooshikomi hoohoo o oshiete kudasai,Tolong jelaskan cara pendaftaran,Exp,Custom 1,,
,,必要書類を教えてください,ひつようしょるいをおしえてください,,hitsuyooshorui o oshiete kudasai,Apa saja dokumen yang dibutuhkan?,Exp,Custom 1,,
,,受付期間はいつですか,うけつけきかんはいつですか,,uketsuke kikan wa itsu desu ka,Kapan periode pendaftaran?,Exp,Custom 1,,
,,受付開始日はいつですか,うけつけかいしびはいつですか,,uketsuke kaishibi wa itsu desu ka,Kapan mulai pendaftaran?,Exp,Custom 1,,
,,締切はいつですか,しめきりはいつですか,,shimekiri wa itsu desu ka,Tenggatnya kapan?,Exp,Custom 1,,
,,定員は何名ですか,ていいんはなんめいですか,,teein wa nan mei desu ka,Kuotanya berapa orang?,Exp,Custom 1,,
,,空きはありますか,あきはありますか,,aki wa arimasu ka,Apakah masih ada kuota?,Exp,Custom 1,,
,,空き状況を教えてください,あきじょうきょうをおしえてください,,aki jookyoo o oshiete kudasai,Mohon info ketersediaan,Exp,Custom 1,,
,,募集人数,ぼしゅうにんずう,,boshuuninzoo,Jumlah yang direkrut (kuota),N,Custom 1,,
,,キャンセル待ち,きゃんせるまち,,kyanserumachi,Daftar tunggu,N,Custom 1,,
,,見学の予約をしたいです,けんがくのよやくをしたいです,,kengaku no yoyaku o shitai desu,Saya ingin membuat janji kunjungan,Exp,Custom 1,,
,,予約は必要ですか,よやくはひつようですか,,yoyaku wa hitsuyoo desu ka,Apakah perlu reservasi?,Exp,Custom 1,,
,,予約方法,よやくほうほう,,yoyakuhoohoo,Cara reservasi,N,Custom 1,,
,,予約確認,よやくかくにん,,yoyakukakunin,Konfirmasi reservasi,N,Custom 1,,
,,予約変更,よやくへんこう,,yoyakuhenkoo,Ubah reservasi,N,Custom 1,,
,,予約キャンセル,よやくきゃんせる,,yoyakukyanseru,Batalkan reservasi,N,Custom 1,,
,,当日の持ち物,とうじつのもちもの,,toojitsu no mochimono,Barang yang dibawa pada hari H,N,Custom 1,,
,,当日,とうじつ,,toojitsu,Hari H/hari pelaksanaan,N,Custom 1,,
,,日時,にちじ,,nichiji,Tanggal dan waktu,N,Custom 1,,
,,日程,にってい,,nittee,Jadwal,N,Custom 1,,
,,会場,かいじょう,,kaijoo,Lokasi acara,N,Custom 1,,
,,アクセス,あくせす,,akusesu,Akses,N,Custom 1,,
,,駐車場,ちゅうしゃじょう,,chuushajoo,Parkir,N,Custom 1,,
,,受付場所,うけつけばしょ,,uketsukebasho,Tempat pendaftaran,N,Custom 1,,
,,窓口,まどぐち,,madoguchi,Loket,N,Custom 1,,
,,電話番号,でんわばんごう,,denwabangoo,Nomor telepon,N,Custom 1,,
,,メールアドレス,めーるあどれす,,meeruadoresu,Alamat email,N,Custom 1,,
,,問い合わせ,といあわせ,,toiawase,Pertanyaan/kontak,N,Custom 1,,
,,問い合わせ先,といあわせさき,,toiawasesaki,Kontak tujuan,N,Custom 1,,
,,担当者,たんとうしゃ,,tantoosha,Penanggung jawab,N,Custom 1,,
,,園長,えんちょう,,enchoo,Kepala sekolah TK,N,Custom 1,,
,,事務,じむ,,jimu,Administrasi,N,Custom 1,,
,,申込方法,もうしこみほうほう,,mooshikomihoohoo,Cara pendaftaran,N,Custom 1,,
,,提出方法,ていしゅつほうほう,,teeshutsuhoohoo,Cara penyerahan,N,Custom 1,,
,,郵送提出,ゆうそうていしゅつ,,yuusooteeshutsu,Pengiriman via pos,N,Custom 1,,
,,窓口提出,まどぐちていしゅつ,,madoguchiteeshutsu,Penyerahan di loket,N,Custom 1,,
,,オンライン申請,おんらいんしんせい,,onrainshinsei,Pendaftaran online,N,Custom 1,,
,,オンライン提出,おんらいんていしゅつ,,onrainteeshutsu,Penyerahan online,N,Custom 1,,
,,営業時間,えいぎょうじかん,,eegyoojikan,Jam operasional,N,Custom 1,,
,,平日,へいじつ,,heejitsu,Hari kerja (Senin–Jumat),N,Custom 1,,
,,土日,どにち,,donichi,Sabtu/Minggu,N,Custom 1,,
,,祝日,しゅくじつ,,shukujitsu,Hari libur nasional,N,Custom 1,,
,,費用,ひよう,,hiyoo,Biaya,N,Custom 1,,
,,月謝,げっしゃ,,gessha,Iuran bulanan (SPP),N,Custom 1,,
,,教材費,きょうざいひ,,kyoozaihi,Biaya bahan ajar,N,Custom 1,,
,,給食費,きゅうしょくひ,,kyuushokuhi,Biaya makan siang,N,Custom 1,,
,,バス代,ばすだい,,basudai,Biaya bus,N,Custom 1,,
,,兄弟割引,きょうだいわりびき,,kyoodaiwaribiki,Diskon saudara,N,Custom 1,,
,,免除,めんじょ,,menjo,Pembebasan biaya,N,Custom 1,,
,,助成金,じょせいきん,,joseekin,Subsidi,N,Custom 1,,
,,補助金,ほじょきん,,hojokin,Bantuan dana,N,Custom 1,,
,,仮申し込み,かりもうしこみ,,karimooshikomi,Pendaftaran sementara,N,Custom 1,,
,,本申し込み,ほんもうしこみ,,honmooshikomi,Pendaftaran final,N,Custom 1,,
,,受付番号,うけつけばんごう,,uketsukebangoo,Nomor pendaftaran,N,Custom 1,,
,,申込番号,もうしこみばんごう,,mooshikomibangoo,Nomor aplikasi,N,Custom 1,,
,,受付票,うけつけひょう,,uketsukehyoo,Bukti pendaftaran,N,Custom 1,,
,,受領書,じゅりょうしょ,,juryoosho,Tanda terima,N,Custom 1,,
,,結果通知,けっかつうち,,kekkatsuuchi,Pemberitahuan hasil,N,Custom 1,,
,,連絡先,れんらくさき,,renrakusaki,Kontak,N,Custom 1,,
,,折り返し電話,おりかえしでんわ,,orikaeshidenwa,Telepon balik,N,Custom 1,,
,,ご連絡差し上げます,ごれんらくさしあげます,,gorenraku sashiagemasu,Kami akan menghubungi,Exp,Custom 1,,
,,ご確認ください,ごかくにんください,,gokakunin kudasai,Mohon konfirmasinya,Exp,Custom 1,,
,,以上、よろしくお願いいたします,いじょう、よろしくおねがいいたします,,ijoo, yoroshiku onegai itashimasu,Demikian, terima kasih,Exp,Custom 1,,
,,添付書類,てんぷしょるい,,tenpushorui,Dokumen terlampir,N,Custom 1,,
,,原本,げんぽん,,genpon,Dokumen asli,N,Custom 1,,
,,コピー,こぴー,,kopii,Fotokopi,N,Custom 1,,
,,印鑑,いんかん,,inkan,Cap/stempel,N,Custom 1,,
,,身分証明書,みぶんしょうめいしょ,,mibunshoomeisho,Identitas diri,N,Custom 1,,
,,健康保険証,けんこうほけんしょう,,kenkoohokenshoo,Kartu asuransi kesehatan,N,Custom 1,,
,,在留カード,ざいりゅうかーど,,zairyuu kaado,Kartu tinggal,N,Custom 1,,
,,パスポート,ぱすぽーと,,pasupooto,Paspor,N,Custom 1,,
,,所得証明書,しょとくしょうめいしょ,,shotokushoomeisho,Surat keterangan penghasilan,N,Custom 1,,
,,源泉徴収票,げんせんちょうしゅうひょう,,gensenchooshuuhyoo,Bukti potong pajak,N,Custom 1,,
,,住所変更,じゅうしょへんこう,,juushohenkoo,Perubahan alamat,N,Custom 1,,
,,転園,てんえん,,tenen,Pindah TK,N,Custom 1,,
,,入園説明会参加申込,にゅうえんせつめいかいさんかもうしこみ,,nyuuensetsumeekaisankamooshikomi,Pendaftaran ikut sesi penjelasan,N,Custom 1,,
,,託児,たくじ,,takuji,Penitipan anak (saat acara),N,Custom 1,,
,,言語サポート,げんごさぽーと,,gengosapooto,Dukungan bahasa,N,Custom 1,,
,,通訳,つうやく,,tsuuyaku,Penerjemah,N,Custom 1,,
,,英語対応,えいごたいおう,,eegotaioo,Dukungan bahasa Inggris,N,Custom 1,,
,,アレルギー対応,あれるぎーたいおう,,arerugiitaioo,Penanganan alergi,N,Custom 1,,
,,除去食,じょきょしょく,,jokyoshoku,Diet eliminasi (makanan khusus),N,Custom 1,,
,,ハラール対応,はらーるたいおう,,haraarutaioo,Dukungan halal,N,Custom 1,,
